image_path,label,split,label_encoded
data/raw/cifar-10/train/15958.png,cat,train,3
data/raw/cifar-10/train/29989.png,bird,train,2
data/raw/cifar-10/train/25174.png,truck,train,9
data/raw/cifar-10/train/38699.png,frog,train,6
data/raw/cifar-10/train/16045.png,ship,train,8
data/raw/cifar-10/train/26356.png,frog,train,6
data/raw/cifar-10/train/43192.png,ship,train,8
data/raw/cifar-10/train/1031.png,cat,train,3
data/raw/cifar-10/train/10444.png,ship,train,8
data/raw/cifar-10/train/4101.png,automobile,train,1
data/raw/cifar-10/train/30775.png,cat,train,3
data/raw/cifar-10/train/4378.png,frog,train,6
data/raw/cifar-10/train/42130.png,cat,train,3
data/raw/cifar-10/train/3796.png,cat,train,3
data/raw/cifar-10/train/43004.png,ship,train,8
data/raw/cifar-10/train/3784.png,frog,train,6
data/raw/cifar-10/train/42483.png,cat,train,3
data/raw/cifar-10/train/5400.png,dog,train,5
data/raw/cifar-10/train/27820.png,dog,train,5
data/raw/cifar-10/train/36174.png,bird,train,2
data/raw/cifar-10/train/9518.png,horse,train,7
data/raw/cifar-10/train/45358.png,airplane,train,0
data/raw/cifar-10/train/30717.png,automobile,train,1
data/raw/cifar-10/train/21879.png,airplane,train,0
data/raw/cifar-10/train/35735.png,bird,train,2
data/raw/cifar-10/train/47657.png,truck,train,9
data/raw/cifar-10/train/24136.png,cat,train,3
data/raw/cifar-10/train/39025.png,cat,train,3
data/raw/cifar-10/train/44631.png,airplane,train,0
data/raw/cifar-10/train/42361.png,horse,train,7
data/raw/cifar-10/train/10117.png,deer,train,4
data/raw/cifar-10/train/18405.png,deer,train,4
data/raw/cifar-10/train/10024.png,deer,train,4
data/raw/cifar-10/train/22121.png,horse,train,7
data/raw/cifar-10/train/44854.png,dog,train,5
data/raw/cifar-10/train/10540.png,deer,train,4
data/raw/cifar-10/train/30504.png,truck,train,9
data/raw/cifar-10/train/21583.png,deer,train,4
data/raw/cifar-10/train/41944.png,ship,train,8
data/raw/cifar-10/train/35230.png,cat,train,3
data/raw/cifar-10/train/20468.png,ship,train,8
data/raw/cifar-10/train/4336.png,truck,train,9
data/raw/cifar-10/train/26953.png,truck,train,9
data/raw/cifar-10/train/12712.png,bird,train,2
data/raw/cifar-10/train/17577.png,deer,train,4
data/raw/cifar-10/train/14815.png,bird,train,2
data/raw/cifar-10/train/43199.png,ship,train,8
data/raw/cifar-10/train/42609.png,horse,train,7
data/raw/cifar-10/train/28166.png,deer,train,4
data/raw/cifar-10/train/1606.png,automobile,train,1
data/raw/cifar-10/train/2726.png,deer,train,4
data/raw/cifar-10/train/31661.png,frog,train,6
data/raw/cifar-10/train/21436.png,frog,train,6
data/raw/cifar-10/train/44826.png,frog,train,6
data/raw/cifar-10/train/1075.png,cat,train,3
data/raw/cifar-10/train/7805.png,cat,train,3
data/raw/cifar-10/train/44453.png,dog,train,5
data/raw/cifar-10/train/12669.png,airplane,train,0
data/raw/cifar-10/train/35466.png,automobile,train,1
data/raw/cifar-10/train/35366.png,ship,train,8
data/raw/cifar-10/train/43523.png,truck,train,9
data/raw/cifar-10/train/43184.png,ship,train,8
data/raw/cifar-10/train/16113.png,deer,train,4
data/raw/cifar-10/train/37263.png,horse,train,7
data/raw/cifar-10/train/48007.png,dog,train,5
data/raw/cifar-10/train/36059.png,automobile,train,1
data/raw/cifar-10/train/12944.png,cat,train,3
data/raw/cifar-10/train/20464.png,automobile,train,1
data/raw/cifar-10/train/24295.png,automobile,train,1
data/raw/cifar-10/train/21281.png,automobile,train,1
data/raw/cifar-10/train/3543.png,truck,train,9
data/raw/cifar-10/train/8070.png,frog,train,6
data/raw/cifar-10/train/18270.png,bird,train,2
data/raw/cifar-10/train/16774.png,truck,train,9
data/raw/cifar-10/train/39184.png,truck,train,9
data/raw/cifar-10/train/27566.png,horse,train,7
data/raw/cifar-10/train/4719.png,ship,train,8
data/raw/cifar-10/train/32883.png,deer,train,4
data/raw/cifar-10/train/29226.png,airplane,train,0
data/raw/cifar-10/train/47944.png,airplane,train,0
data/raw/cifar-10/train/26496.png,airplane,train,0
data/raw/cifar-10/train/16560.png,airplane,train,0
data/raw/cifar-10/train/41952.png,cat,train,3
data/raw/cifar-10/train/8470.png,horse,train,7
data/raw/cifar-10/train/29393.png,dog,train,5
data/raw/cifar-10/train/34769.png,cat,train,3
data/raw/cifar-10/train/26959.png,dog,train,5
data/raw/cifar-10/train/7302.png,deer,train,4
data/raw/cifar-10/train/17015.png,automobile,train,1
data/raw/cifar-10/train/45523.png,bird,train,2
data/raw/cifar-10/train/46809.png,truck,train,9
data/raw/cifar-10/train/14768.png,ship,train,8
data/raw/cifar-10/train/428.png,automobile,train,1
data/raw/cifar-10/train/10714.png,airplane,train,0
data/raw/cifar-10/train/5738.png,horse,train,7
data/raw/cifar-10/train/30012.png,frog,train,6
data/raw/cifar-10/train/11361.png,truck,train,9
data/raw/cifar-10/train/7855.png,truck,train,9
data/raw/cifar-10/train/6141.png,dog,train,5
data/raw/cifar-10/train/509.png,truck,train,9
data/raw/cifar-10/train/17323.png,cat,train,3
data/raw/cifar-10/train/35679.png,ship,train,8
data/raw/cifar-10/train/27916.png,horse,train,7
data/raw/cifar-10/train/40938.png,deer,train,4
data/raw/cifar-10/train/5628.png,automobile,train,1
data/raw/cifar-10/train/14190.png,truck,train,9
data/raw/cifar-10/train/29844.png,truck,train,9
data/raw/cifar-10/train/16173.png,automobile,train,1
data/raw/cifar-10/train/20558.png,automobile,train,1
data/raw/cifar-10/train/13428.png,deer,train,4
data/raw/cifar-10/train/28354.png,truck,train,9
data/raw/cifar-10/train/48189.png,frog,train,6
data/raw/cifar-10/train/46619.png,deer,train,4
data/raw/cifar-10/train/19902.png,bird,train,2
data/raw/cifar-10/train/9482.png,frog,train,6
data/raw/cifar-10/train/2751.png,horse,train,7
data/raw/cifar-10/train/33312.png,dog,train,5
data/raw/cifar-10/train/48042.png,horse,train,7
data/raw/cifar-10/train/38967.png,dog,train,5
data/raw/cifar-10/train/19256.png,cat,train,3
data/raw/cifar-10/train/19549.png,deer,train,4
data/raw/cifar-10/train/24352.png,airplane,train,0
data/raw/cifar-10/train/44868.png,bird,train,2
data/raw/cifar-10/train/32899.png,horse,train,7
data/raw/cifar-10/train/40648.png,deer,train,4
data/raw/cifar-10/train/26947.png,deer,train,4
data/raw/cifar-10/train/517.png,horse,train,7
data/raw/cifar-10/train/24957.png,frog,train,6
data/raw/cifar-10/train/35775.png,deer,train,4
data/raw/cifar-10/train/9156.png,deer,train,4
data/raw/cifar-10/train/48840.png,truck,train,9
data/raw/cifar-10/train/41945.png,cat,train,3
data/raw/cifar-10/train/22309.png,airplane,train,0
data/raw/cifar-10/train/15729.png,dog,train,5
data/raw/cifar-10/train/48176.png,ship,train,8
data/raw/cifar-10/train/14980.png,ship,train,8
data/raw/cifar-10/train/9286.png,deer,train,4
data/raw/cifar-10/train/30272.png,airplane,train,0
data/raw/cifar-10/train/38724.png,frog,train,6
data/raw/cifar-10/train/25524.png,automobile,train,1
data/raw/cifar-10/train/36190.png,horse,train,7
data/raw/cifar-10/train/41157.png,truck,train,9
data/raw/cifar-10/train/7652.png,cat,train,3
data/raw/cifar-10/train/44460.png,dog,train,5
data/raw/cifar-10/train/2891.png,truck,train,9
data/raw/cifar-10/train/37010.png,bird,train,2
data/raw/cifar-10/train/24803.png,airplane,train,0
data/raw/cifar-10/train/15467.png,airplane,train,0
data/raw/cifar-10/train/44497.png,dog,train,5
data/raw/cifar-10/train/35953.png,airplane,train,0
data/raw/cifar-10/train/2629.png,automobile,train,1
data/raw/cifar-10/train/39787.png,bird,train,2
data/raw/cifar-10/train/24156.png,frog,train,6
data/raw/cifar-10/train/48366.png,bird,train,2
data/raw/cifar-10/train/28492.png,ship,train,8
data/raw/cifar-10/train/32525.png,cat,train,3
data/raw/cifar-10/train/49751.png,truck,train,9
data/raw/cifar-10/train/28001.png,airplane,train,0
data/raw/cifar-10/train/14226.png,cat,train,3
data/raw/cifar-10/train/2022.png,airplane,train,0
data/raw/cifar-10/train/25949.png,horse,train,7
data/raw/cifar-10/train/9695.png,cat,train,3
data/raw/cifar-10/train/9190.png,automobile,train,1
data/raw/cifar-10/train/49123.png,automobile,train,1
data/raw/cifar-10/train/10908.png,dog,train,5
data/raw/cifar-10/train/34926.png,bird,train,2
data/raw/cifar-10/train/1418.png,dog,train,5
data/raw/cifar-10/train/41743.png,automobile,train,1
data/raw/cifar-10/train/48973.png,automobile,train,1
data/raw/cifar-10/train/33729.png,airplane,train,0
data/raw/cifar-10/train/48408.png,deer,train,4
data/raw/cifar-10/train/24551.png,truck,train,9
data/raw/cifar-10/train/10286.png,truck,train,9
data/raw/cifar-10/train/29924.png,cat,train,3
data/raw/cifar-10/train/35041.png,cat,train,3
data/raw/cifar-10/train/596.png,horse,train,7
data/raw/cifar-10/train/45584.png,dog,train,5
data/raw/cifar-10/train/38621.png,cat,train,3
data/raw/cifar-10/train/11454.png,truck,train,9
data/raw/cifar-10/train/35287.png,airplane,train,0
data/raw/cifar-10/train/35924.png,cat,train,3
data/raw/cifar-10/train/10167.png,deer,train,4
data/raw/cifar-10/train/47026.png,truck,train,9
data/raw/cifar-10/train/4669.png,frog,train,6
data/raw/cifar-10/train/28550.png,truck,train,9
data/raw/cifar-10/train/32998.png,deer,train,4
data/raw/cifar-10/train/41617.png,ship,train,8
data/raw/cifar-10/train/19165.png,automobile,train,1
data/raw/cifar-10/train/4646.png,airplane,train,0
data/raw/cifar-10/train/38870.png,deer,train,4
data/raw/cifar-10/train/30951.png,deer,train,4
data/raw/cifar-10/train/37898.png,horse,train,7
data/raw/cifar-10/train/25230.png,frog,train,6
data/raw/cifar-10/train/23207.png,dog,train,5
data/raw/cifar-10/train/45542.png,deer,train,4
data/raw/cifar-10/train/10910.png,frog,train,6
data/raw/cifar-10/train/30086.png,dog,train,5
data/raw/cifar-10/train/44774.png,airplane,train,0
data/raw/cifar-10/train/28055.png,automobile,train,1
data/raw/cifar-10/train/18728.png,bird,train,2
data/raw/cifar-10/train/30189.png,dog,train,5
data/raw/cifar-10/train/7618.png,ship,train,8
data/raw/cifar-10/train/3948.png,frog,train,6
data/raw/cifar-10/train/1467.png,airplane,train,0
data/raw/cifar-10/train/45783.png,deer,train,4
data/raw/cifar-10/train/15249.png,automobile,train,1
data/raw/cifar-10/train/2807.png,dog,train,5
data/raw/cifar-10/train/39188.png,cat,train,3
data/raw/cifar-10/train/35633.png,horse,train,7
data/raw/cifar-10/train/13290.png,airplane,train,0
data/raw/cifar-10/train/10843.png,bird,train,2
data/raw/cifar-10/train/34271.png,airplane,train,0
data/raw/cifar-10/train/49162.png,ship,train,8
data/raw/cifar-10/train/44690.png,deer,train,4
data/raw/cifar-10/train/37449.png,horse,train,7
data/raw/cifar-10/train/14732.png,truck,train,9
data/raw/cifar-10/train/25545.png,automobile,train,1
data/raw/cifar-10/train/18816.png,dog,train,5
data/raw/cifar-10/train/16471.png,dog,train,5
data/raw/cifar-10/train/39579.png,ship,train,8
data/raw/cifar-10/train/34663.png,frog,train,6
data/raw/cifar-10/train/45401.png,deer,train,4
data/raw/cifar-10/train/12778.png,airplane,train,0
data/raw/cifar-10/train/7492.png,frog,train,6
data/raw/cifar-10/train/22601.png,ship,train,8
data/raw/cifar-10/train/21819.png,cat,train,3
data/raw/cifar-10/train/23962.png,truck,train,9
data/raw/cifar-10/train/5450.png,horse,train,7
data/raw/cifar-10/train/19596.png,dog,train,5
data/raw/cifar-10/train/47292.png,ship,train,8
data/raw/cifar-10/train/144.png,frog,train,6
data/raw/cifar-10/train/25783.png,cat,train,3
data/raw/cifar-10/train/15327.png,bird,train,2
data/raw/cifar-10/train/39421.png,cat,train,3
data/raw/cifar-10/train/36448.png,bird,train,2
data/raw/cifar-10/train/31619.png,truck,train,9
data/raw/cifar-10/train/32272.png,ship,train,8
data/raw/cifar-10/train/38976.png,dog,train,5
data/raw/cifar-10/train/47397.png,frog,train,6
data/raw/cifar-10/train/33535.png,dog,train,5
data/raw/cifar-10/train/44942.png,deer,train,4
data/raw/cifar-10/train/44216.png,deer,train,4
data/raw/cifar-10/train/10245.png,cat,train,3
data/raw/cifar-10/train/26473.png,cat,train,3
data/raw/cifar-10/train/34265.png,frog,train,6
data/raw/cifar-10/train/32129.png,cat,train,3
data/raw/cifar-10/train/3371.png,dog,train,5
data/raw/cifar-10/train/44962.png,airplane,train,0
data/raw/cifar-10/train/12509.png,frog,train,6
data/raw/cifar-10/train/40185.png,automobile,train,1
data/raw/cifar-10/train/6648.png,frog,train,6
data/raw/cifar-10/train/32607.png,frog,train,6
data/raw/cifar-10/train/15086.png,truck,train,9
data/raw/cifar-10/train/7880.png,automobile,train,1
data/raw/cifar-10/train/45535.png,frog,train,6
data/raw/cifar-10/train/6460.png,ship,train,8
data/raw/cifar-10/train/7625.png,horse,train,7
data/raw/cifar-10/train/47744.png,truck,train,9
data/raw/cifar-10/train/29183.png,truck,train,9
data/raw/cifar-10/train/19592.png,horse,train,7
data/raw/cifar-10/train/28262.png,truck,train,9
data/raw/cifar-10/train/16041.png,horse,train,7
data/raw/cifar-10/train/3596.png,dog,train,5
data/raw/cifar-10/train/49232.png,horse,train,7
data/raw/cifar-10/train/47160.png,truck,train,9
data/raw/cifar-10/train/15841.png,frog,train,6
data/raw/cifar-10/train/9606.png,dog,train,5
data/raw/cifar-10/train/24805.png,deer,train,4
data/raw/cifar-10/train/35389.png,ship,train,8
data/raw/cifar-10/train/32541.png,ship,train,8
data/raw/cifar-10/train/32380.png,cat,train,3
data/raw/cifar-10/train/49399.png,truck,train,9
data/raw/cifar-10/train/11226.png,truck,train,9
data/raw/cifar-10/train/31435.png,deer,train,4
data/raw/cifar-10/train/20282.png,cat,train,3
data/raw/cifar-10/train/2283.png,deer,train,4
data/raw/cifar-10/train/27658.png,horse,train,7
data/raw/cifar-10/train/13284.png,dog,train,5
data/raw/cifar-10/train/39784.png,dog,train,5
data/raw/cifar-10/train/18443.png,cat,train,3
data/raw/cifar-10/train/32342.png,airplane,train,0
data/raw/cifar-10/train/31514.png,horse,train,7
data/raw/cifar-10/train/14041.png,automobile,train,1
data/raw/cifar-10/train/39855.png,bird,train,2
data/raw/cifar-10/train/42567.png,airplane,train,0
data/raw/cifar-10/train/7891.png,bird,train,2
data/raw/cifar-10/train/2671.png,ship,train,8
data/raw/cifar-10/train/30166.png,automobile,train,1
data/raw/cifar-10/train/43076.png,dog,train,5
data/raw/cifar-10/train/14702.png,frog,train,6
data/raw/cifar-10/train/25706.png,cat,train,3
data/raw/cifar-10/train/8957.png,frog,train,6
data/raw/cifar-10/train/3089.png,truck,train,9
data/raw/cifar-10/train/48020.png,cat,train,3
data/raw/cifar-10/train/9925.png,frog,train,6
data/raw/cifar-10/train/16741.png,cat,train,3
data/raw/cifar-10/train/6008.png,deer,train,4
data/raw/cifar-10/train/10562.png,deer,train,4
data/raw/cifar-10/train/45366.png,horse,train,7
data/raw/cifar-10/train/21839.png,deer,train,4
data/raw/cifar-10/train/5626.png,deer,train,4
data/raw/cifar-10/train/8508.png,cat,train,3
data/raw/cifar-10/train/27927.png,frog,train,6
data/raw/cifar-10/train/38112.png,ship,train,8
data/raw/cifar-10/train/29734.png,horse,train,7
data/raw/cifar-10/train/6837.png,bird,train,2
data/raw/cifar-10/train/45045.png,truck,train,9
data/raw/cifar-10/train/3425.png,truck,train,9
data/raw/cifar-10/train/44207.png,truck,train,9
data/raw/cifar-10/train/3105.png,horse,train,7
data/raw/cifar-10/train/17887.png,horse,train,7
data/raw/cifar-10/train/23840.png,ship,train,8
data/raw/cifar-10/train/27123.png,truck,train,9
data/raw/cifar-10/train/42234.png,cat,train,3
data/raw/cifar-10/train/41580.png,automobile,train,1
data/raw/cifar-10/train/30142.png,airplane,train,0
data/raw/cifar-10/train/15340.png,deer,train,4
data/raw/cifar-10/train/30334.png,bird,train,2
data/raw/cifar-10/train/22645.png,ship,train,8
data/raw/cifar-10/train/32636.png,truck,train,9
data/raw/cifar-10/train/6848.png,cat,train,3
data/raw/cifar-10/train/48367.png,bird,train,2
data/raw/cifar-10/train/6424.png,horse,train,7
data/raw/cifar-10/train/30607.png,cat,train,3
data/raw/cifar-10/train/13018.png,truck,train,9
data/raw/cifar-10/train/3549.png,airplane,train,0
data/raw/cifar-10/train/37845.png,automobile,train,1
data/raw/cifar-10/train/701.png,airplane,train,0
data/raw/cifar-10/train/32932.png,airplane,train,0
data/raw/cifar-10/train/45821.png,deer,train,4
data/raw/cifar-10/train/41472.png,automobile,train,1
data/raw/cifar-10/train/25500.png,truck,train,9
data/raw/cifar-10/train/13460.png,airplane,train,0
data/raw/cifar-10/train/25963.png,deer,train,4
data/raw/cifar-10/train/7646.png,truck,train,9
data/raw/cifar-10/train/17394.png,truck,train,9
data/raw/cifar-10/train/27703.png,cat,train,3
data/raw/cifar-10/train/23088.png,frog,train,6
data/raw/cifar-10/train/41446.png,automobile,train,1
data/raw/cifar-10/train/309.png,airplane,train,0
data/raw/cifar-10/train/19603.png,dog,train,5
data/raw/cifar-10/train/28909.png,truck,train,9
data/raw/cifar-10/train/40330.png,frog,train,6
data/raw/cifar-10/train/8313.png,horse,train,7
data/raw/cifar-10/train/7278.png,frog,train,6
data/raw/cifar-10/train/45557.png,airplane,train,0
data/raw/cifar-10/train/16183.png,airplane,train,0
data/raw/cifar-10/train/26938.png,automobile,train,1
data/raw/cifar-10/train/23784.png,truck,train,9
data/raw/cifar-10/train/34390.png,dog,train,5
data/raw/cifar-10/train/49937.png,ship,train,8
data/raw/cifar-10/train/25488.png,ship,train,8
data/raw/cifar-10/train/47820.png,cat,train,3
data/raw/cifar-10/train/12222.png,frog,train,6
data/raw/cifar-10/train/6338.png,ship,train,8
data/raw/cifar-10/train/730.png,dog,train,5
data/raw/cifar-10/train/14932.png,dog,train,5
data/raw/cifar-10/train/25104.png,cat,train,3
data/raw/cifar-10/train/7343.png,automobile,train,1
data/raw/cifar-10/train/42467.png,horse,train,7
data/raw/cifar-10/train/47866.png,airplane,train,0
data/raw/cifar-10/train/47173.png,bird,train,2
data/raw/cifar-10/train/44053.png,truck,train,9
data/raw/cifar-10/train/17933.png,airplane,train,0
data/raw/cifar-10/train/9047.png,truck,train,9
data/raw/cifar-10/train/42433.png,dog,train,5
data/raw/cifar-10/train/38508.png,dog,train,5
data/raw/cifar-10/train/27130.png,automobile,train,1
data/raw/cifar-10/train/29804.png,airplane,train,0
data/raw/cifar-10/train/12566.png,horse,train,7
data/raw/cifar-10/train/23460.png,dog,train,5
data/raw/cifar-10/train/1181.png,bird,train,2
data/raw/cifar-10/train/27853.png,deer,train,4
data/raw/cifar-10/train/303.png,automobile,train,1
data/raw/cifar-10/train/11642.png,bird,train,2
data/raw/cifar-10/train/35551.png,automobile,train,1
data/raw/cifar-10/train/44834.png,ship,train,8
data/raw/cifar-10/train/4449.png,dog,train,5
data/raw/cifar-10/train/14155.png,bird,train,2
data/raw/cifar-10/train/6318.png,bird,train,2
data/raw/cifar-10/train/13993.png,ship,train,8
data/raw/cifar-10/train/46436.png,ship,train,8
data/raw/cifar-10/train/25889.png,ship,train,8
data/raw/cifar-10/train/29621.png,airplane,train,0
data/raw/cifar-10/train/40963.png,deer,train,4
data/raw/cifar-10/train/45711.png,bird,train,2
data/raw/cifar-10/train/24350.png,airplane,train,0
data/raw/cifar-10/train/42452.png,dog,train,5
data/raw/cifar-10/train/26931.png,automobile,train,1
data/raw/cifar-10/train/30215.png,bird,train,2
data/raw/cifar-10/train/9708.png,dog,train,5
data/raw/cifar-10/train/30036.png,ship,train,8
data/raw/cifar-10/train/29676.png,automobile,train,1
data/raw/cifar-10/train/34136.png,ship,train,8
data/raw/cifar-10/train/28571.png,airplane,train,0
data/raw/cifar-10/train/23409.png,ship,train,8
data/raw/cifar-10/train/34354.png,dog,train,5
data/raw/cifar-10/train/39744.png,truck,train,9
data/raw/cifar-10/train/44080.png,deer,train,4
data/raw/cifar-10/train/6043.png,dog,train,5
data/raw/cifar-10/train/35745.png,airplane,train,0
data/raw/cifar-10/train/4797.png,cat,train,3
data/raw/cifar-10/train/17194.png,deer,train,4
data/raw/cifar-10/train/33274.png,deer,train,4
data/raw/cifar-10/train/28094.png,dog,train,5
data/raw/cifar-10/train/27238.png,truck,train,9
data/raw/cifar-10/train/45328.png,ship,train,8
data/raw/cifar-10/train/45043.png,bird,train,2
data/raw/cifar-10/train/7186.png,horse,train,7
data/raw/cifar-10/train/31330.png,automobile,train,1
data/raw/cifar-10/train/2753.png,automobile,train,1
data/raw/cifar-10/train/19426.png,bird,train,2
data/raw/cifar-10/train/20227.png,bird,train,2
data/raw/cifar-10/train/13673.png,ship,train,8
data/raw/cifar-10/train/29758.png,dog,train,5
data/raw/cifar-10/train/48382.png,dog,train,5
data/raw/cifar-10/train/7641.png,automobile,train,1
data/raw/cifar-10/train/23087.png,frog,train,6
data/raw/cifar-10/train/16219.png,frog,train,6
data/raw/cifar-10/train/44278.png,bird,train,2
data/raw/cifar-10/train/38250.png,horse,train,7
data/raw/cifar-10/train/46772.png,bird,train,2
data/raw/cifar-10/train/47830.png,ship,train,8
data/raw/cifar-10/train/45782.png,truck,train,9
data/raw/cifar-10/train/5028.png,horse,train,7
data/raw/cifar-10/train/39312.png,airplane,train,0
data/raw/cifar-10/train/9693.png,ship,train,8
data/raw/cifar-10/train/38248.png,deer,train,4
data/raw/cifar-10/train/5014.png,truck,train,9
data/raw/cifar-10/train/43099.png,automobile,train,1
data/raw/cifar-10/train/38645.png,truck,train,9
data/raw/cifar-10/train/24876.png,dog,train,5
data/raw/cifar-10/train/6148.png,horse,train,7
data/raw/cifar-10/train/1759.png,horse,train,7
data/raw/cifar-10/train/19099.png,deer,train,4
data/raw/cifar-10/train/11455.png,bird,train,2
data/raw/cifar-10/train/14302.png,horse,train,7
data/raw/cifar-10/train/35126.png,dog,train,5
data/raw/cifar-10/train/23750.png,truck,train,9
data/raw/cifar-10/train/22838.png,deer,train,4
data/raw/cifar-10/train/39263.png,horse,train,7
data/raw/cifar-10/train/5135.png,frog,train,6
data/raw/cifar-10/train/46074.png,frog,train,6
data/raw/cifar-10/train/1945.png,frog,train,6
data/raw/cifar-10/train/9888.png,deer,train,4
data/raw/cifar-10/train/30191.png,horse,train,7
data/raw/cifar-10/train/3587.png,bird,train,2
data/raw/cifar-10/train/33970.png,ship,train,8
data/raw/cifar-10/train/7772.png,cat,train,3
data/raw/cifar-10/train/45375.png,dog,train,5
data/raw/cifar-10/train/28922.png,airplane,train,0
data/raw/cifar-10/train/41525.png,airplane,train,0
data/raw/cifar-10/train/9396.png,deer,train,4
data/raw/cifar-10/train/15193.png,frog,train,6
data/raw/cifar-10/train/6619.png,cat,train,3
data/raw/cifar-10/train/33728.png,horse,train,7
data/raw/cifar-10/train/21160.png,truck,train,9
data/raw/cifar-10/train/20768.png,frog,train,6
data/raw/cifar-10/train/23028.png,cat,train,3
data/raw/cifar-10/train/11588.png,bird,train,2
data/raw/cifar-10/train/41869.png,airplane,train,0
data/raw/cifar-10/train/24264.png,automobile,train,1
data/raw/cifar-10/train/11146.png,dog,train,5
data/raw/cifar-10/train/31744.png,bird,train,2
data/raw/cifar-10/train/48645.png,automobile,train,1
data/raw/cifar-10/train/34836.png,cat,train,3
data/raw/cifar-10/train/13450.png,ship,train,8
data/raw/cifar-10/train/35705.png,cat,train,3
data/raw/cifar-10/train/46550.png,horse,train,7
data/raw/cifar-10/train/12459.png,frog,train,6
data/raw/cifar-10/train/40193.png,ship,train,8
data/raw/cifar-10/train/4421.png,airplane,train,0
data/raw/cifar-10/train/44716.png,airplane,train,0
data/raw/cifar-10/train/20466.png,cat,train,3
data/raw/cifar-10/train/28337.png,dog,train,5
data/raw/cifar-10/train/44164.png,frog,train,6
data/raw/cifar-10/train/34101.png,ship,train,8
data/raw/cifar-10/train/41586.png,ship,train,8
data/raw/cifar-10/train/905.png,deer,train,4
data/raw/cifar-10/train/3840.png,deer,train,4
data/raw/cifar-10/train/10397.png,bird,train,2
data/raw/cifar-10/train/25835.png,deer,train,4
data/raw/cifar-10/train/16225.png,horse,train,7
data/raw/cifar-10/train/11177.png,airplane,train,0
data/raw/cifar-10/train/2725.png,horse,train,7
data/raw/cifar-10/train/2253.png,frog,train,6
data/raw/cifar-10/train/12507.png,bird,train,2
data/raw/cifar-10/train/27998.png,truck,train,9
data/raw/cifar-10/train/33122.png,bird,train,2
data/raw/cifar-10/train/28128.png,automobile,train,1
data/raw/cifar-10/train/23869.png,truck,train,9
data/raw/cifar-10/train/3746.png,ship,train,8
data/raw/cifar-10/train/33727.png,frog,train,6
data/raw/cifar-10/train/34054.png,bird,train,2
data/raw/cifar-10/train/46815.png,deer,train,4
data/raw/cifar-10/train/42819.png,dog,train,5
data/raw/cifar-10/train/12032.png,frog,train,6
data/raw/cifar-10/train/46955.png,horse,train,7
data/raw/cifar-10/train/1484.png,horse,train,7
data/raw/cifar-10/train/6525.png,deer,train,4
data/raw/cifar-10/train/9014.png,deer,train,4
data/raw/cifar-10/train/29618.png,ship,train,8
data/raw/cifar-10/train/24760.png,ship,train,8
data/raw/cifar-10/train/36196.png,airplane,train,0
data/raw/cifar-10/train/5125.png,frog,train,6
data/raw/cifar-10/train/30536.png,airplane,train,0
data/raw/cifar-10/train/24071.png,truck,train,9
data/raw/cifar-10/train/27726.png,deer,train,4
data/raw/cifar-10/train/37843.png,horse,train,7
data/raw/cifar-10/train/12207.png,ship,train,8
data/raw/cifar-10/train/26575.png,truck,train,9
data/raw/cifar-10/train/20283.png,deer,train,4
data/raw/cifar-10/train/12230.png,horse,train,7
data/raw/cifar-10/train/46723.png,deer,train,4
data/raw/cifar-10/train/40968.png,automobile,train,1
data/raw/cifar-10/train/48691.png,ship,train,8
data/raw/cifar-10/train/38995.png,cat,train,3
data/raw/cifar-10/train/34577.png,ship,train,8
data/raw/cifar-10/train/33390.png,horse,train,7
data/raw/cifar-10/train/24406.png,deer,train,4
data/raw/cifar-10/train/35018.png,frog,train,6
data/raw/cifar-10/train/12856.png,ship,train,8
data/raw/cifar-10/train/18407.png,airplane,train,0
data/raw/cifar-10/train/14107.png,bird,train,2
data/raw/cifar-10/train/23830.png,horse,train,7
data/raw/cifar-10/train/9769.png,horse,train,7
data/raw/cifar-10/train/25146.png,bird,train,2
data/raw/cifar-10/train/6824.png,ship,train,8
data/raw/cifar-10/train/4368.png,bird,train,2
data/raw/cifar-10/train/16591.png,frog,train,6
data/raw/cifar-10/train/31272.png,deer,train,4
data/raw/cifar-10/train/32296.png,automobile,train,1
data/raw/cifar-10/train/6287.png,truck,train,9
data/raw/cifar-10/train/42562.png,truck,train,9
data/raw/cifar-10/train/160.png,cat,train,3
data/raw/cifar-10/train/5027.png,bird,train,2
data/raw/cifar-10/train/30418.png,horse,train,7
data/raw/cifar-10/train/43493.png,ship,train,8
data/raw/cifar-10/train/3551.png,cat,train,3
data/raw/cifar-10/train/49089.png,frog,train,6
data/raw/cifar-10/train/19072.png,dog,train,5
data/raw/cifar-10/train/40439.png,frog,train,6
data/raw/cifar-10/train/15398.png,cat,train,3
data/raw/cifar-10/train/27025.png,automobile,train,1
data/raw/cifar-10/train/6897.png,automobile,train,1
data/raw/cifar-10/train/6568.png,cat,train,3
data/raw/cifar-10/train/3131.png,ship,train,8
data/raw/cifar-10/train/42745.png,cat,train,3
data/raw/cifar-10/train/29652.png,truck,train,9
data/raw/cifar-10/train/29090.png,frog,train,6
data/raw/cifar-10/train/2102.png,automobile,train,1
data/raw/cifar-10/train/3759.png,cat,train,3
data/raw/cifar-10/train/37654.png,ship,train,8
data/raw/cifar-10/train/24363.png,ship,train,8
data/raw/cifar-10/train/21337.png,truck,train,9
data/raw/cifar-10/train/18093.png,bird,train,2
data/raw/cifar-10/train/13405.png,ship,train,8
data/raw/cifar-10/train/40153.png,automobile,train,1
data/raw/cifar-10/train/34013.png,airplane,train,0
data/raw/cifar-10/train/33674.png,deer,train,4
data/raw/cifar-10/train/47098.png,ship,train,8
data/raw/cifar-10/train/34344.png,deer,train,4
data/raw/cifar-10/train/22957.png,truck,train,9
data/raw/cifar-10/train/13076.png,bird,train,2
data/raw/cifar-10/train/3960.png,dog,train,5
data/raw/cifar-10/train/18103.png,airplane,train,0
data/raw/cifar-10/train/20375.png,deer,train,4
data/raw/cifar-10/train/18374.png,cat,train,3
data/raw/cifar-10/train/22795.png,cat,train,3
data/raw/cifar-10/train/11593.png,truck,train,9
data/raw/cifar-10/train/21506.png,ship,train,8
data/raw/cifar-10/train/16099.png,dog,train,5
data/raw/cifar-10/train/7165.png,dog,train,5
data/raw/cifar-10/train/7289.png,automobile,train,1
data/raw/cifar-10/train/6914.png,cat,train,3
data/raw/cifar-10/train/16660.png,deer,train,4
data/raw/cifar-10/train/5182.png,automobile,train,1
data/raw/cifar-10/train/24477.png,airplane,train,0
data/raw/cifar-10/train/11860.png,deer,train,4
data/raw/cifar-10/train/44414.png,horse,train,7
data/raw/cifar-10/train/35632.png,horse,train,7
data/raw/cifar-10/train/30364.png,truck,train,9
data/raw/cifar-10/train/32895.png,frog,train,6
data/raw/cifar-10/train/21856.png,dog,train,5
data/raw/cifar-10/train/4217.png,horse,train,7
data/raw/cifar-10/train/37050.png,airplane,train,0
data/raw/cifar-10/train/15555.png,airplane,train,0
data/raw/cifar-10/train/25118.png,automobile,train,1
data/raw/cifar-10/train/25865.png,dog,train,5
data/raw/cifar-10/train/5778.png,ship,train,8
data/raw/cifar-10/train/46189.png,frog,train,6
data/raw/cifar-10/train/35074.png,truck,train,9
data/raw/cifar-10/train/49420.png,bird,train,2
data/raw/cifar-10/train/49144.png,cat,train,3
data/raw/cifar-10/train/45209.png,frog,train,6
data/raw/cifar-10/train/27170.png,bird,train,2
data/raw/cifar-10/train/10565.png,automobile,train,1
data/raw/cifar-10/train/4279.png,frog,train,6
data/raw/cifar-10/train/13924.png,ship,train,8
data/raw/cifar-10/train/17354.png,airplane,train,0
data/raw/cifar-10/train/26802.png,ship,train,8
data/raw/cifar-10/train/46957.png,automobile,train,1
data/raw/cifar-10/train/40328.png,bird,train,2
data/raw/cifar-10/train/39849.png,automobile,train,1
data/raw/cifar-10/train/13457.png,dog,train,5
data/raw/cifar-10/train/30144.png,frog,train,6
data/raw/cifar-10/train/43481.png,automobile,train,1
data/raw/cifar-10/train/33594.png,truck,train,9
data/raw/cifar-10/train/14910.png,airplane,train,0
data/raw/cifar-10/train/2784.png,horse,train,7
data/raw/cifar-10/train/40854.png,horse,train,7
data/raw/cifar-10/train/32961.png,deer,train,4
data/raw/cifar-10/train/21902.png,ship,train,8
data/raw/cifar-10/train/10785.png,cat,train,3
data/raw/cifar-10/train/36072.png,deer,train,4
data/raw/cifar-10/train/40477.png,airplane,train,0
data/raw/cifar-10/train/38098.png,cat,train,3
data/raw/cifar-10/train/13574.png,frog,train,6
data/raw/cifar-10/train/3518.png,bird,train,2
data/raw/cifar-10/train/22660.png,automobile,train,1
data/raw/cifar-10/train/47545.png,dog,train,5
data/raw/cifar-10/train/38141.png,dog,train,5
data/raw/cifar-10/train/46728.png,cat,train,3
data/raw/cifar-10/train/11889.png,deer,train,4
data/raw/cifar-10/train/8348.png,bird,train,2
data/raw/cifar-10/train/23280.png,deer,train,4
data/raw/cifar-10/train/44655.png,frog,train,6
data/raw/cifar-10/train/11768.png,automobile,train,1
data/raw/cifar-10/train/30266.png,horse,train,7
data/raw/cifar-10/train/40668.png,ship,train,8
data/raw/cifar-10/train/12723.png,horse,train,7
data/raw/cifar-10/train/28696.png,horse,train,7
data/raw/cifar-10/train/46963.png,cat,train,3
data/raw/cifar-10/train/27732.png,automobile,train,1
data/raw/cifar-10/train/15439.png,ship,train,8
data/raw/cifar-10/train/10960.png,bird,train,2
data/raw/cifar-10/train/16054.png,bird,train,2
data/raw/cifar-10/train/24053.png,horse,train,7
data/raw/cifar-10/train/46848.png,dog,train,5
data/raw/cifar-10/train/42346.png,bird,train,2
data/raw/cifar-10/train/7252.png,airplane,train,0
data/raw/cifar-10/train/1738.png,cat,train,3
data/raw/cifar-10/train/34440.png,cat,train,3
data/raw/cifar-10/train/43917.png,ship,train,8
data/raw/cifar-10/train/37287.png,horse,train,7
data/raw/cifar-10/train/40514.png,frog,train,6
data/raw/cifar-10/train/20215.png,automobile,train,1
data/raw/cifar-10/train/36941.png,ship,train,8
data/raw/cifar-10/train/2700.png,cat,train,3
data/raw/cifar-10/train/804.png,bird,train,2
data/raw/cifar-10/train/33451.png,horse,train,7
data/raw/cifar-10/train/12386.png,truck,train,9
data/raw/cifar-10/train/21733.png,airplane,train,0
data/raw/cifar-10/train/19579.png,cat,train,3
data/raw/cifar-10/train/9515.png,ship,train,8
data/raw/cifar-10/train/30001.png,airplane,train,0
data/raw/cifar-10/train/39032.png,frog,train,6
data/raw/cifar-10/train/47347.png,horse,train,7
data/raw/cifar-10/train/25792.png,horse,train,7
data/raw/cifar-10/train/9241.png,bird,train,2
data/raw/cifar-10/train/15999.png,horse,train,7
data/raw/cifar-10/train/46258.png,frog,train,6
data/raw/cifar-10/train/11497.png,dog,train,5
data/raw/cifar-10/train/46669.png,ship,train,8
data/raw/cifar-10/train/9926.png,airplane,train,0
data/raw/cifar-10/train/12422.png,bird,train,2
data/raw/cifar-10/train/4935.png,cat,train,3
data/raw/cifar-10/train/39480.png,dog,train,5
data/raw/cifar-10/train/36496.png,horse,train,7
data/raw/cifar-10/train/11167.png,dog,train,5
data/raw/cifar-10/train/26778.png,ship,train,8
data/raw/cifar-10/train/348.png,frog,train,6
data/raw/cifar-10/train/31835.png,frog,train,6
data/raw/cifar-10/train/13870.png,truck,train,9
data/raw/cifar-10/train/33532.png,bird,train,2
data/raw/cifar-10/train/20278.png,dog,train,5
data/raw/cifar-10/train/45345.png,airplane,train,0
data/raw/cifar-10/train/8185.png,deer,train,4
data/raw/cifar-10/train/757.png,truck,train,9
data/raw/cifar-10/train/18373.png,bird,train,2
data/raw/cifar-10/train/21911.png,dog,train,5
data/raw/cifar-10/train/23558.png,dog,train,5
data/raw/cifar-10/train/23678.png,bird,train,2
data/raw/cifar-10/train/31499.png,ship,train,8
data/raw/cifar-10/train/40612.png,cat,train,3
data/raw/cifar-10/train/10707.png,deer,train,4
data/raw/cifar-10/train/7935.png,ship,train,8
data/raw/cifar-10/train/47630.png,dog,train,5
data/raw/cifar-10/train/8689.png,deer,train,4
data/raw/cifar-10/train/44205.png,automobile,train,1
data/raw/cifar-10/train/14483.png,airplane,train,0
data/raw/cifar-10/train/1695.png,automobile,train,1
data/raw/cifar-10/train/40753.png,airplane,train,0
data/raw/cifar-10/train/14462.png,automobile,train,1
data/raw/cifar-10/train/23373.png,cat,train,3
data/raw/cifar-10/train/33611.png,deer,train,4
data/raw/cifar-10/train/26055.png,frog,train,6
data/raw/cifar-10/train/41820.png,deer,train,4
data/raw/cifar-10/train/32808.png,bird,train,2
data/raw/cifar-10/train/29210.png,automobile,train,1
data/raw/cifar-10/train/41001.png,horse,train,7
data/raw/cifar-10/train/3060.png,automobile,train,1
data/raw/cifar-10/train/28050.png,deer,train,4
data/raw/cifar-10/train/36999.png,frog,train,6
data/raw/cifar-10/train/46694.png,automobile,train,1
data/raw/cifar-10/train/1648.png,dog,train,5
data/raw/cifar-10/train/7962.png,horse,train,7
data/raw/cifar-10/train/30530.png,ship,train,8
data/raw/cifar-10/train/5073.png,cat,train,3
data/raw/cifar-10/train/19062.png,cat,train,3
data/raw/cifar-10/train/3654.png,dog,train,5
data/raw/cifar-10/train/45531.png,horse,train,7
data/raw/cifar-10/train/38485.png,automobile,train,1
data/raw/cifar-10/train/11462.png,ship,train,8
data/raw/cifar-10/train/39478.png,airplane,train,0
data/raw/cifar-10/train/30401.png,airplane,train,0
data/raw/cifar-10/train/33314.png,dog,train,5
data/raw/cifar-10/train/14171.png,truck,train,9
data/raw/cifar-10/train/28921.png,horse,train,7
data/raw/cifar-10/train/3898.png,deer,train,4
data/raw/cifar-10/train/45606.png,deer,train,4
data/raw/cifar-10/train/37310.png,automobile,train,1
data/raw/cifar-10/train/13492.png,truck,train,9
data/raw/cifar-10/train/37006.png,cat,train,3
data/raw/cifar-10/train/26577.png,automobile,train,1
data/raw/cifar-10/train/37264.png,cat,train,3
data/raw/cifar-10/train/33680.png,truck,train,9
data/raw/cifar-10/train/30760.png,frog,train,6
data/raw/cifar-10/train/918.png,automobile,train,1
data/raw/cifar-10/train/19129.png,frog,train,6
data/raw/cifar-10/train/40674.png,frog,train,6
data/raw/cifar-10/train/34553.png,frog,train,6
data/raw/cifar-10/train/34741.png,frog,train,6
data/raw/cifar-10/train/25187.png,truck,train,9
data/raw/cifar-10/train/895.png,dog,train,5
data/raw/cifar-10/train/10586.png,ship,train,8
data/raw/cifar-10/train/26902.png,horse,train,7
data/raw/cifar-10/train/43491.png,cat,train,3
data/raw/cifar-10/train/38744.png,ship,train,8
data/raw/cifar-10/train/16352.png,dog,train,5
data/raw/cifar-10/train/28859.png,automobile,train,1
data/raw/cifar-10/train/35992.png,airplane,train,0
data/raw/cifar-10/train/43660.png,airplane,train,0
data/raw/cifar-10/train/10632.png,frog,train,6
data/raw/cifar-10/train/41231.png,automobile,train,1
data/raw/cifar-10/train/21916.png,dog,train,5
data/raw/cifar-10/train/23584.png,ship,train,8
data/raw/cifar-10/train/45013.png,cat,train,3
data/raw/cifar-10/train/45210.png,cat,train,3
data/raw/cifar-10/train/24604.png,truck,train,9
data/raw/cifar-10/train/40287.png,deer,train,4
data/raw/cifar-10/train/42685.png,automobile,train,1
data/raw/cifar-10/train/12758.png,airplane,train,0
data/raw/cifar-10/train/35468.png,deer,train,4
data/raw/cifar-10/train/37153.png,dog,train,5
data/raw/cifar-10/train/22290.png,dog,train,5
data/raw/cifar-10/train/7018.png,dog,train,5
data/raw/cifar-10/train/39250.png,deer,train,4
data/raw/cifar-10/train/34598.png,bird,train,2
data/raw/cifar-10/train/21620.png,deer,train,4
data/raw/cifar-10/train/40156.png,cat,train,3
data/raw/cifar-10/train/27850.png,horse,train,7
data/raw/cifar-10/train/43800.png,cat,train,3
data/raw/cifar-10/train/38833.png,ship,train,8
data/raw/cifar-10/train/35989.png,horse,train,7
data/raw/cifar-10/train/4428.png,horse,train,7
data/raw/cifar-10/train/29564.png,bird,train,2
data/raw/cifar-10/train/49262.png,frog,train,6
data/raw/cifar-10/train/43361.png,horse,train,7
data/raw/cifar-10/train/42598.png,airplane,train,0
data/raw/cifar-10/train/5370.png,dog,train,5
data/raw/cifar-10/train/29955.png,ship,train,8
data/raw/cifar-10/train/14905.png,automobile,train,1
data/raw/cifar-10/train/32558.png,cat,train,3
data/raw/cifar-10/train/41179.png,deer,train,4
data/raw/cifar-10/train/41366.png,dog,train,5
data/raw/cifar-10/train/27301.png,dog,train,5
data/raw/cifar-10/train/4245.png,automobile,train,1
data/raw/cifar-10/train/34937.png,deer,train,4
data/raw/cifar-10/train/37678.png,deer,train,4
data/raw/cifar-10/train/32856.png,frog,train,6
data/raw/cifar-10/train/32479.png,deer,train,4
data/raw/cifar-10/train/32892.png,dog,train,5
data/raw/cifar-10/train/39068.png,deer,train,4
data/raw/cifar-10/train/17176.png,dog,train,5
data/raw/cifar-10/train/27854.png,deer,train,4
data/raw/cifar-10/train/14535.png,airplane,train,0
data/raw/cifar-10/train/11288.png,frog,train,6
data/raw/cifar-10/train/30828.png,airplane,train,0
data/raw/cifar-10/train/40809.png,automobile,train,1
data/raw/cifar-10/train/47081.png,dog,train,5
data/raw/cifar-10/train/17114.png,horse,train,7
data/raw/cifar-10/train/34876.png,frog,train,6
data/raw/cifar-10/train/408.png,airplane,train,0
data/raw/cifar-10/train/32749.png,ship,train,8
data/raw/cifar-10/train/13348.png,horse,train,7
data/raw/cifar-10/train/46570.png,ship,train,8
data/raw/cifar-10/train/49423.png,dog,train,5
data/raw/cifar-10/train/35909.png,horse,train,7
data/raw/cifar-10/train/39564.png,ship,train,8
data/raw/cifar-10/train/39532.png,airplane,train,0
data/raw/cifar-10/train/42225.png,truck,train,9
data/raw/cifar-10/train/36773.png,cat,train,3
data/raw/cifar-10/train/36847.png,truck,train,9
data/raw/cifar-10/train/3403.png,bird,train,2
data/raw/cifar-10/train/1519.png,horse,train,7
data/raw/cifar-10/train/4960.png,frog,train,6
data/raw/cifar-10/train/45857.png,automobile,train,1
data/raw/cifar-10/train/771.png,frog,train,6
data/raw/cifar-10/train/43328.png,deer,train,4
data/raw/cifar-10/train/47716.png,truck,train,9
data/raw/cifar-10/train/15791.png,deer,train,4
data/raw/cifar-10/train/41804.png,horse,train,7
data/raw/cifar-10/train/28908.png,truck,train,9
data/raw/cifar-10/train/16357.png,deer,train,4
data/raw/cifar-10/train/32516.png,frog,train,6
data/raw/cifar-10/train/33308.png,automobile,train,1
data/raw/cifar-10/train/29596.png,bird,train,2
data/raw/cifar-10/train/43606.png,automobile,train,1
data/raw/cifar-10/train/21004.png,automobile,train,1
data/raw/cifar-10/train/12244.png,horse,train,7
data/raw/cifar-10/train/43463.png,cat,train,3
data/raw/cifar-10/train/13393.png,dog,train,5
data/raw/cifar-10/train/35876.png,cat,train,3
data/raw/cifar-10/train/23859.png,ship,train,8
data/raw/cifar-10/train/38042.png,airplane,train,0
data/raw/cifar-10/train/43499.png,horse,train,7
data/raw/cifar-10/train/25668.png,cat,train,3
data/raw/cifar-10/train/16036.png,cat,train,3
data/raw/cifar-10/train/18053.png,deer,train,4
data/raw/cifar-10/train/8597.png,horse,train,7
data/raw/cifar-10/train/2072.png,dog,train,5
data/raw/cifar-10/train/17244.png,cat,train,3
data/raw/cifar-10/train/1936.png,airplane,train,0
data/raw/cifar-10/train/23454.png,bird,train,2
data/raw/cifar-10/train/19323.png,frog,train,6
data/raw/cifar-10/train/3631.png,deer,train,4
data/raw/cifar-10/train/4861.png,ship,train,8
data/raw/cifar-10/train/1353.png,horse,train,7
data/raw/cifar-10/train/99.png,deer,train,4
data/raw/cifar-10/train/23766.png,ship,train,8
data/raw/cifar-10/train/39010.png,deer,train,4
data/raw/cifar-10/train/2877.png,cat,train,3
data/raw/cifar-10/train/209.png,truck,train,9
data/raw/cifar-10/train/29876.png,automobile,train,1
data/raw/cifar-10/train/49859.png,bird,train,2
data/raw/cifar-10/train/12514.png,ship,train,8
data/raw/cifar-10/train/18859.png,cat,train,3
data/raw/cifar-10/train/45851.png,cat,train,3
data/raw/cifar-10/train/280.png,airplane,train,0
data/raw/cifar-10/train/16970.png,dog,train,5
data/raw/cifar-10/train/48624.png,truck,train,9
data/raw/cifar-10/train/8546.png,frog,train,6
data/raw/cifar-10/train/1293.png,ship,train,8
data/raw/cifar-10/train/43760.png,dog,train,5
data/raw/cifar-10/train/34740.png,dog,train,5
data/raw/cifar-10/train/38521.png,bird,train,2
data/raw/cifar-10/train/26800.png,dog,train,5
data/raw/cifar-10/train/14875.png,automobile,train,1
data/raw/cifar-10/train/13213.png,deer,train,4
data/raw/cifar-10/train/537.png,automobile,train,1
data/raw/cifar-10/train/40804.png,deer,train,4
data/raw/cifar-10/train/26784.png,airplane,train,0
data/raw/cifar-10/train/23227.png,horse,train,7
data/raw/cifar-10/train/5940.png,automobile,train,1
data/raw/cifar-10/train/19831.png,cat,train,3
data/raw/cifar-10/train/19318.png,airplane,train,0
data/raw/cifar-10/train/4051.png,automobile,train,1
data/raw/cifar-10/train/20947.png,ship,train,8
data/raw/cifar-10/train/22082.png,frog,train,6
data/raw/cifar-10/train/12325.png,deer,train,4
data/raw/cifar-10/train/46172.png,truck,train,9
data/raw/cifar-10/train/49927.png,truck,train,9
data/raw/cifar-10/train/24710.png,truck,train,9
data/raw/cifar-10/train/24302.png,cat,train,3
data/raw/cifar-10/train/19030.png,dog,train,5
data/raw/cifar-10/train/3381.png,ship,train,8
data/raw/cifar-10/train/43381.png,frog,train,6
data/raw/cifar-10/train/8965.png,dog,train,5
data/raw/cifar-10/train/12457.png,truck,train,9
data/raw/cifar-10/train/39003.png,dog,train,5
data/raw/cifar-10/train/36528.png,cat,train,3
data/raw/cifar-10/train/22005.png,frog,train,6
data/raw/cifar-10/train/23464.png,automobile,train,1
data/raw/cifar-10/train/14435.png,airplane,train,0
data/raw/cifar-10/train/41537.png,cat,train,3
data/raw/cifar-10/train/15037.png,deer,train,4
data/raw/cifar-10/train/1643.png,frog,train,6
data/raw/cifar-10/train/15433.png,dog,train,5
data/raw/cifar-10/train/40113.png,bird,train,2
data/raw/cifar-10/train/8248.png,deer,train,4
data/raw/cifar-10/train/22778.png,airplane,train,0
data/raw/cifar-10/train/35302.png,ship,train,8
data/raw/cifar-10/train/46743.png,cat,train,3
data/raw/cifar-10/train/18153.png,horse,train,7
data/raw/cifar-10/train/10821.png,dog,train,5
data/raw/cifar-10/train/10631.png,automobile,train,1
data/raw/cifar-10/train/26879.png,automobile,train,1
data/raw/cifar-10/train/48499.png,bird,train,2
data/raw/cifar-10/train/13699.png,bird,train,2
data/raw/cifar-10/train/36093.png,bird,train,2
data/raw/cifar-10/train/32159.png,truck,train,9
data/raw/cifar-10/train/31132.png,ship,train,8
data/raw/cifar-10/train/907.png,airplane,train,0
data/raw/cifar-10/train/47788.png,truck,train,9
data/raw/cifar-10/train/20224.png,horse,train,7
data/raw/cifar-10/train/14997.png,deer,train,4
data/raw/cifar-10/train/27022.png,cat,train,3
data/raw/cifar-10/train/39673.png,truck,train,9
data/raw/cifar-10/train/49373.png,ship,train,8
data/raw/cifar-10/train/29768.png,frog,train,6
data/raw/cifar-10/train/25389.png,automobile,train,1
data/raw/cifar-10/train/19655.png,deer,train,4
data/raw/cifar-10/train/47207.png,ship,train,8
data/raw/cifar-10/train/8001.png,cat,train,3
data/raw/cifar-10/train/30916.png,deer,train,4
data/raw/cifar-10/train/10388.png,automobile,train,1
data/raw/cifar-10/train/26742.png,automobile,train,1
data/raw/cifar-10/train/31169.png,ship,train,8
data/raw/cifar-10/train/6295.png,frog,train,6
data/raw/cifar-10/train/8434.png,frog,train,6
data/raw/cifar-10/train/28068.png,cat,train,3
data/raw/cifar-10/train/36389.png,automobile,train,1
data/raw/cifar-10/train/6249.png,dog,train,5
data/raw/cifar-10/train/8084.png,airplane,train,0
data/raw/cifar-10/train/21061.png,horse,train,7
data/raw/cifar-10/train/24426.png,automobile,train,1
data/raw/cifar-10/train/34510.png,horse,train,7
data/raw/cifar-10/train/45115.png,deer,train,4
data/raw/cifar-10/train/35331.png,truck,train,9
data/raw/cifar-10/train/35618.png,ship,train,8
data/raw/cifar-10/train/39182.png,horse,train,7
data/raw/cifar-10/train/27773.png,cat,train,3
data/raw/cifar-10/train/26490.png,truck,train,9
data/raw/cifar-10/train/17593.png,ship,train,8
data/raw/cifar-10/train/10730.png,airplane,train,0
data/raw/cifar-10/train/3411.png,dog,train,5
data/raw/cifar-10/train/23027.png,frog,train,6
data/raw/cifar-10/train/41942.png,ship,train,8
data/raw/cifar-10/train/18913.png,deer,train,4
data/raw/cifar-10/train/466.png,ship,train,8
data/raw/cifar-10/train/35384.png,horse,train,7
data/raw/cifar-10/train/43705.png,cat,train,3
data/raw/cifar-10/train/31181.png,dog,train,5
data/raw/cifar-10/train/37494.png,airplane,train,0
data/raw/cifar-10/train/17790.png,ship,train,8
data/raw/cifar-10/train/31641.png,ship,train,8
data/raw/cifar-10/train/174.png,dog,train,5
data/raw/cifar-10/train/44451.png,deer,train,4
data/raw/cifar-10/train/32308.png,horse,train,7
data/raw/cifar-10/train/38363.png,ship,train,8
data/raw/cifar-10/train/14774.png,deer,train,4
data/raw/cifar-10/train/28214.png,deer,train,4
data/raw/cifar-10/train/879.png,cat,train,3
data/raw/cifar-10/train/31588.png,automobile,train,1
data/raw/cifar-10/train/26076.png,frog,train,6
data/raw/cifar-10/train/46125.png,frog,train,6
data/raw/cifar-10/train/5348.png,deer,train,4
data/raw/cifar-10/train/2488.png,ship,train,8
data/raw/cifar-10/train/7589.png,airplane,train,0
data/raw/cifar-10/train/13311.png,deer,train,4
data/raw/cifar-10/train/44562.png,dog,train,5
data/raw/cifar-10/train/10820.png,automobile,train,1
data/raw/cifar-10/train/3946.png,deer,train,4
data/raw/cifar-10/train/26504.png,dog,train,5
data/raw/cifar-10/train/41564.png,automobile,train,1
data/raw/cifar-10/train/41356.png,airplane,train,0
data/raw/cifar-10/train/46881.png,cat,train,3
data/raw/cifar-10/train/8016.png,frog,train,6
data/raw/cifar-10/train/2692.png,deer,train,4
data/raw/cifar-10/train/17359.png,dog,train,5
data/raw/cifar-10/train/47698.png,truck,train,9
data/raw/cifar-10/train/18058.png,automobile,train,1
data/raw/cifar-10/train/36305.png,frog,train,6
data/raw/cifar-10/train/4893.png,ship,train,8
data/raw/cifar-10/train/24007.png,dog,train,5
data/raw/cifar-10/train/39699.png,deer,train,4
data/raw/cifar-10/train/6168.png,cat,train,3
data/raw/cifar-10/train/30685.png,dog,train,5
data/raw/cifar-10/train/34599.png,automobile,train,1
data/raw/cifar-10/train/22898.png,bird,train,2
data/raw/cifar-10/train/15354.png,airplane,train,0
data/raw/cifar-10/train/37306.png,bird,train,2
data/raw/cifar-10/train/46220.png,automobile,train,1
data/raw/cifar-10/train/23519.png,dog,train,5
data/raw/cifar-10/train/27220.png,dog,train,5
data/raw/cifar-10/train/45560.png,airplane,train,0
data/raw/cifar-10/train/34850.png,frog,train,6
data/raw/cifar-10/train/45976.png,truck,train,9
data/raw/cifar-10/train/17115.png,bird,train,2
data/raw/cifar-10/train/15377.png,bird,train,2
data/raw/cifar-10/train/45388.png,airplane,train,0
data/raw/cifar-10/train/20647.png,horse,train,7
data/raw/cifar-10/train/31373.png,ship,train,8
data/raw/cifar-10/train/10819.png,horse,train,7
data/raw/cifar-10/train/25355.png,bird,train,2
data/raw/cifar-10/train/45114.png,airplane,train,0
data/raw/cifar-10/train/18004.png,dog,train,5
data/raw/cifar-10/train/25112.png,ship,train,8
data/raw/cifar-10/train/33921.png,deer,train,4
data/raw/cifar-10/train/23984.png,automobile,train,1
data/raw/cifar-10/train/24354.png,dog,train,5
data/raw/cifar-10/train/34443.png,automobile,train,1
data/raw/cifar-10/train/37749.png,frog,train,6
data/raw/cifar-10/train/24127.png,dog,train,5
data/raw/cifar-10/train/37132.png,horse,train,7
data/raw/cifar-10/train/27167.png,deer,train,4
data/raw/cifar-10/train/25207.png,automobile,train,1
data/raw/cifar-10/train/25782.png,deer,train,4
data/raw/cifar-10/train/34792.png,automobile,train,1
data/raw/cifar-10/train/2615.png,horse,train,7
data/raw/cifar-10/train/14335.png,airplane,train,0
data/raw/cifar-10/train/43479.png,bird,train,2
data/raw/cifar-10/train/5239.png,bird,train,2
data/raw/cifar-10/train/49142.png,horse,train,7
data/raw/cifar-10/train/10737.png,deer,train,4
data/raw/cifar-10/train/26535.png,cat,train,3
data/raw/cifar-10/train/17384.png,airplane,train,0
data/raw/cifar-10/train/34580.png,cat,train,3
data/raw/cifar-10/train/37878.png,airplane,train,0
data/raw/cifar-10/train/15212.png,frog,train,6
data/raw/cifar-10/train/15456.png,ship,train,8
data/raw/cifar-10/train/40100.png,deer,train,4
data/raw/cifar-10/train/27510.png,automobile,train,1
data/raw/cifar-10/train/6691.png,cat,train,3
data/raw/cifar-10/train/13525.png,bird,train,2
data/raw/cifar-10/train/46098.png,horse,train,7
data/raw/cifar-10/train/33201.png,truck,train,9
data/raw/cifar-10/train/49549.png,dog,train,5
data/raw/cifar-10/train/33783.png,truck,train,9
data/raw/cifar-10/train/22862.png,cat,train,3
data/raw/cifar-10/train/19295.png,airplane,train,0
data/raw/cifar-10/train/15066.png,bird,train,2
data/raw/cifar-10/train/33487.png,truck,train,9
data/raw/cifar-10/train/17418.png,frog,train,6
data/raw/cifar-10/train/38803.png,deer,train,4
data/raw/cifar-10/train/44532.png,horse,train,7
data/raw/cifar-10/train/33289.png,deer,train,4
data/raw/cifar-10/train/27667.png,dog,train,5
data/raw/cifar-10/train/3116.png,ship,train,8
data/raw/cifar-10/train/21558.png,horse,train,7
data/raw/cifar-10/train/34223.png,bird,train,2
data/raw/cifar-10/train/7565.png,horse,train,7
data/raw/cifar-10/train/15897.png,bird,train,2
data/raw/cifar-10/train/17426.png,dog,train,5
data/raw/cifar-10/train/30984.png,cat,train,3
data/raw/cifar-10/train/8390.png,automobile,train,1
data/raw/cifar-10/train/27286.png,deer,train,4
data/raw/cifar-10/train/28219.png,dog,train,5
data/raw/cifar-10/train/38465.png,automobile,train,1
data/raw/cifar-10/train/31193.png,horse,train,7
data/raw/cifar-10/train/40778.png,truck,train,9
data/raw/cifar-10/train/20708.png,horse,train,7
data/raw/cifar-10/train/7859.png,bird,train,2
data/raw/cifar-10/train/43974.png,frog,train,6
data/raw/cifar-10/train/46369.png,horse,train,7
data/raw/cifar-10/train/30408.png,automobile,train,1
data/raw/cifar-10/train/8708.png,ship,train,8
data/raw/cifar-10/train/15806.png,frog,train,6
data/raw/cifar-10/train/25692.png,ship,train,8
data/raw/cifar-10/train/37232.png,frog,train,6
data/raw/cifar-10/train/3593.png,horse,train,7
data/raw/cifar-10/train/19412.png,truck,train,9
data/raw/cifar-10/train/4714.png,ship,train,8
data/raw/cifar-10/train/9767.png,automobile,train,1
data/raw/cifar-10/train/11487.png,bird,train,2
data/raw/cifar-10/train/2473.png,horse,train,7
data/raw/cifar-10/train/13063.png,cat,train,3
data/raw/cifar-10/train/20400.png,horse,train,7
data/raw/cifar-10/train/4394.png,horse,train,7
data/raw/cifar-10/train/17729.png,deer,train,4
data/raw/cifar-10/train/33987.png,dog,train,5
data/raw/cifar-10/train/45850.png,bird,train,2
data/raw/cifar-10/train/12871.png,cat,train,3
data/raw/cifar-10/train/20058.png,automobile,train,1
data/raw/cifar-10/train/46942.png,horse,train,7
data/raw/cifar-10/train/753.png,airplane,train,0
data/raw/cifar-10/train/14356.png,dog,train,5
data/raw/cifar-10/train/36822.png,frog,train,6
data/raw/cifar-10/train/49026.png,ship,train,8
data/raw/cifar-10/train/20434.png,horse,train,7
data/raw/cifar-10/train/2633.png,truck,train,9
data/raw/cifar-10/train/32141.png,airplane,train,0
data/raw/cifar-10/train/48495.png,cat,train,3
data/raw/cifar-10/train/15342.png,cat,train,3
data/raw/cifar-10/train/24311.png,truck,train,9
data/raw/cifar-10/train/342.png,airplane,train,0
data/raw/cifar-10/train/10091.png,automobile,train,1
data/raw/cifar-10/train/1058.png,cat,train,3
data/raw/cifar-10/train/27007.png,horse,train,7
data/raw/cifar-10/train/15312.png,cat,train,3
data/raw/cifar-10/train/29006.png,bird,train,2
data/raw/cifar-10/train/17282.png,ship,train,8
data/raw/cifar-10/train/5001.png,frog,train,6
data/raw/cifar-10/train/13463.png,automobile,train,1
data/raw/cifar-10/train/46517.png,bird,train,2
data/raw/cifar-10/train/45829.png,dog,train,5
data/raw/cifar-10/train/31364.png,automobile,train,1
data/raw/cifar-10/train/22298.png,bird,train,2
data/raw/cifar-10/train/44635.png,bird,train,2
data/raw/cifar-10/train/4812.png,bird,train,2
data/raw/cifar-10/train/39387.png,airplane,train,0
data/raw/cifar-10/train/30280.png,dog,train,5
data/raw/cifar-10/train/22505.png,ship,train,8
data/raw/cifar-10/train/22644.png,truck,train,9
data/raw/cifar-10/train/9685.png,ship,train,8
data/raw/cifar-10/train/31916.png,ship,train,8
data/raw/cifar-10/train/29065.png,horse,train,7
data/raw/cifar-10/train/15321.png,dog,train,5
data/raw/cifar-10/train/44513.png,bird,train,2
data/raw/cifar-10/train/31929.png,frog,train,6
data/raw/cifar-10/train/37419.png,automobile,train,1
data/raw/cifar-10/train/40370.png,cat,train,3
data/raw/cifar-10/train/1867.png,deer,train,4
data/raw/cifar-10/train/1525.png,airplane,train,0
data/raw/cifar-10/train/47765.png,frog,train,6
data/raw/cifar-10/train/46579.png,deer,train,4
data/raw/cifar-10/train/17215.png,cat,train,3
data/raw/cifar-10/train/3611.png,bird,train,2
data/raw/cifar-10/train/44733.png,bird,train,2
data/raw/cifar-10/train/48989.png,bird,train,2
data/raw/cifar-10/train/18259.png,horse,train,7
data/raw/cifar-10/train/18659.png,deer,train,4
data/raw/cifar-10/train/12234.png,ship,train,8
data/raw/cifar-10/train/25160.png,truck,train,9
data/raw/cifar-10/train/5625.png,deer,train,4
data/raw/cifar-10/train/31009.png,truck,train,9
data/raw/cifar-10/train/4331.png,dog,train,5
data/raw/cifar-10/train/39342.png,cat,train,3
data/raw/cifar-10/train/28779.png,truck,train,9
data/raw/cifar-10/train/17829.png,cat,train,3
data/raw/cifar-10/train/41342.png,frog,train,6
data/raw/cifar-10/train/37728.png,automobile,train,1
data/raw/cifar-10/train/44163.png,deer,train,4
data/raw/cifar-10/train/38194.png,cat,train,3
data/raw/cifar-10/train/3368.png,dog,train,5
data/raw/cifar-10/train/43342.png,truck,train,9
data/raw/cifar-10/train/42078.png,frog,train,6
data/raw/cifar-10/train/29540.png,deer,train,4
data/raw/cifar-10/train/8167.png,bird,train,2
data/raw/cifar-10/train/45623.png,frog,train,6
data/raw/cifar-10/train/49656.png,frog,train,6
data/raw/cifar-10/train/25690.png,automobile,train,1
data/raw/cifar-10/train/9828.png,bird,train,2
data/raw/cifar-10/train/38652.png,truck,train,9
data/raw/cifar-10/train/27427.png,airplane,train,0
data/raw/cifar-10/train/42590.png,airplane,train,0
data/raw/cifar-10/train/34280.png,airplane,train,0
data/raw/cifar-10/train/33449.png,bird,train,2
data/raw/cifar-10/train/18503.png,deer,train,4
data/raw/cifar-10/train/11468.png,bird,train,2
data/raw/cifar-10/train/11333.png,truck,train,9
data/raw/cifar-10/train/12313.png,truck,train,9
data/raw/cifar-10/train/4645.png,frog,train,6
data/raw/cifar-10/train/43340.png,cat,train,3
data/raw/cifar-10/train/4240.png,airplane,train,0
data/raw/cifar-10/train/48235.png,automobile,train,1
data/raw/cifar-10/train/38219.png,ship,train,8
data/raw/cifar-10/train/23233.png,automobile,train,1
data/raw/cifar-10/train/42548.png,cat,train,3
data/raw/cifar-10/train/7653.png,truck,train,9
data/raw/cifar-10/train/11694.png,ship,train,8
data/raw/cifar-10/train/17524.png,frog,train,6
data/raw/cifar-10/train/43967.png,bird,train,2
data/raw/cifar-10/train/11910.png,horse,train,7
data/raw/cifar-10/train/31444.png,ship,train,8
data/raw/cifar-10/train/10577.png,automobile,train,1
data/raw/cifar-10/train/10076.png,truck,train,9
data/raw/cifar-10/train/15316.png,automobile,train,1
data/raw/cifar-10/train/2887.png,truck,train,9
data/raw/cifar-10/train/2849.png,airplane,train,0
data/raw/cifar-10/train/11483.png,automobile,train,1
data/raw/cifar-10/train/33035.png,automobile,train,1
data/raw/cifar-10/train/41969.png,horse,train,7
data/raw/cifar-10/train/48261.png,truck,train,9
data/raw/cifar-10/train/46841.png,automobile,train,1
data/raw/cifar-10/train/13920.png,truck,train,9
data/raw/cifar-10/train/3315.png,deer,train,4
data/raw/cifar-10/train/20681.png,automobile,train,1
data/raw/cifar-10/train/3441.png,bird,train,2
data/raw/cifar-10/train/29066.png,deer,train,4
data/raw/cifar-10/train/48266.png,horse,train,7
data/raw/cifar-10/train/46317.png,dog,train,5
data/raw/cifar-10/train/41072.png,bird,train,2
data/raw/cifar-10/train/4321.png,ship,train,8
data/raw/cifar-10/train/43513.png,horse,train,7
data/raw/cifar-10/train/14152.png,deer,train,4
data/raw/cifar-10/train/7672.png,cat,train,3
data/raw/cifar-10/train/49523.png,dog,train,5
data/raw/cifar-10/train/26141.png,ship,train,8
data/raw/cifar-10/train/49252.png,deer,train,4
data/raw/cifar-10/train/14671.png,deer,train,4
data/raw/cifar-10/train/18862.png,airplane,train,0
data/raw/cifar-10/train/25115.png,deer,train,4
data/raw/cifar-10/train/13404.png,frog,train,6
data/raw/cifar-10/train/30712.png,dog,train,5
data/raw/cifar-10/train/42531.png,dog,train,5
data/raw/cifar-10/train/2320.png,horse,train,7
data/raw/cifar-10/train/14300.png,bird,train,2
data/raw/cifar-10/train/4680.png,bird,train,2
data/raw/cifar-10/train/16956.png,dog,train,5
data/raw/cifar-10/train/36600.png,cat,train,3
data/raw/cifar-10/train/49307.png,cat,train,3
data/raw/cifar-10/train/38846.png,frog,train,6
data/raw/cifar-10/train/27970.png,horse,train,7
data/raw/cifar-10/train/27422.png,horse,train,7
data/raw/cifar-10/train/28766.png,airplane,train,0
data/raw/cifar-10/train/11749.png,frog,train,6
data/raw/cifar-10/train/14560.png,bird,train,2
data/raw/cifar-10/train/45695.png,deer,train,4
data/raw/cifar-10/train/11070.png,ship,train,8
data/raw/cifar-10/train/8561.png,truck,train,9
data/raw/cifar-10/train/17234.png,airplane,train,0
data/raw/cifar-10/train/46696.png,deer,train,4
data/raw/cifar-10/train/27730.png,bird,train,2
data/raw/cifar-10/train/41271.png,deer,train,4
data/raw/cifar-10/train/44191.png,truck,train,9
data/raw/cifar-10/train/28195.png,frog,train,6
data/raw/cifar-10/train/36441.png,cat,train,3
data/raw/cifar-10/train/7552.png,cat,train,3
data/raw/cifar-10/train/44652.png,truck,train,9
data/raw/cifar-10/train/13622.png,bird,train,2
data/raw/cifar-10/train/23404.png,truck,train,9
data/raw/cifar-10/train/13443.png,horse,train,7
data/raw/cifar-10/train/6319.png,automobile,train,1
data/raw/cifar-10/train/17765.png,airplane,train,0
data/raw/cifar-10/train/10412.png,ship,train,8
data/raw/cifar-10/train/32001.png,horse,train,7
data/raw/cifar-10/train/40314.png,frog,train,6
data/raw/cifar-10/train/7250.png,truck,train,9
data/raw/cifar-10/train/18580.png,horse,train,7
data/raw/cifar-10/train/21229.png,frog,train,6
data/raw/cifar-10/train/12914.png,dog,train,5
data/raw/cifar-10/train/43216.png,horse,train,7
data/raw/cifar-10/train/4392.png,frog,train,6
data/raw/cifar-10/train/32839.png,truck,train,9
data/raw/cifar-10/train/14784.png,truck,train,9
data/raw/cifar-10/train/20416.png,dog,train,5
data/raw/cifar-10/train/34621.png,bird,train,2
data/raw/cifar-10/train/21330.png,horse,train,7
data/raw/cifar-10/train/41313.png,bird,train,2
data/raw/cifar-10/train/42993.png,airplane,train,0
data/raw/cifar-10/train/2383.png,ship,train,8
data/raw/cifar-10/train/42674.png,automobile,train,1
data/raw/cifar-10/train/14438.png,dog,train,5
data/raw/cifar-10/train/11799.png,ship,train,8
data/raw/cifar-10/train/41051.png,horse,train,7
data/raw/cifar-10/train/7527.png,truck,train,9
data/raw/cifar-10/train/23414.png,frog,train,6
data/raw/cifar-10/train/10596.png,cat,train,3
data/raw/cifar-10/train/123.png,truck,train,9
data/raw/cifar-10/train/48045.png,ship,train,8
data/raw/cifar-10/train/31363.png,ship,train,8
data/raw/cifar-10/train/21715.png,truck,train,9
data/raw/cifar-10/train/21884.png,truck,train,9
data/raw/cifar-10/train/919.png,dog,train,5
data/raw/cifar-10/train/25428.png,bird,train,2
data/raw/cifar-10/train/19241.png,dog,train,5
data/raw/cifar-10/train/3085.png,cat,train,3
data/raw/cifar-10/train/31440.png,dog,train,5
data/raw/cifar-10/train/356.png,frog,train,6
data/raw/cifar-10/train/24617.png,automobile,train,1
data/raw/cifar-10/train/17366.png,cat,train,3
data/raw/cifar-10/train/37414.png,truck,train,9
data/raw/cifar-10/train/39973.png,cat,train,3
data/raw/cifar-10/train/46962.png,dog,train,5
data/raw/cifar-10/train/39518.png,truck,train,9
data/raw/cifar-10/train/30006.png,bird,train,2
data/raw/cifar-10/train/1856.png,deer,train,4
data/raw/cifar-10/train/7465.png,airplane,train,0
data/raw/cifar-10/train/36907.png,frog,train,6
data/raw/cifar-10/train/40651.png,deer,train,4
data/raw/cifar-10/train/36684.png,truck,train,9
data/raw/cifar-10/train/36821.png,horse,train,7
data/raw/cifar-10/train/34858.png,frog,train,6
data/raw/cifar-10/train/14816.png,deer,train,4
data/raw/cifar-10/train/2397.png,horse,train,7
data/raw/cifar-10/train/21906.png,ship,train,8
data/raw/cifar-10/train/29646.png,bird,train,2
data/raw/cifar-10/train/35198.png,truck,train,9
data/raw/cifar-10/train/34587.png,truck,train,9
data/raw/cifar-10/train/32230.png,deer,train,4
data/raw/cifar-10/train/19254.png,ship,train,8
data/raw/cifar-10/train/44130.png,ship,train,8
data/raw/cifar-10/train/28297.png,horse,train,7
data/raw/cifar-10/train/16489.png,truck,train,9
data/raw/cifar-10/train/2155.png,cat,train,3
data/raw/cifar-10/train/43320.png,bird,train,2
data/raw/cifar-10/train/33193.png,frog,train,6
data/raw/cifar-10/train/39990.png,cat,train,3
data/raw/cifar-10/train/47726.png,dog,train,5
data/raw/cifar-10/train/32709.png,airplane,train,0
data/raw/cifar-10/train/9592.png,cat,train,3
data/raw/cifar-10/train/29759.png,dog,train,5
data/raw/cifar-10/train/24703.png,dog,train,5
data/raw/cifar-10/train/49343.png,bird,train,2
data/raw/cifar-10/train/32530.png,dog,train,5
data/raw/cifar-10/train/24332.png,truck,train,9
data/raw/cifar-10/train/26084.png,airplane,train,0
data/raw/cifar-10/train/14388.png,truck,train,9
data/raw/cifar-10/train/49469.png,cat,train,3
data/raw/cifar-10/train/23808.png,cat,train,3
data/raw/cifar-10/train/31368.png,ship,train,8
data/raw/cifar-10/train/10753.png,cat,train,3
data/raw/cifar-10/train/42498.png,ship,train,8
data/raw/cifar-10/train/12481.png,dog,train,5
data/raw/cifar-10/train/15281.png,truck,train,9
data/raw/cifar-10/train/15514.png,frog,train,6
data/raw/cifar-10/train/2503.png,horse,train,7
data/raw/cifar-10/train/13546.png,ship,train,8
data/raw/cifar-10/train/36827.png,frog,train,6
data/raw/cifar-10/train/32297.png,horse,train,7
data/raw/cifar-10/train/16138.png,airplane,train,0
data/raw/cifar-10/train/6829.png,automobile,train,1
data/raw/cifar-10/train/45546.png,dog,train,5
data/raw/cifar-10/train/43054.png,dog,train,5
data/raw/cifar-10/train/47900.png,dog,train,5
data/raw/cifar-10/train/45740.png,frog,train,6
data/raw/cifar-10/train/7749.png,ship,train,8
data/raw/cifar-10/train/4757.png,deer,train,4
data/raw/cifar-10/train/45425.png,bird,train,2
data/raw/cifar-10/train/36493.png,bird,train,2
data/raw/cifar-10/train/17434.png,truck,train,9
data/raw/cifar-10/train/118.png,frog,train,6
data/raw/cifar-10/train/44685.png,frog,train,6
data/raw/cifar-10/train/35597.png,bird,train,2
data/raw/cifar-10/train/16427.png,deer,train,4
data/raw/cifar-10/train/47590.png,bird,train,2
data/raw/cifar-10/train/34788.png,airplane,train,0
data/raw/cifar-10/train/8255.png,deer,train,4
data/raw/cifar-10/train/7684.png,automobile,train,1
data/raw/cifar-10/train/2674.png,deer,train,4
data/raw/cifar-10/train/36452.png,ship,train,8
data/raw/cifar-10/train/20588.png,truck,train,9
data/raw/cifar-10/train/37388.png,truck,train,9
data/raw/cifar-10/train/33024.png,bird,train,2
data/raw/cifar-10/train/6393.png,bird,train,2
data/raw/cifar-10/train/33932.png,dog,train,5
data/raw/cifar-10/train/29680.png,deer,train,4
data/raw/cifar-10/train/46650.png,automobile,train,1
data/raw/cifar-10/train/43805.png,automobile,train,1
data/raw/cifar-10/train/2767.png,cat,train,3
data/raw/cifar-10/train/7129.png,cat,train,3
data/raw/cifar-10/train/39851.png,cat,train,3
data/raw/cifar-10/train/23706.png,bird,train,2
data/raw/cifar-10/train/24668.png,cat,train,3
data/raw/cifar-10/train/15106.png,deer,train,4
data/raw/cifar-10/train/11929.png,dog,train,5
data/raw/cifar-10/train/27133.png,automobile,train,1
data/raw/cifar-10/train/43654.png,dog,train,5
data/raw/cifar-10/train/27736.png,cat,train,3
data/raw/cifar-10/train/2685.png,frog,train,6
data/raw/cifar-10/train/33822.png,horse,train,7
data/raw/cifar-10/train/42688.png,bird,train,2
data/raw/cifar-10/train/21644.png,bird,train,2
data/raw/cifar-10/train/265.png,airplane,train,0
data/raw/cifar-10/train/40282.png,bird,train,2
data/raw/cifar-10/train/13222.png,cat,train,3
data/raw/cifar-10/train/4510.png,airplane,train,0
data/raw/cifar-10/train/20342.png,deer,train,4
data/raw/cifar-10/train/10842.png,frog,train,6
data/raw/cifar-10/train/37839.png,bird,train,2
data/raw/cifar-10/train/48782.png,deer,train,4
data/raw/cifar-10/train/26185.png,airplane,train,0
data/raw/cifar-10/train/49771.png,cat,train,3
data/raw/cifar-10/train/20013.png,frog,train,6
data/raw/cifar-10/train/44893.png,horse,train,7
data/raw/cifar-10/train/9650.png,dog,train,5
data/raw/cifar-10/train/34723.png,airplane,train,0
data/raw/cifar-10/train/32876.png,horse,train,7
data/raw/cifar-10/train/44027.png,automobile,train,1
data/raw/cifar-10/train/16160.png,ship,train,8
data/raw/cifar-10/train/3466.png,deer,train,4
data/raw/cifar-10/train/29298.png,bird,train,2
data/raw/cifar-10/train/36695.png,deer,train,4
data/raw/cifar-10/train/25298.png,truck,train,9
data/raw/cifar-10/train/18302.png,truck,train,9
data/raw/cifar-10/train/14085.png,frog,train,6
data/raw/cifar-10/train/8137.png,airplane,train,0
data/raw/cifar-10/train/4545.png,horse,train,7
data/raw/cifar-10/train/43933.png,automobile,train,1
data/raw/cifar-10/train/44125.png,cat,train,3
data/raw/cifar-10/train/17665.png,cat,train,3
data/raw/cifar-10/train/26794.png,frog,train,6
data/raw/cifar-10/train/48192.png,deer,train,4
data/raw/cifar-10/train/12094.png,ship,train,8
data/raw/cifar-10/train/5685.png,airplane,train,0
data/raw/cifar-10/train/13151.png,dog,train,5
data/raw/cifar-10/train/25520.png,frog,train,6
data/raw/cifar-10/train/17269.png,automobile,train,1
data/raw/cifar-10/train/7890.png,airplane,train,0
data/raw/cifar-10/train/17461.png,automobile,train,1
data/raw/cifar-10/train/41096.png,horse,train,7
data/raw/cifar-10/train/16744.png,bird,train,2
data/raw/cifar-10/train/3664.png,bird,train,2
data/raw/cifar-10/train/17492.png,frog,train,6
data/raw/cifar-10/train/42813.png,horse,train,7
data/raw/cifar-10/train/34556.png,bird,train,2
data/raw/cifar-10/train/28958.png,automobile,train,1
data/raw/cifar-10/train/41389.png,deer,train,4
data/raw/cifar-10/train/19216.png,deer,train,4
data/raw/cifar-10/train/21237.png,truck,train,9
data/raw/cifar-10/train/7612.png,horse,train,7
data/raw/cifar-10/train/29822.png,deer,train,4
data/raw/cifar-10/train/25549.png,truck,train,9
data/raw/cifar-10/train/21912.png,dog,train,5
data/raw/cifar-10/train/42978.png,deer,train,4
data/raw/cifar-10/train/12498.png,truck,train,9
data/raw/cifar-10/train/12704.png,bird,train,2
data/raw/cifar-10/train/37448.png,truck,train,9
data/raw/cifar-10/train/29801.png,horse,train,7
data/raw/cifar-10/train/36246.png,bird,train,2
data/raw/cifar-10/train/45898.png,cat,train,3
data/raw/cifar-10/train/33454.png,airplane,train,0
data/raw/cifar-10/train/7164.png,deer,train,4
data/raw/cifar-10/train/36490.png,cat,train,3
data/raw/cifar-10/train/5692.png,truck,train,9
data/raw/cifar-10/train/23002.png,truck,train,9
data/raw/cifar-10/train/5264.png,frog,train,6
data/raw/cifar-10/train/6679.png,automobile,train,1
data/raw/cifar-10/train/31311.png,deer,train,4
data/raw/cifar-10/train/45823.png,bird,train,2
data/raw/cifar-10/train/11503.png,horse,train,7
data/raw/cifar-10/train/8385.png,ship,train,8
data/raw/cifar-10/train/43027.png,frog,train,6
data/raw/cifar-10/train/40567.png,bird,train,2
data/raw/cifar-10/train/21109.png,horse,train,7
data/raw/cifar-10/train/10459.png,automobile,train,1
data/raw/cifar-10/train/47666.png,horse,train,7
data/raw/cifar-10/train/43255.png,cat,train,3
data/raw/cifar-10/train/28767.png,deer,train,4
data/raw/cifar-10/train/285.png,airplane,train,0
data/raw/cifar-10/train/11027.png,cat,train,3
data/raw/cifar-10/train/39757.png,frog,train,6
data/raw/cifar-10/train/13954.png,cat,train,3
data/raw/cifar-10/train/16795.png,frog,train,6
data/raw/cifar-10/train/31050.png,horse,train,7
data/raw/cifar-10/train/37536.png,truck,train,9
data/raw/cifar-10/train/25122.png,frog,train,6
data/raw/cifar-10/train/28260.png,truck,train,9
data/raw/cifar-10/train/38888.png,cat,train,3
data/raw/cifar-10/train/406.png,airplane,train,0
data/raw/cifar-10/train/34990.png,airplane,train,0
data/raw/cifar-10/train/37092.png,cat,train,3
data/raw/cifar-10/train/11193.png,cat,train,3
data/raw/cifar-10/train/35758.png,automobile,train,1
data/raw/cifar-10/train/19527.png,automobile,train,1
data/raw/cifar-10/train/421.png,deer,train,4
data/raw/cifar-10/train/44319.png,cat,train,3
data/raw/cifar-10/train/19068.png,airplane,train,0
data/raw/cifar-10/train/39126.png,deer,train,4
data/raw/cifar-10/train/23234.png,dog,train,5
data/raw/cifar-10/train/24236.png,horse,train,7
data/raw/cifar-10/train/38658.png,dog,train,5
data/raw/cifar-10/train/42703.png,deer,train,4
data/raw/cifar-10/train/22912.png,dog,train,5
data/raw/cifar-10/train/702.png,bird,train,2
data/raw/cifar-10/train/11294.png,cat,train,3
data/raw/cifar-10/train/20752.png,airplane,train,0
data/raw/cifar-10/train/414.png,horse,train,7
data/raw/cifar-10/train/49261.png,truck,train,9
data/raw/cifar-10/train/27060.png,airplane,train,0
data/raw/cifar-10/train/1560.png,automobile,train,1
data/raw/cifar-10/train/31270.png,bird,train,2
data/raw/cifar-10/train/16015.png,cat,train,3
data/raw/cifar-10/train/14451.png,airplane,train,0
data/raw/cifar-10/train/1212.png,airplane,train,0
data/raw/cifar-10/train/5399.png,frog,train,6
data/raw/cifar-10/train/10755.png,horse,train,7
data/raw/cifar-10/train/36475.png,cat,train,3
data/raw/cifar-10/train/45191.png,airplane,train,0
data/raw/cifar-10/train/37687.png,bird,train,2
data/raw/cifar-10/train/21829.png,frog,train,6
data/raw/cifar-10/train/2035.png,airplane,train,0
data/raw/cifar-10/train/1968.png,ship,train,8
data/raw/cifar-10/train/15863.png,dog,train,5
data/raw/cifar-10/train/29880.png,airplane,train,0
data/raw/cifar-10/train/47246.png,ship,train,8
data/raw/cifar-10/train/11026.png,cat,train,3
data/raw/cifar-10/train/32517.png,dog,train,5
data/raw/cifar-10/train/15432.png,dog,train,5
data/raw/cifar-10/train/15551.png,horse,train,7
data/raw/cifar-10/train/31731.png,ship,train,8
data/raw/cifar-10/train/41979.png,automobile,train,1
data/raw/cifar-10/train/3567.png,deer,train,4
data/raw/cifar-10/train/11880.png,airplane,train,0
data/raw/cifar-10/train/22689.png,airplane,train,0
data/raw/cifar-10/train/26749.png,frog,train,6
data/raw/cifar-10/train/1715.png,truck,train,9
data/raw/cifar-10/train/44558.png,automobile,train,1
data/raw/cifar-10/train/46304.png,airplane,train,0
data/raw/cifar-10/train/29209.png,horse,train,7
data/raw/cifar-10/train/46615.png,airplane,train,0
data/raw/cifar-10/train/39721.png,horse,train,7
data/raw/cifar-10/train/37278.png,bird,train,2
data/raw/cifar-10/train/34257.png,bird,train,2
data/raw/cifar-10/train/21430.png,automobile,train,1
data/raw/cifar-10/train/18889.png,bird,train,2
data/raw/cifar-10/train/11231.png,truck,train,9
data/raw/cifar-10/train/9976.png,ship,train,8
data/raw/cifar-10/train/29687.png,horse,train,7
data/raw/cifar-10/train/11291.png,frog,train,6
data/raw/cifar-10/train/20824.png,deer,train,4
data/raw/cifar-10/train/4386.png,automobile,train,1
data/raw/cifar-10/train/4773.png,cat,train,3
data/raw/cifar-10/train/47756.png,truck,train,9
data/raw/cifar-10/train/36931.png,cat,train,3
data/raw/cifar-10/train/11037.png,deer,train,4
data/raw/cifar-10/train/20366.png,dog,train,5
data/raw/cifar-10/train/3022.png,dog,train,5
data/raw/cifar-10/train/29157.png,bird,train,2
data/raw/cifar-10/train/1468.png,truck,train,9
data/raw/cifar-10/train/9534.png,airplane,train,0
data/raw/cifar-10/train/20397.png,airplane,train,0
data/raw/cifar-10/train/12219.png,frog,train,6
data/raw/cifar-10/train/1412.png,dog,train,5
data/raw/cifar-10/train/38684.png,airplane,train,0
data/raw/cifar-10/train/37689.png,deer,train,4
data/raw/cifar-10/train/29109.png,frog,train,6
data/raw/cifar-10/train/30380.png,truck,train,9
data/raw/cifar-10/train/31113.png,frog,train,6
data/raw/cifar-10/train/1554.png,cat,train,3
data/raw/cifar-10/train/44704.png,deer,train,4
data/raw/cifar-10/train/26594.png,bird,train,2
data/raw/cifar-10/train/37221.png,truck,train,9
data/raw/cifar-10/train/29561.png,frog,train,6
data/raw/cifar-10/train/32238.png,frog,train,6
data/raw/cifar-10/train/19011.png,horse,train,7
data/raw/cifar-10/train/23978.png,cat,train,3
data/raw/cifar-10/train/3617.png,dog,train,5
data/raw/cifar-10/train/13283.png,deer,train,4
data/raw/cifar-10/train/26921.png,dog,train,5
data/raw/cifar-10/train/31898.png,bird,train,2
data/raw/cifar-10/train/35596.png,cat,train,3
data/raw/cifar-10/train/33075.png,horse,train,7
data/raw/cifar-10/train/44799.png,horse,train,7
data/raw/cifar-10/train/4603.png,ship,train,8
data/raw/cifar-10/train/38026.png,horse,train,7
data/raw/cifar-10/train/12762.png,airplane,train,0
data/raw/cifar-10/train/6879.png,dog,train,5
data/raw/cifar-10/train/26273.png,frog,train,6
data/raw/cifar-10/train/24263.png,cat,train,3
data/raw/cifar-10/train/44310.png,automobile,train,1
data/raw/cifar-10/train/27012.png,truck,train,9
data/raw/cifar-10/train/38910.png,deer,train,4
data/raw/cifar-10/train/9942.png,frog,train,6
data/raw/cifar-10/train/35947.png,deer,train,4
data/raw/cifar-10/train/35522.png,truck,train,9
data/raw/cifar-10/train/8858.png,airplane,train,0
data/raw/cifar-10/train/36862.png,frog,train,6
data/raw/cifar-10/train/34778.png,deer,train,4
data/raw/cifar-10/train/12298.png,airplane,train,0
data/raw/cifar-10/train/42204.png,ship,train,8
data/raw/cifar-10/train/6169.png,deer,train,4
data/raw/cifar-10/train/21096.png,airplane,train,0
data/raw/cifar-10/train/41221.png,airplane,train,0
data/raw/cifar-10/train/1478.png,airplane,train,0
data/raw/cifar-10/train/36676.png,bird,train,2
data/raw/cifar-10/train/5099.png,dog,train,5
data/raw/cifar-10/train/31683.png,frog,train,6
data/raw/cifar-10/train/29567.png,dog,train,5
data/raw/cifar-10/train/3875.png,ship,train,8
data/raw/cifar-10/train/8486.png,bird,train,2
data/raw/cifar-10/train/21399.png,automobile,train,1
data/raw/cifar-10/train/43376.png,airplane,train,0
data/raw/cifar-10/train/36965.png,dog,train,5
data/raw/cifar-10/train/9947.png,automobile,train,1
data/raw/cifar-10/train/20949.png,deer,train,4
data/raw/cifar-10/train/4495.png,dog,train,5
data/raw/cifar-10/train/21137.png,horse,train,7
data/raw/cifar-10/train/26315.png,horse,train,7
data/raw/cifar-10/train/48057.png,dog,train,5
data/raw/cifar-10/train/24896.png,frog,train,6
data/raw/cifar-10/train/30289.png,cat,train,3
data/raw/cifar-10/train/18035.png,deer,train,4
data/raw/cifar-10/train/19197.png,airplane,train,0
data/raw/cifar-10/train/9307.png,ship,train,8
data/raw/cifar-10/train/41855.png,horse,train,7
data/raw/cifar-10/train/9371.png,deer,train,4
data/raw/cifar-10/train/15151.png,truck,train,9
data/raw/cifar-10/train/22532.png,ship,train,8
data/raw/cifar-10/train/9057.png,automobile,train,1
data/raw/cifar-10/train/21136.png,bird,train,2
data/raw/cifar-10/train/49302.png,dog,train,5
data/raw/cifar-10/train/2311.png,frog,train,6
data/raw/cifar-10/train/14283.png,cat,train,3
data/raw/cifar-10/train/16637.png,deer,train,4
data/raw/cifar-10/train/570.png,dog,train,5
data/raw/cifar-10/train/42744.png,bird,train,2
data/raw/cifar-10/train/22127.png,horse,train,7
data/raw/cifar-10/train/44572.png,automobile,train,1
data/raw/cifar-10/train/7719.png,automobile,train,1
data/raw/cifar-10/train/3504.png,ship,train,8
data/raw/cifar-10/train/6734.png,automobile,train,1
data/raw/cifar-10/train/28833.png,horse,train,7
data/raw/cifar-10/train/47611.png,ship,train,8
data/raw/cifar-10/train/44959.png,horse,train,7
data/raw/cifar-10/train/20483.png,frog,train,6
data/raw/cifar-10/train/2302.png,horse,train,7
data/raw/cifar-10/train/47738.png,cat,train,3
data/raw/cifar-10/train/34780.png,cat,train,3
data/raw/cifar-10/train/33853.png,ship,train,8
data/raw/cifar-10/train/47758.png,dog,train,5
data/raw/cifar-10/train/49880.png,truck,train,9
data/raw/cifar-10/train/47754.png,dog,train,5
data/raw/cifar-10/train/137.png,automobile,train,1
data/raw/cifar-10/train/31989.png,automobile,train,1
data/raw/cifar-10/train/10740.png,dog,train,5
data/raw/cifar-10/train/10709.png,ship,train,8
data/raw/cifar-10/train/7947.png,cat,train,3
data/raw/cifar-10/train/18669.png,truck,train,9
data/raw/cifar-10/train/28811.png,automobile,train,1
data/raw/cifar-10/train/31897.png,airplane,train,0
data/raw/cifar-10/train/7970.png,horse,train,7
data/raw/cifar-10/train/17382.png,cat,train,3
data/raw/cifar-10/train/29150.png,automobile,train,1
data/raw/cifar-10/train/44732.png,airplane,train,0
data/raw/cifar-10/train/27139.png,cat,train,3
data/raw/cifar-10/train/9247.png,frog,train,6
data/raw/cifar-10/train/47084.png,truck,train,9
data/raw/cifar-10/train/35358.png,automobile,train,1
data/raw/cifar-10/train/11795.png,deer,train,4
data/raw/cifar-10/train/40417.png,horse,train,7
data/raw/cifar-10/train/21881.png,ship,train,8
data/raw/cifar-10/train/10509.png,cat,train,3
data/raw/cifar-10/train/3209.png,horse,train,7
data/raw/cifar-10/train/40646.png,ship,train,8
data/raw/cifar-10/train/48540.png,automobile,train,1
data/raw/cifar-10/train/15656.png,automobile,train,1
data/raw/cifar-10/train/3861.png,ship,train,8
data/raw/cifar-10/train/43203.png,deer,train,4
data/raw/cifar-10/train/1998.png,horse,train,7
data/raw/cifar-10/train/9320.png,bird,train,2
data/raw/cifar-10/train/20754.png,automobile,train,1
data/raw/cifar-10/train/34427.png,automobile,train,1
data/raw/cifar-10/train/40976.png,bird,train,2
data/raw/cifar-10/train/3357.png,dog,train,5
data/raw/cifar-10/train/42954.png,cat,train,3
data/raw/cifar-10/train/21684.png,truck,train,9
data/raw/cifar-10/train/37672.png,horse,train,7
data/raw/cifar-10/train/35870.png,horse,train,7
data/raw/cifar-10/train/26920.png,frog,train,6
data/raw/cifar-10/train/20603.png,airplane,train,0
data/raw/cifar-10/train/29527.png,horse,train,7
data/raw/cifar-10/train/12904.png,automobile,train,1
data/raw/cifar-10/train/40415.png,truck,train,9
data/raw/cifar-10/train/13048.png,bird,train,2
data/raw/cifar-10/train/2192.png,bird,train,2
data/raw/cifar-10/train/19225.png,bird,train,2
data/raw/cifar-10/train/33229.png,automobile,train,1
data/raw/cifar-10/train/45126.png,dog,train,5
data/raw/cifar-10/train/37948.png,bird,train,2
data/raw/cifar-10/train/10972.png,dog,train,5
data/raw/cifar-10/train/65.png,automobile,train,1
data/raw/cifar-10/train/47946.png,ship,train,8
data/raw/cifar-10/train/12513.png,frog,train,6
data/raw/cifar-10/train/35933.png,dog,train,5
data/raw/cifar-10/train/19720.png,truck,train,9
data/raw/cifar-10/train/9912.png,truck,train,9
data/raw/cifar-10/train/34267.png,bird,train,2
data/raw/cifar-10/train/47394.png,ship,train,8
data/raw/cifar-10/train/47685.png,cat,train,3
data/raw/cifar-10/train/10758.png,frog,train,6
data/raw/cifar-10/train/44899.png,cat,train,3
data/raw/cifar-10/train/26875.png,dog,train,5
data/raw/cifar-10/train/12764.png,horse,train,7
data/raw/cifar-10/train/25344.png,horse,train,7
data/raw/cifar-10/train/5589.png,frog,train,6
data/raw/cifar-10/train/29228.png,ship,train,8
data/raw/cifar-10/train/3356.png,cat,train,3
data/raw/cifar-10/train/10077.png,deer,train,4
data/raw/cifar-10/train/31248.png,horse,train,7
data/raw/cifar-10/train/17758.png,bird,train,2
data/raw/cifar-10/train/86.png,horse,train,7
data/raw/cifar-10/train/19950.png,frog,train,6
data/raw/cifar-10/train/48336.png,ship,train,8
data/raw/cifar-10/train/12911.png,airplane,train,0
data/raw/cifar-10/train/9341.png,truck,train,9
data/raw/cifar-10/train/11397.png,dog,train,5
data/raw/cifar-10/train/45118.png,cat,train,3
data/raw/cifar-10/train/11606.png,horse,train,7
data/raw/cifar-10/train/39919.png,ship,train,8
data/raw/cifar-10/train/34306.png,bird,train,2
data/raw/cifar-10/train/26415.png,bird,train,2
data/raw/cifar-10/train/32651.png,deer,train,4
data/raw/cifar-10/train/32772.png,automobile,train,1
data/raw/cifar-10/train/20290.png,cat,train,3
data/raw/cifar-10/train/26944.png,deer,train,4
data/raw/cifar-10/train/30601.png,deer,train,4
data/raw/cifar-10/train/29749.png,airplane,train,0
data/raw/cifar-10/train/46697.png,truck,train,9
data/raw/cifar-10/train/27920.png,ship,train,8
data/raw/cifar-10/train/9750.png,deer,train,4
data/raw/cifar-10/train/461.png,ship,train,8
data/raw/cifar-10/train/7402.png,automobile,train,1
data/raw/cifar-10/train/15785.png,truck,train,9
data/raw/cifar-10/train/31017.png,cat,train,3
data/raw/cifar-10/train/32714.png,airplane,train,0
data/raw/cifar-10/train/4633.png,dog,train,5
data/raw/cifar-10/train/10629.png,bird,train,2
data/raw/cifar-10/train/4652.png,airplane,train,0
data/raw/cifar-10/train/26569.png,bird,train,2
data/raw/cifar-10/train/24563.png,cat,train,3
data/raw/cifar-10/train/40256.png,ship,train,8
data/raw/cifar-10/train/32621.png,deer,train,4
data/raw/cifar-10/train/45873.png,ship,train,8
data/raw/cifar-10/train/39624.png,truck,train,9
data/raw/cifar-10/train/4760.png,airplane,train,0
data/raw/cifar-10/train/68.png,truck,train,9
data/raw/cifar-10/train/20900.png,dog,train,5
data/raw/cifar-10/train/41985.png,automobile,train,1
data/raw/cifar-10/train/18828.png,ship,train,8
data/raw/cifar-10/train/12103.png,automobile,train,1
data/raw/cifar-10/train/30820.png,dog,train,5
data/raw/cifar-10/train/2177.png,ship,train,8
data/raw/cifar-10/train/26833.png,truck,train,9
data/raw/cifar-10/train/45874.png,deer,train,4
data/raw/cifar-10/train/37217.png,dog,train,5
data/raw/cifar-10/train/15798.png,automobile,train,1
data/raw/cifar-10/train/30140.png,bird,train,2
data/raw/cifar-10/train/48004.png,automobile,train,1
data/raw/cifar-10/train/7027.png,bird,train,2
data/raw/cifar-10/train/12067.png,frog,train,6
data/raw/cifar-10/train/40075.png,frog,train,6
data/raw/cifar-10/train/48010.png,airplane,train,0
data/raw/cifar-10/train/25499.png,deer,train,4
data/raw/cifar-10/train/39407.png,horse,train,7
data/raw/cifar-10/train/28849.png,automobile,train,1
data/raw/cifar-10/train/22584.png,ship,train,8
data/raw/cifar-10/train/44238.png,dog,train,5
data/raw/cifar-10/train/19227.png,automobile,train,1
data/raw/cifar-10/train/38244.png,horse,train,7
data/raw/cifar-10/train/45552.png,ship,train,8
data/raw/cifar-10/train/25387.png,ship,train,8
data/raw/cifar-10/train/45095.png,ship,train,8
data/raw/cifar-10/train/12353.png,dog,train,5
data/raw/cifar-10/train/6775.png,bird,train,2
data/raw/cifar-10/train/35453.png,dog,train,5
data/raw/cifar-10/train/49524.png,dog,train,5
data/raw/cifar-10/train/12906.png,ship,train,8
data/raw/cifar-10/train/7839.png,truck,train,9
data/raw/cifar-10/train/36222.png,ship,train,8
data/raw/cifar-10/train/19895.png,airplane,train,0
data/raw/cifar-10/train/44224.png,dog,train,5
data/raw/cifar-10/train/30553.png,horse,train,7
data/raw/cifar-10/train/7000.png,horse,train,7
data/raw/cifar-10/train/14366.png,airplane,train,0
data/raw/cifar-10/train/12921.png,automobile,train,1
data/raw/cifar-10/train/28070.png,dog,train,5
data/raw/cifar-10/train/4352.png,bird,train,2
data/raw/cifar-10/train/995.png,horse,train,7
data/raw/cifar-10/train/28385.png,ship,train,8
data/raw/cifar-10/train/22780.png,dog,train,5
data/raw/cifar-10/train/36991.png,cat,train,3
data/raw/cifar-10/train/4677.png,horse,train,7
data/raw/cifar-10/train/40872.png,dog,train,5
data/raw/cifar-10/train/19210.png,dog,train,5
data/raw/cifar-10/train/35046.png,deer,train,4
data/raw/cifar-10/train/46475.png,airplane,train,0
data/raw/cifar-10/train/22248.png,deer,train,4
data/raw/cifar-10/train/4588.png,truck,train,9
data/raw/cifar-10/train/46038.png,cat,train,3
data/raw/cifar-10/train/11259.png,truck,train,9
data/raw/cifar-10/train/5945.png,deer,train,4
data/raw/cifar-10/train/3045.png,deer,train,4
data/raw/cifar-10/train/12285.png,airplane,train,0
data/raw/cifar-10/train/10859.png,horse,train,7
data/raw/cifar-10/train/39771.png,ship,train,8
data/raw/cifar-10/train/39229.png,dog,train,5
data/raw/cifar-10/train/39261.png,airplane,train,0
data/raw/cifar-10/train/34193.png,dog,train,5
data/raw/cifar-10/train/28426.png,dog,train,5
data/raw/cifar-10/train/9010.png,airplane,train,0
data/raw/cifar-10/train/46451.png,bird,train,2
data/raw/cifar-10/train/49298.png,bird,train,2
data/raw/cifar-10/train/23472.png,truck,train,9
data/raw/cifar-10/train/26842.png,frog,train,6
data/raw/cifar-10/train/9807.png,automobile,train,1
data/raw/cifar-10/train/16781.png,cat,train,3
data/raw/cifar-10/train/5916.png,cat,train,3
data/raw/cifar-10/train/24349.png,cat,train,3
data/raw/cifar-10/train/35661.png,dog,train,5
data/raw/cifar-10/train/27727.png,horse,train,7
data/raw/cifar-10/train/13355.png,frog,train,6
data/raw/cifar-10/train/48776.png,dog,train,5
data/raw/cifar-10/train/26138.png,airplane,train,0
data/raw/cifar-10/train/25401.png,bird,train,2
data/raw/cifar-10/train/36295.png,deer,train,4
data/raw/cifar-10/train/36283.png,frog,train,6
data/raw/cifar-10/train/12527.png,frog,train,6
data/raw/cifar-10/train/4766.png,airplane,train,0
data/raw/cifar-10/train/19378.png,truck,train,9
data/raw/cifar-10/train/11862.png,dog,train,5
data/raw/cifar-10/train/18338.png,truck,train,9
data/raw/cifar-10/train/15795.png,cat,train,3
data/raw/cifar-10/train/4538.png,airplane,train,0
data/raw/cifar-10/train/12131.png,airplane,train,0
data/raw/cifar-10/train/32743.png,truck,train,9
data/raw/cifar-10/train/29371.png,horse,train,7
data/raw/cifar-10/train/41844.png,horse,train,7
data/raw/cifar-10/train/37605.png,truck,train,9
data/raw/cifar-10/train/42864.png,deer,train,4
data/raw/cifar-10/train/5016.png,airplane,train,0
data/raw/cifar-10/train/9319.png,automobile,train,1
data/raw/cifar-10/train/37515.png,cat,train,3
data/raw/cifar-10/train/24940.png,airplane,train,0
data/raw/cifar-10/train/32547.png,horse,train,7
data/raw/cifar-10/train/21157.png,cat,train,3
data/raw/cifar-10/train/10251.png,deer,train,4
data/raw/cifar-10/train/15531.png,deer,train,4
data/raw/cifar-10/train/10611.png,ship,train,8
data/raw/cifar-10/train/5109.png,dog,train,5
data/raw/cifar-10/train/40887.png,ship,train,8
data/raw/cifar-10/train/9950.png,deer,train,4
data/raw/cifar-10/train/6090.png,cat,train,3
data/raw/cifar-10/train/37913.png,cat,train,3
data/raw/cifar-10/train/11375.png,airplane,train,0
data/raw/cifar-10/train/24409.png,truck,train,9
data/raw/cifar-10/train/28461.png,dog,train,5
data/raw/cifar-10/train/9559.png,bird,train,2
data/raw/cifar-10/train/9865.png,frog,train,6
data/raw/cifar-10/train/43207.png,automobile,train,1
data/raw/cifar-10/train/19401.png,deer,train,4
data/raw/cifar-10/train/44539.png,dog,train,5
data/raw/cifar-10/train/17798.png,dog,train,5
data/raw/cifar-10/train/9659.png,automobile,train,1
data/raw/cifar-10/train/12274.png,frog,train,6
data/raw/cifar-10/train/8727.png,bird,train,2
data/raw/cifar-10/train/34421.png,automobile,train,1
data/raw/cifar-10/train/32225.png,deer,train,4
data/raw/cifar-10/train/30446.png,automobile,train,1
data/raw/cifar-10/train/44208.png,bird,train,2
data/raw/cifar-10/train/11029.png,cat,train,3
data/raw/cifar-10/train/5050.png,dog,train,5
data/raw/cifar-10/train/19147.png,truck,train,9
data/raw/cifar-10/train/35563.png,ship,train,8
data/raw/cifar-10/train/38230.png,cat,train,3
data/raw/cifar-10/train/15616.png,ship,train,8
data/raw/cifar-10/train/33436.png,dog,train,5
data/raw/cifar-10/train/23202.png,ship,train,8
data/raw/cifar-10/train/16936.png,dog,train,5
data/raw/cifar-10/train/18230.png,dog,train,5
data/raw/cifar-10/train/35135.png,automobile,train,1
data/raw/cifar-10/train/39052.png,bird,train,2
data/raw/cifar-10/train/24790.png,bird,train,2
data/raw/cifar-10/train/40629.png,frog,train,6
data/raw/cifar-10/train/40392.png,ship,train,8
data/raw/cifar-10/train/24050.png,frog,train,6
data/raw/cifar-10/train/37481.png,automobile,train,1
data/raw/cifar-10/train/41402.png,bird,train,2
data/raw/cifar-10/train/19415.png,cat,train,3
data/raw/cifar-10/train/5110.png,frog,train,6
data/raw/cifar-10/train/9500.png,airplane,train,0
data/raw/cifar-10/train/16270.png,dog,train,5
data/raw/cifar-10/train/36940.png,ship,train,8
data/raw/cifar-10/train/20930.png,cat,train,3
data/raw/cifar-10/train/31300.png,frog,train,6
data/raw/cifar-10/train/36439.png,ship,train,8
data/raw/cifar-10/train/28504.png,frog,train,6
data/raw/cifar-10/train/15430.png,ship,train,8
data/raw/cifar-10/train/23783.png,dog,train,5
data/raw/cifar-10/train/14405.png,bird,train,2
data/raw/cifar-10/train/27822.png,truck,train,9
data/raw/cifar-10/train/31954.png,deer,train,4
data/raw/cifar-10/train/39945.png,horse,train,7
data/raw/cifar-10/train/2616.png,automobile,train,1
data/raw/cifar-10/train/30174.png,deer,train,4
data/raw/cifar-10/train/11741.png,dog,train,5
data/raw/cifar-10/train/30043.png,dog,train,5
data/raw/cifar-10/train/21305.png,deer,train,4
data/raw/cifar-10/train/19375.png,ship,train,8
data/raw/cifar-10/train/28614.png,deer,train,4
data/raw/cifar-10/train/46212.png,horse,train,7
data/raw/cifar-10/train/41444.png,frog,train,6
data/raw/cifar-10/train/22454.png,cat,train,3
data/raw/cifar-10/train/45196.png,automobile,train,1
data/raw/cifar-10/train/46539.png,ship,train,8
data/raw/cifar-10/train/22865.png,bird,train,2
data/raw/cifar-10/train/41224.png,bird,train,2
data/raw/cifar-10/train/41160.png,cat,train,3
data/raw/cifar-10/train/41397.png,truck,train,9
data/raw/cifar-10/train/19942.png,frog,train,6
data/raw/cifar-10/train/21831.png,ship,train,8
data/raw/cifar-10/train/3645.png,airplane,train,0
data/raw/cifar-10/train/2997.png,airplane,train,0
data/raw/cifar-10/train/17667.png,automobile,train,1
data/raw/cifar-10/train/4263.png,deer,train,4
data/raw/cifar-10/train/46934.png,bird,train,2
data/raw/cifar-10/train/6481.png,truck,train,9
data/raw/cifar-10/train/25538.png,horse,train,7
data/raw/cifar-10/train/13012.png,airplane,train,0
data/raw/cifar-10/train/25621.png,deer,train,4
data/raw/cifar-10/train/22257.png,frog,train,6
data/raw/cifar-10/train/31561.png,cat,train,3
data/raw/cifar-10/train/49375.png,ship,train,8
data/raw/cifar-10/train/34844.png,truck,train,9
data/raw/cifar-10/train/26497.png,truck,train,9
data/raw/cifar-10/train/42477.png,airplane,train,0
data/raw/cifar-10/train/20488.png,frog,train,6
data/raw/cifar-10/train/21086.png,cat,train,3
data/raw/cifar-10/train/31740.png,horse,train,7
data/raw/cifar-10/train/15335.png,ship,train,8
data/raw/cifar-10/train/18815.png,cat,train,3
data/raw/cifar-10/train/49108.png,airplane,train,0
data/raw/cifar-10/train/23966.png,ship,train,8
data/raw/cifar-10/train/22953.png,automobile,train,1
data/raw/cifar-10/train/29.png,deer,train,4
data/raw/cifar-10/train/19048.png,deer,train,4
data/raw/cifar-10/train/31814.png,bird,train,2
data/raw/cifar-10/train/1698.png,truck,train,9
data/raw/cifar-10/train/4402.png,horse,train,7
data/raw/cifar-10/train/25502.png,ship,train,8
data/raw/cifar-10/train/6593.png,frog,train,6
data/raw/cifar-10/train/10615.png,automobile,train,1
data/raw/cifar-10/train/22361.png,deer,train,4
data/raw/cifar-10/train/39232.png,horse,train,7
data/raw/cifar-10/train/21452.png,ship,train,8
data/raw/cifar-10/train/21454.png,deer,train,4
data/raw/cifar-10/train/14795.png,cat,train,3
data/raw/cifar-10/train/14143.png,deer,train,4
data/raw/cifar-10/train/26893.png,deer,train,4
data/raw/cifar-10/train/10154.png,automobile,train,1
data/raw/cifar-10/train/46426.png,cat,train,3
data/raw/cifar-10/train/12200.png,frog,train,6
data/raw/cifar-10/train/15613.png,frog,train,6
data/raw/cifar-10/train/16504.png,deer,train,4
data/raw/cifar-10/train/31418.png,ship,train,8
data/raw/cifar-10/train/37736.png,frog,train,6
data/raw/cifar-10/train/13976.png,horse,train,7
data/raw/cifar-10/train/41596.png,deer,train,4
data/raw/cifar-10/train/37849.png,bird,train,2
data/raw/cifar-10/train/46099.png,horse,train,7
data/raw/cifar-10/train/18991.png,frog,train,6
data/raw/cifar-10/train/23629.png,frog,train,6
data/raw/cifar-10/train/11440.png,frog,train,6
data/raw/cifar-10/train/28463.png,frog,train,6
data/raw/cifar-10/train/32668.png,dog,train,5
data/raw/cifar-10/train/27864.png,bird,train,2
data/raw/cifar-10/train/19297.png,bird,train,2
data/raw/cifar-10/train/31393.png,ship,train,8
data/raw/cifar-10/train/8142.png,truck,train,9
data/raw/cifar-10/train/13521.png,truck,train,9
data/raw/cifar-10/train/39964.png,frog,train,6
data/raw/cifar-10/train/9972.png,truck,train,9
data/raw/cifar-10/train/7983.png,frog,train,6
data/raw/cifar-10/train/9152.png,bird,train,2
data/raw/cifar-10/train/9128.png,automobile,train,1
data/raw/cifar-10/train/44382.png,cat,train,3
data/raw/cifar-10/train/23832.png,dog,train,5
data/raw/cifar-10/train/29064.png,frog,train,6
data/raw/cifar-10/train/48789.png,airplane,train,0
data/raw/cifar-10/train/16791.png,bird,train,2
data/raw/cifar-10/train/43461.png,deer,train,4
data/raw/cifar-10/train/31491.png,truck,train,9
data/raw/cifar-10/train/33679.png,horse,train,7
data/raw/cifar-10/train/20897.png,automobile,train,1
data/raw/cifar-10/train/3242.png,frog,train,6
data/raw/cifar-10/train/9229.png,cat,train,3
data/raw/cifar-10/train/37015.png,truck,train,9
data/raw/cifar-10/train/33940.png,automobile,train,1
data/raw/cifar-10/train/49002.png,truck,train,9
data/raw/cifar-10/train/35138.png,horse,train,7
data/raw/cifar-10/train/41558.png,airplane,train,0
data/raw/cifar-10/train/26381.png,deer,train,4
data/raw/cifar-10/train/24870.png,cat,train,3
data/raw/cifar-10/train/46804.png,deer,train,4
data/raw/cifar-10/train/774.png,ship,train,8
data/raw/cifar-10/train/24081.png,deer,train,4
data/raw/cifar-10/train/11212.png,cat,train,3
data/raw/cifar-10/train/19267.png,truck,train,9
data/raw/cifar-10/train/13779.png,deer,train,4
data/raw/cifar-10/train/31177.png,truck,train,9
data/raw/cifar-10/train/31323.png,automobile,train,1
data/raw/cifar-10/train/10238.png,deer,train,4
data/raw/cifar-10/train/21445.png,ship,train,8
data/raw/cifar-10/train/49396.png,bird,train,2
data/raw/cifar-10/train/590.png,horse,train,7
data/raw/cifar-10/train/15498.png,frog,train,6
data/raw/cifar-10/train/35011.png,bird,train,2
data/raw/cifar-10/train/27306.png,dog,train,5
data/raw/cifar-10/train/26242.png,automobile,train,1
data/raw/cifar-10/train/44814.png,dog,train,5
data/raw/cifar-10/train/9199.png,frog,train,6
data/raw/cifar-10/train/31914.png,cat,train,3
data/raw/cifar-10/train/26544.png,dog,train,5
data/raw/cifar-10/train/14284.png,deer,train,4
data/raw/cifar-10/train/6096.png,frog,train,6
data/raw/cifar-10/train/39588.png,dog,train,5
data/raw/cifar-10/train/46754.png,deer,train,4
data/raw/cifar-10/train/12250.png,ship,train,8
data/raw/cifar-10/train/25485.png,bird,train,2
data/raw/cifar-10/train/27165.png,frog,train,6
data/raw/cifar-10/train/29598.png,deer,train,4
data/raw/cifar-10/train/12455.png,cat,train,3
data/raw/cifar-10/train/41114.png,dog,train,5
data/raw/cifar-10/train/42128.png,truck,train,9
data/raw/cifar-10/train/7134.png,frog,train,6
data/raw/cifar-10/train/33169.png,cat,train,3
data/raw/cifar-10/train/47451.png,bird,train,2
data/raw/cifar-10/train/19105.png,airplane,train,0
data/raw/cifar-10/train/44626.png,automobile,train,1
data/raw/cifar-10/train/37976.png,truck,train,9
data/raw/cifar-10/train/44234.png,cat,train,3
data/raw/cifar-10/train/5481.png,ship,train,8
data/raw/cifar-10/train/26820.png,deer,train,4
data/raw/cifar-10/train/1047.png,horse,train,7
data/raw/cifar-10/train/41193.png,automobile,train,1
data/raw/cifar-10/train/47708.png,frog,train,6
data/raw/cifar-10/train/48108.png,ship,train,8
data/raw/cifar-10/train/46297.png,truck,train,9
data/raw/cifar-10/train/41635.png,truck,train,9
data/raw/cifar-10/train/14040.png,frog,train,6
data/raw/cifar-10/train/28045.png,horse,train,7
data/raw/cifar-10/train/8465.png,dog,train,5
data/raw/cifar-10/train/1918.png,frog,train,6
data/raw/cifar-10/train/291.png,ship,train,8
data/raw/cifar-10/train/15351.png,truck,train,9
data/raw/cifar-10/train/2122.png,bird,train,2
data/raw/cifar-10/train/32268.png,airplane,train,0
data/raw/cifar-10/train/17127.png,automobile,train,1
data/raw/cifar-10/train/35780.png,automobile,train,1
data/raw/cifar-10/train/6663.png,truck,train,9
data/raw/cifar-10/train/5728.png,bird,train,2
data/raw/cifar-10/train/3487.png,cat,train,3
data/raw/cifar-10/train/4345.png,truck,train,9
data/raw/cifar-10/train/45556.png,deer,train,4
data/raw/cifar-10/train/16083.png,automobile,train,1
data/raw/cifar-10/train/28995.png,bird,train,2
data/raw/cifar-10/train/39233.png,ship,train,8
data/raw/cifar-10/train/9466.png,ship,train,8
data/raw/cifar-10/train/5269.png,frog,train,6
data/raw/cifar-10/train/47245.png,deer,train,4
data/raw/cifar-10/train/6578.png,dog,train,5
data/raw/cifar-10/train/24455.png,deer,train,4
data/raw/cifar-10/train/21458.png,ship,train,8
data/raw/cifar-10/train/7495.png,truck,train,9
data/raw/cifar-10/train/16351.png,horse,train,7
data/raw/cifar-10/train/14587.png,truck,train,9
data/raw/cifar-10/train/6833.png,frog,train,6
data/raw/cifar-10/train/5659.png,ship,train,8
data/raw/cifar-10/train/28024.png,horse,train,7
data/raw/cifar-10/train/6733.png,cat,train,3
data/raw/cifar-10/train/18749.png,dog,train,5
data/raw/cifar-10/train/25109.png,horse,train,7
data/raw/cifar-10/train/10991.png,airplane,train,0
data/raw/cifar-10/train/7494.png,cat,train,3
data/raw/cifar-10/train/29173.png,deer,train,4
data/raw/cifar-10/train/36391.png,ship,train,8
data/raw/cifar-10/train/37926.png,bird,train,2
data/raw/cifar-10/train/48667.png,dog,train,5
data/raw/cifar-10/train/2276.png,horse,train,7
data/raw/cifar-10/train/6598.png,airplane,train,0
data/raw/cifar-10/train/6.png,automobile,train,1
data/raw/cifar-10/train/3239.png,automobile,train,1
data/raw/cifar-10/train/45982.png,deer,train,4
data/raw/cifar-10/train/18494.png,deer,train,4
data/raw/cifar-10/train/39543.png,frog,train,6
data/raw/cifar-10/train/34338.png,deer,train,4
data/raw/cifar-10/train/35304.png,frog,train,6
data/raw/cifar-10/train/16033.png,horse,train,7
data/raw/cifar-10/train/42177.png,cat,train,3
data/raw/cifar-10/train/26636.png,truck,train,9
data/raw/cifar-10/train/27989.png,ship,train,8
data/raw/cifar-10/train/40255.png,truck,train,9
data/raw/cifar-10/train/2016.png,horse,train,7
data/raw/cifar-10/train/44625.png,airplane,train,0
data/raw/cifar-10/train/30383.png,horse,train,7
data/raw/cifar-10/train/4689.png,horse,train,7
data/raw/cifar-10/train/39767.png,ship,train,8
data/raw/cifar-10/train/4112.png,truck,train,9
data/raw/cifar-10/train/40347.png,airplane,train,0
data/raw/cifar-10/train/19051.png,truck,train,9
data/raw/cifar-10/train/39440.png,deer,train,4
data/raw/cifar-10/train/20943.png,ship,train,8
data/raw/cifar-10/train/4339.png,airplane,train,0
data/raw/cifar-10/train/48091.png,bird,train,2
data/raw/cifar-10/train/32228.png,dog,train,5
data/raw/cifar-10/train/6919.png,frog,train,6
data/raw/cifar-10/train/22176.png,automobile,train,1
data/raw/cifar-10/train/5768.png,horse,train,7
data/raw/cifar-10/train/1855.png,horse,train,7
data/raw/cifar-10/train/29526.png,deer,train,4
data/raw/cifar-10/train/13894.png,ship,train,8
data/raw/cifar-10/train/21990.png,frog,train,6
data/raw/cifar-10/train/5577.png,bird,train,2
data/raw/cifar-10/train/33062.png,ship,train,8
data/raw/cifar-10/train/2533.png,dog,train,5
data/raw/cifar-10/train/40621.png,dog,train,5
data/raw/cifar-10/train/23481.png,ship,train,8
data/raw/cifar-10/train/9825.png,deer,train,4
data/raw/cifar-10/train/32934.png,ship,train,8
data/raw/cifar-10/train/16307.png,bird,train,2
data/raw/cifar-10/train/12146.png,cat,train,3
data/raw/cifar-10/train/20370.png,horse,train,7
data/raw/cifar-10/train/47328.png,cat,train,3
data/raw/cifar-10/train/16788.png,cat,train,3
data/raw/cifar-10/train/34357.png,horse,train,7
data/raw/cifar-10/train/31823.png,horse,train,7
data/raw/cifar-10/train/17793.png,airplane,train,0
data/raw/cifar-10/train/32545.png,bird,train,2
data/raw/cifar-10/train/11814.png,bird,train,2
data/raw/cifar-10/train/10275.png,horse,train,7
data/raw/cifar-10/train/25456.png,bird,train,2
data/raw/cifar-10/train/35417.png,ship,train,8
data/raw/cifar-10/train/43901.png,truck,train,9
data/raw/cifar-10/train/44187.png,bird,train,2
data/raw/cifar-10/train/28179.png,airplane,train,0
data/raw/cifar-10/train/2356.png,airplane,train,0
data/raw/cifar-10/train/38043.png,horse,train,7
data/raw/cifar-10/train/18855.png,airplane,train,0
data/raw/cifar-10/train/46582.png,horse,train,7
data/raw/cifar-10/train/12064.png,truck,train,9
data/raw/cifar-10/train/18364.png,deer,train,4
data/raw/cifar-10/train/11669.png,cat,train,3
data/raw/cifar-10/train/22790.png,horse,train,7
data/raw/cifar-10/train/15137.png,horse,train,7
data/raw/cifar-10/train/20216.png,cat,train,3
data/raw/cifar-10/train/24967.png,frog,train,6
data/raw/cifar-10/train/45121.png,bird,train,2
data/raw/cifar-10/train/11230.png,airplane,train,0
data/raw/cifar-10/train/11737.png,cat,train,3
data/raw/cifar-10/train/44457.png,cat,train,3
data/raw/cifar-10/train/16740.png,bird,train,2
data/raw/cifar-10/train/38533.png,truck,train,9
data/raw/cifar-10/train/3454.png,dog,train,5
data/raw/cifar-10/train/42089.png,dog,train,5
data/raw/cifar-10/train/18080.png,horse,train,7
data/raw/cifar-10/train/15636.png,ship,train,8
data/raw/cifar-10/train/19538.png,dog,train,5
data/raw/cifar-10/train/6650.png,cat,train,3
data/raw/cifar-10/train/13365.png,truck,train,9
data/raw/cifar-10/train/12536.png,horse,train,7
data/raw/cifar-10/train/31984.png,truck,train,9
data/raw/cifar-10/train/23153.png,frog,train,6
data/raw/cifar-10/train/15002.png,frog,train,6
data/raw/cifar-10/train/12315.png,truck,train,9
data/raw/cifar-10/train/36225.png,dog,train,5
data/raw/cifar-10/train/29435.png,frog,train,6
data/raw/cifar-10/train/44789.png,dog,train,5
data/raw/cifar-10/train/41370.png,cat,train,3
data/raw/cifar-10/train/14165.png,deer,train,4
data/raw/cifar-10/train/37300.png,ship,train,8
data/raw/cifar-10/train/28627.png,automobile,train,1
data/raw/cifar-10/train/23899.png,dog,train,5
data/raw/cifar-10/train/30084.png,automobile,train,1
data/raw/cifar-10/train/39222.png,deer,train,4
data/raw/cifar-10/train/15054.png,cat,train,3
data/raw/cifar-10/train/20785.png,cat,train,3
data/raw/cifar-10/train/20807.png,cat,train,3
data/raw/cifar-10/train/4944.png,deer,train,4
data/raw/cifar-10/train/44715.png,truck,train,9
data/raw/cifar-10/train/22892.png,cat,train,3
data/raw/cifar-10/train/10240.png,deer,train,4
data/raw/cifar-10/train/2853.png,horse,train,7
data/raw/cifar-10/train/48215.png,frog,train,6
data/raw/cifar-10/train/25557.png,deer,train,4
data/raw/cifar-10/train/33631.png,frog,train,6
data/raw/cifar-10/train/11329.png,dog,train,5
data/raw/cifar-10/train/7539.png,frog,train,6
data/raw/cifar-10/train/17306.png,dog,train,5
data/raw/cifar-10/train/13557.png,bird,train,2
data/raw/cifar-10/train/27020.png,automobile,train,1
data/raw/cifar-10/train/23805.png,airplane,train,0
data/raw/cifar-10/train/49061.png,automobile,train,1
data/raw/cifar-10/train/31555.png,horse,train,7
data/raw/cifar-10/train/16730.png,ship,train,8
data/raw/cifar-10/train/29789.png,ship,train,8
data/raw/cifar-10/train/42858.png,truck,train,9
data/raw/cifar-10/train/17075.png,cat,train,3
data/raw/cifar-10/train/14883.png,deer,train,4
data/raw/cifar-10/train/36365.png,horse,train,7
data/raw/cifar-10/train/23479.png,airplane,train,0
data/raw/cifar-10/train/33235.png,bird,train,2
data/raw/cifar-10/train/10390.png,bird,train,2
data/raw/cifar-10/train/2557.png,frog,train,6
data/raw/cifar-10/train/11841.png,horse,train,7
data/raw/cifar-10/train/28239.png,bird,train,2
data/raw/cifar-10/train/28735.png,bird,train,2
data/raw/cifar-10/train/28676.png,airplane,train,0
data/raw/cifar-10/train/45796.png,bird,train,2
data/raw/cifar-10/train/28148.png,dog,train,5
data/raw/cifar-10/train/30117.png,airplane,train,0
data/raw/cifar-10/train/26790.png,automobile,train,1
data/raw/cifar-10/train/2733.png,ship,train,8
data/raw/cifar-10/train/2706.png,deer,train,4
data/raw/cifar-10/train/19494.png,airplane,train,0
data/raw/cifar-10/train/16148.png,ship,train,8
data/raw/cifar-10/train/31028.png,deer,train,4
data/raw/cifar-10/train/18637.png,horse,train,7
data/raw/cifar-10/train/42761.png,deer,train,4
data/raw/cifar-10/train/46918.png,ship,train,8
data/raw/cifar-10/train/14935.png,ship,train,8
data/raw/cifar-10/train/41059.png,deer,train,4
data/raw/cifar-10/train/20822.png,frog,train,6
data/raw/cifar-10/train/8393.png,airplane,train,0
data/raw/cifar-10/train/5009.png,cat,train,3
data/raw/cifar-10/train/46063.png,cat,train,3
data/raw/cifar-10/train/22805.png,frog,train,6
data/raw/cifar-10/train/13996.png,deer,train,4
data/raw/cifar-10/train/47622.png,dog,train,5
data/raw/cifar-10/train/14252.png,deer,train,4
data/raw/cifar-10/train/33652.png,ship,train,8
data/raw/cifar-10/train/26824.png,deer,train,4
data/raw/cifar-10/train/19996.png,ship,train,8
data/raw/cifar-10/train/17334.png,cat,train,3
data/raw/cifar-10/train/35066.png,bird,train,2
data/raw/cifar-10/train/23238.png,bird,train,2
data/raw/cifar-10/train/30329.png,ship,train,8
data/raw/cifar-10/train/20487.png,automobile,train,1
data/raw/cifar-10/train/12837.png,airplane,train,0
data/raw/cifar-10/train/17288.png,frog,train,6
data/raw/cifar-10/train/30731.png,airplane,train,0
data/raw/cifar-10/train/46913.png,frog,train,6
data/raw/cifar-10/train/48682.png,automobile,train,1
data/raw/cifar-10/train/43506.png,ship,train,8
data/raw/cifar-10/train/48159.png,ship,train,8
data/raw/cifar-10/train/20598.png,frog,train,6
data/raw/cifar-10/train/44782.png,dog,train,5
data/raw/cifar-10/train/17795.png,dog,train,5
data/raw/cifar-10/train/5522.png,airplane,train,0
data/raw/cifar-10/train/1436.png,deer,train,4
data/raw/cifar-10/train/6012.png,bird,train,2
data/raw/cifar-10/train/809.png,bird,train,2
data/raw/cifar-10/train/710.png,bird,train,2
data/raw/cifar-10/train/6845.png,deer,train,4
data/raw/cifar-10/train/46965.png,airplane,train,0
data/raw/cifar-10/train/38170.png,frog,train,6
data/raw/cifar-10/train/28238.png,cat,train,3
data/raw/cifar-10/train/41069.png,airplane,train,0
data/raw/cifar-10/train/34255.png,bird,train,2
data/raw/cifar-10/train/24486.png,deer,train,4
data/raw/cifar-10/train/36292.png,truck,train,9
data/raw/cifar-10/train/21871.png,automobile,train,1
data/raw/cifar-10/train/32835.png,ship,train,8
data/raw/cifar-10/train/19112.png,truck,train,9
data/raw/cifar-10/train/33380.png,bird,train,2
data/raw/cifar-10/train/38270.png,deer,train,4
data/raw/cifar-10/train/19973.png,dog,train,5
data/raw/cifar-10/train/6400.png,airplane,train,0
data/raw/cifar-10/train/15141.png,deer,train,4
data/raw/cifar-10/train/34856.png,airplane,train,0
data/raw/cifar-10/train/35914.png,cat,train,3
data/raw/cifar-10/train/33937.png,horse,train,7
data/raw/cifar-10/train/36410.png,horse,train,7
data/raw/cifar-10/train/45616.png,airplane,train,0
data/raw/cifar-10/train/10669.png,dog,train,5
data/raw/cifar-10/train/31352.png,automobile,train,1
data/raw/cifar-10/train/20003.png,airplane,train,0
data/raw/cifar-10/train/10693.png,dog,train,5
data/raw/cifar-10/train/4686.png,frog,train,6
data/raw/cifar-10/train/42266.png,ship,train,8
data/raw/cifar-10/train/29985.png,ship,train,8
data/raw/cifar-10/train/1453.png,ship,train,8
data/raw/cifar-10/train/9001.png,deer,train,4
data/raw/cifar-10/train/33588.png,bird,train,2
data/raw/cifar-10/train/7452.png,ship,train,8
data/raw/cifar-10/train/18021.png,truck,train,9
data/raw/cifar-10/train/9237.png,airplane,train,0
data/raw/cifar-10/train/18949.png,bird,train,2
data/raw/cifar-10/train/15264.png,truck,train,9
data/raw/cifar-10/train/46028.png,horse,train,7
data/raw/cifar-10/train/13215.png,truck,train,9
data/raw/cifar-10/train/14406.png,dog,train,5
data/raw/cifar-10/train/10622.png,horse,train,7
data/raw/cifar-10/train/47805.png,cat,train,3
data/raw/cifar-10/train/5648.png,bird,train,2
data/raw/cifar-10/train/21477.png,bird,train,2
data/raw/cifar-10/train/16619.png,horse,train,7
data/raw/cifar-10/train/38776.png,dog,train,5
data/raw/cifar-10/train/48017.png,deer,train,4
data/raw/cifar-10/train/9812.png,dog,train,5
data/raw/cifar-10/train/28323.png,frog,train,6
data/raw/cifar-10/train/34107.png,airplane,train,0
data/raw/cifar-10/train/24392.png,truck,train,9
data/raw/cifar-10/train/30479.png,bird,train,2
data/raw/cifar-10/train/23467.png,ship,train,8
data/raw/cifar-10/train/33663.png,airplane,train,0
data/raw/cifar-10/train/539.png,bird,train,2
data/raw/cifar-10/train/23843.png,horse,train,7
data/raw/cifar-10/train/7998.png,cat,train,3
data/raw/cifar-10/train/26272.png,bird,train,2
data/raw/cifar-10/train/1999.png,dog,train,5
data/raw/cifar-10/train/19553.png,frog,train,6
data/raw/cifar-10/train/490.png,deer,train,4
data/raw/cifar-10/train/46847.png,frog,train,6
data/raw/cifar-10/train/13390.png,frog,train,6
data/raw/cifar-10/train/19370.png,truck,train,9
data/raw/cifar-10/train/20222.png,ship,train,8
data/raw/cifar-10/train/16195.png,deer,train,4
data/raw/cifar-10/train/11180.png,automobile,train,1
data/raw/cifar-10/train/42520.png,airplane,train,0
data/raw/cifar-10/train/45146.png,truck,train,9
data/raw/cifar-10/train/10678.png,ship,train,8
data/raw/cifar-10/train/25682.png,frog,train,6
data/raw/cifar-10/train/4315.png,airplane,train,0
data/raw/cifar-10/train/21666.png,ship,train,8
data/raw/cifar-10/train/15721.png,horse,train,7
data/raw/cifar-10/train/14913.png,automobile,train,1
data/raw/cifar-10/train/9008.png,automobile,train,1
data/raw/cifar-10/train/48601.png,frog,train,6
data/raw/cifar-10/train/48350.png,horse,train,7
data/raw/cifar-10/train/34500.png,bird,train,2
data/raw/cifar-10/train/24243.png,frog,train,6
data/raw/cifar-10/train/16610.png,bird,train,2
data/raw/cifar-10/train/46936.png,airplane,train,0
data/raw/cifar-10/train/36193.png,frog,train,6
data/raw/cifar-10/train/27375.png,horse,train,7
data/raw/cifar-10/train/15098.png,airplane,train,0
data/raw/cifar-10/train/21615.png,truck,train,9
data/raw/cifar-10/train/39107.png,ship,train,8
data/raw/cifar-10/train/28976.png,automobile,train,1
data/raw/cifar-10/train/34377.png,automobile,train,1
data/raw/cifar-10/train/14502.png,automobile,train,1
data/raw/cifar-10/train/21240.png,cat,train,3
data/raw/cifar-10/train/3199.png,dog,train,5
data/raw/cifar-10/train/44886.png,bird,train,2
data/raw/cifar-10/train/2898.png,horse,train,7
data/raw/cifar-10/train/7794.png,truck,train,9
data/raw/cifar-10/train/39865.png,ship,train,8
data/raw/cifar-10/train/47510.png,dog,train,5
data/raw/cifar-10/train/14982.png,frog,train,6
data/raw/cifar-10/train/46604.png,airplane,train,0
data/raw/cifar-10/train/15547.png,airplane,train,0
data/raw/cifar-10/train/5868.png,bird,train,2
data/raw/cifar-10/train/25302.png,deer,train,4
data/raw/cifar-10/train/25364.png,automobile,train,1
data/raw/cifar-10/train/39512.png,frog,train,6
data/raw/cifar-10/train/9702.png,truck,train,9
data/raw/cifar-10/train/16572.png,bird,train,2
data/raw/cifar-10/train/29995.png,frog,train,6
data/raw/cifar-10/train/7485.png,ship,train,8
data/raw/cifar-10/train/1646.png,horse,train,7
data/raw/cifar-10/train/16199.png,horse,train,7
data/raw/cifar-10/train/24651.png,dog,train,5
data/raw/cifar-10/train/23040.png,dog,train,5
data/raw/cifar-10/train/38941.png,deer,train,4
data/raw/cifar-10/train/24353.png,dog,train,5
data/raw/cifar-10/train/44001.png,horse,train,7
data/raw/cifar-10/train/24994.png,bird,train,2
data/raw/cifar-10/train/15610.png,automobile,train,1
data/raw/cifar-10/train/37624.png,dog,train,5
data/raw/cifar-10/train/13709.png,deer,train,4
data/raw/cifar-10/train/35572.png,frog,train,6
data/raw/cifar-10/train/47237.png,ship,train,8
data/raw/cifar-10/train/16598.png,ship,train,8
data/raw/cifar-10/train/4543.png,cat,train,3
data/raw/cifar-10/train/6476.png,deer,train,4
data/raw/cifar-10/train/18573.png,airplane,train,0
data/raw/cifar-10/train/26543.png,frog,train,6
data/raw/cifar-10/train/34760.png,ship,train,8
data/raw/cifar-10/train/40886.png,truck,train,9
data/raw/cifar-10/train/6018.png,dog,train,5
data/raw/cifar-10/train/47600.png,airplane,train,0
data/raw/cifar-10/train/11857.png,truck,train,9
data/raw/cifar-10/train/15703.png,automobile,train,1
data/raw/cifar-10/train/9066.png,truck,train,9
data/raw/cifar-10/train/25137.png,cat,train,3
data/raw/cifar-10/train/41123.png,ship,train,8
data/raw/cifar-10/train/45723.png,horse,train,7
data/raw/cifar-10/train/8396.png,bird,train,2
data/raw/cifar-10/train/19786.png,bird,train,2
data/raw/cifar-10/train/16713.png,bird,train,2
data/raw/cifar-10/train/48559.png,ship,train,8
data/raw/cifar-10/train/17002.png,horse,train,7
data/raw/cifar-10/train/46763.png,dog,train,5
data/raw/cifar-10/train/33382.png,frog,train,6
data/raw/cifar-10/train/21837.png,bird,train,2
data/raw/cifar-10/train/35877.png,ship,train,8
data/raw/cifar-10/train/32826.png,cat,train,3
data/raw/cifar-10/train/19810.png,dog,train,5
data/raw/cifar-10/train/41229.png,truck,train,9
data/raw/cifar-10/train/2531.png,cat,train,3
data/raw/cifar-10/train/4973.png,ship,train,8
data/raw/cifar-10/train/28870.png,frog,train,6
data/raw/cifar-10/train/1687.png,ship,train,8
data/raw/cifar-10/train/46422.png,automobile,train,1
data/raw/cifar-10/train/12320.png,ship,train,8
data/raw/cifar-10/train/31510.png,truck,train,9
data/raw/cifar-10/train/7026.png,frog,train,6
data/raw/cifar-10/train/2148.png,dog,train,5
data/raw/cifar-10/train/1949.png,frog,train,6
data/raw/cifar-10/train/18798.png,ship,train,8
data/raw/cifar-10/train/1469.png,ship,train,8
data/raw/cifar-10/train/4146.png,automobile,train,1
data/raw/cifar-10/train/13912.png,dog,train,5
data/raw/cifar-10/train/16634.png,horse,train,7
data/raw/cifar-10/train/31452.png,frog,train,6
data/raw/cifar-10/train/45367.png,frog,train,6
data/raw/cifar-10/train/1967.png,cat,train,3
data/raw/cifar-10/train/47824.png,cat,train,3
data/raw/cifar-10/train/37492.png,automobile,train,1
data/raw/cifar-10/train/43210.png,dog,train,5
data/raw/cifar-10/train/46731.png,automobile,train,1
data/raw/cifar-10/train/43171.png,deer,train,4
data/raw/cifar-10/train/37847.png,frog,train,6
data/raw/cifar-10/train/42053.png,horse,train,7
data/raw/cifar-10/train/12093.png,ship,train,8
data/raw/cifar-10/train/32759.png,dog,train,5
data/raw/cifar-10/train/15868.png,automobile,train,1
data/raw/cifar-10/train/3003.png,dog,train,5
data/raw/cifar-10/train/36507.png,airplane,train,0
data/raw/cifar-10/train/25220.png,cat,train,3
data/raw/cifar-10/train/17637.png,horse,train,7
data/raw/cifar-10/train/30068.png,bird,train,2
data/raw/cifar-10/train/24716.png,horse,train,7
data/raw/cifar-10/train/15089.png,bird,train,2
data/raw/cifar-10/train/28359.png,truck,train,9
data/raw/cifar-10/train/23370.png,dog,train,5
data/raw/cifar-10/train/11392.png,horse,train,7
data/raw/cifar-10/train/28754.png,truck,train,9
data/raw/cifar-10/train/8386.png,cat,train,3
data/raw/cifar-10/train/13078.png,frog,train,6
data/raw/cifar-10/train/14461.png,airplane,train,0
data/raw/cifar-10/train/24561.png,cat,train,3
data/raw/cifar-10/train/26425.png,automobile,train,1
data/raw/cifar-10/train/5706.png,cat,train,3
data/raw/cifar-10/train/43205.png,cat,train,3
data/raw/cifar-10/train/8146.png,truck,train,9
data/raw/cifar-10/train/15068.png,horse,train,7
data/raw/cifar-10/train/26854.png,automobile,train,1
data/raw/cifar-10/train/25571.png,cat,train,3
data/raw/cifar-10/train/34242.png,horse,train,7
data/raw/cifar-10/train/49280.png,frog,train,6
data/raw/cifar-10/train/25921.png,airplane,train,0
data/raw/cifar-10/train/12605.png,frog,train,6
data/raw/cifar-10/train/9917.png,bird,train,2
data/raw/cifar-10/train/49838.png,airplane,train,0
data/raw/cifar-10/train/3715.png,dog,train,5
data/raw/cifar-10/train/38327.png,airplane,train,0
data/raw/cifar-10/train/2947.png,airplane,train,0
data/raw/cifar-10/train/22951.png,truck,train,9
data/raw/cifar-10/train/34173.png,cat,train,3
data/raw/cifar-10/train/33837.png,bird,train,2
data/raw/cifar-10/train/31459.png,truck,train,9
data/raw/cifar-10/train/7075.png,bird,train,2
data/raw/cifar-10/train/45634.png,dog,train,5
data/raw/cifar-10/train/13368.png,frog,train,6
data/raw/cifar-10/train/33600.png,automobile,train,1
data/raw/cifar-10/train/37484.png,ship,train,8
data/raw/cifar-10/train/20317.png,frog,train,6
data/raw/cifar-10/train/6702.png,automobile,train,1
data/raw/cifar-10/train/46537.png,dog,train,5
data/raw/cifar-10/train/26060.png,automobile,train,1
data/raw/cifar-10/train/31800.png,deer,train,4
data/raw/cifar-10/train/18109.png,horse,train,7
data/raw/cifar-10/train/156.png,ship,train,8
data/raw/cifar-10/train/49866.png,ship,train,8
data/raw/cifar-10/train/23730.png,deer,train,4
data/raw/cifar-10/train/1840.png,cat,train,3
data/raw/cifar-10/train/41620.png,bird,train,2
data/raw/cifar-10/train/38160.png,truck,train,9
data/raw/cifar-10/train/3492.png,dog,train,5
data/raw/cifar-10/train/733.png,dog,train,5
data/raw/cifar-10/train/38672.png,frog,train,6
data/raw/cifar-10/train/15099.png,horse,train,7
data/raw/cifar-10/train/19710.png,truck,train,9
data/raw/cifar-10/train/29829.png,automobile,train,1
data/raw/cifar-10/train/7595.png,truck,train,9
data/raw/cifar-10/train/4550.png,bird,train,2
data/raw/cifar-10/train/28184.png,automobile,train,1
data/raw/cifar-10/train/1115.png,truck,train,9
data/raw/cifar-10/train/35802.png,dog,train,5
data/raw/cifar-10/train/10751.png,bird,train,2
data/raw/cifar-10/train/25138.png,automobile,train,1
data/raw/cifar-10/train/40253.png,ship,train,8
data/raw/cifar-10/train/7196.png,dog,train,5
data/raw/cifar-10/train/8718.png,ship,train,8
data/raw/cifar-10/train/38577.png,airplane,train,0
data/raw/cifar-10/train/30051.png,automobile,train,1
data/raw/cifar-10/train/23162.png,deer,train,4
data/raw/cifar-10/train/18114.png,truck,train,9
data/raw/cifar-10/train/23450.png,airplane,train,0
data/raw/cifar-10/train/34846.png,automobile,train,1
data/raw/cifar-10/train/34203.png,automobile,train,1
data/raw/cifar-10/train/40312.png,automobile,train,1
data/raw/cifar-10/train/5788.png,ship,train,8
data/raw/cifar-10/train/45990.png,dog,train,5
data/raw/cifar-10/train/690.png,bird,train,2
data/raw/cifar-10/train/11198.png,bird,train,2
data/raw/cifar-10/train/28776.png,ship,train,8
data/raw/cifar-10/train/48623.png,truck,train,9
data/raw/cifar-10/train/44313.png,dog,train,5
data/raw/cifar-10/train/20697.png,bird,train,2
data/raw/cifar-10/train/49668.png,frog,train,6
data/raw/cifar-10/train/29871.png,bird,train,2
data/raw/cifar-10/train/283.png,automobile,train,1
data/raw/cifar-10/train/47717.png,deer,train,4
data/raw/cifar-10/train/9073.png,horse,train,7
data/raw/cifar-10/train/15425.png,frog,train,6
data/raw/cifar-10/train/33664.png,frog,train,6
data/raw/cifar-10/train/22413.png,dog,train,5
data/raw/cifar-10/train/157.png,dog,train,5
data/raw/cifar-10/train/15553.png,frog,train,6
data/raw/cifar-10/train/35868.png,dog,train,5
data/raw/cifar-10/train/8843.png,airplane,train,0
data/raw/cifar-10/train/1408.png,deer,train,4
data/raw/cifar-10/train/20722.png,cat,train,3
data/raw/cifar-10/train/44315.png,frog,train,6
data/raw/cifar-10/train/23473.png,ship,train,8
data/raw/cifar-10/train/14039.png,deer,train,4
data/raw/cifar-10/train/23356.png,ship,train,8
data/raw/cifar-10/train/28028.png,automobile,train,1
data/raw/cifar-10/train/25200.png,airplane,train,0
data/raw/cifar-10/train/3188.png,dog,train,5
data/raw/cifar-10/train/46259.png,bird,train,2
data/raw/cifar-10/train/3333.png,airplane,train,0
data/raw/cifar-10/train/19507.png,dog,train,5
data/raw/cifar-10/train/23490.png,automobile,train,1
data/raw/cifar-10/train/26252.png,dog,train,5
data/raw/cifar-10/train/38911.png,deer,train,4
data/raw/cifar-10/train/21212.png,horse,train,7
data/raw/cifar-10/train/15331.png,truck,train,9
data/raw/cifar-10/train/10527.png,airplane,train,0
data/raw/cifar-10/train/30543.png,bird,train,2
data/raw/cifar-10/train/28152.png,deer,train,4
data/raw/cifar-10/train/11042.png,frog,train,6
data/raw/cifar-10/train/34450.png,bird,train,2
data/raw/cifar-10/train/15731.png,deer,train,4
data/raw/cifar-10/train/16861.png,ship,train,8
data/raw/cifar-10/train/31879.png,truck,train,9
data/raw/cifar-10/train/254.png,cat,train,3
data/raw/cifar-10/train/17421.png,deer,train,4
data/raw/cifar-10/train/4683.png,frog,train,6
data/raw/cifar-10/train/24177.png,frog,train,6
data/raw/cifar-10/train/48838.png,horse,train,7
data/raw/cifar-10/train/20635.png,truck,train,9
data/raw/cifar-10/train/5668.png,ship,train,8
data/raw/cifar-10/train/15878.png,cat,train,3
data/raw/cifar-10/train/40013.png,airplane,train,0
data/raw/cifar-10/train/37072.png,truck,train,9
data/raw/cifar-10/train/3273.png,horse,train,7
data/raw/cifar-10/train/42146.png,frog,train,6
data/raw/cifar-10/train/22572.png,bird,train,2
data/raw/cifar-10/train/10372.png,horse,train,7
data/raw/cifar-10/train/29260.png,frog,train,6
data/raw/cifar-10/train/30801.png,frog,train,6
data/raw/cifar-10/train/813.png,airplane,train,0
data/raw/cifar-10/train/22794.png,cat,train,3
data/raw/cifar-10/train/9356.png,dog,train,5
data/raw/cifar-10/train/28357.png,cat,train,3
data/raw/cifar-10/train/22717.png,airplane,train,0
data/raw/cifar-10/train/33331.png,horse,train,7
data/raw/cifar-10/train/32071.png,airplane,train,0
data/raw/cifar-10/train/17988.png,truck,train,9
data/raw/cifar-10/train/16259.png,automobile,train,1
data/raw/cifar-10/train/12306.png,frog,train,6
data/raw/cifar-10/train/38865.png,frog,train,6
data/raw/cifar-10/train/43324.png,dog,train,5
data/raw/cifar-10/train/13360.png,dog,train,5
data/raw/cifar-10/train/49129.png,airplane,train,0
data/raw/cifar-10/train/45843.png,truck,train,9
data/raw/cifar-10/train/29073.png,truck,train,9
data/raw/cifar-10/train/25348.png,deer,train,4
data/raw/cifar-10/train/5053.png,automobile,train,1
data/raw/cifar-10/train/4350.png,cat,train,3
data/raw/cifar-10/train/14498.png,ship,train,8
data/raw/cifar-10/train/9362.png,horse,train,7
data/raw/cifar-10/train/20591.png,horse,train,7
data/raw/cifar-10/train/22012.png,cat,train,3
data/raw/cifar-10/train/2960.png,airplane,train,0
data/raw/cifar-10/train/35133.png,airplane,train,0
data/raw/cifar-10/train/5935.png,horse,train,7
data/raw/cifar-10/train/3787.png,bird,train,2
data/raw/cifar-10/train/28031.png,horse,train,7
data/raw/cifar-10/train/21636.png,ship,train,8
data/raw/cifar-10/train/23643.png,bird,train,2
data/raw/cifar-10/train/19113.png,deer,train,4
data/raw/cifar-10/train/48301.png,bird,train,2
data/raw/cifar-10/train/40327.png,cat,train,3
data/raw/cifar-10/train/12686.png,automobile,train,1
data/raw/cifar-10/train/32521.png,cat,train,3
data/raw/cifar-10/train/41195.png,bird,train,2
data/raw/cifar-10/train/32344.png,horse,train,7
data/raw/cifar-10/train/36564.png,frog,train,6
data/raw/cifar-10/train/38010.png,ship,train,8
data/raw/cifar-10/train/24699.png,horse,train,7
data/raw/cifar-10/train/24528.png,automobile,train,1
data/raw/cifar-10/train/21164.png,bird,train,2
data/raw/cifar-10/train/10744.png,truck,train,9
data/raw/cifar-10/train/12598.png,frog,train,6
data/raw/cifar-10/train/13771.png,bird,train,2
data/raw/cifar-10/train/19729.png,airplane,train,0
data/raw/cifar-10/train/32473.png,automobile,train,1
data/raw/cifar-10/train/11631.png,bird,train,2
data/raw/cifar-10/train/41038.png,dog,train,5
data/raw/cifar-10/train/24076.png,automobile,train,1
data/raw/cifar-10/train/9254.png,airplane,train,0
data/raw/cifar-10/train/16506.png,deer,train,4
data/raw/cifar-10/train/25135.png,frog,train,6
data/raw/cifar-10/train/31871.png,truck,train,9
data/raw/cifar-10/train/41560.png,dog,train,5
data/raw/cifar-10/train/35848.png,automobile,train,1
data/raw/cifar-10/train/5033.png,frog,train,6
data/raw/cifar-10/train/11754.png,dog,train,5
data/raw/cifar-10/train/18861.png,truck,train,9
data/raw/cifar-10/train/7391.png,automobile,train,1
data/raw/cifar-10/train/9607.png,truck,train,9
data/raw/cifar-10/train/34091.png,automobile,train,1
data/raw/cifar-10/train/13690.png,dog,train,5
data/raw/cifar-10/train/3897.png,dog,train,5
data/raw/cifar-10/train/1835.png,cat,train,3
data/raw/cifar-10/train/11849.png,horse,train,7
data/raw/cifar-10/train/21982.png,bird,train,2
data/raw/cifar-10/train/17902.png,automobile,train,1
data/raw/cifar-10/train/15247.png,cat,train,3
data/raw/cifar-10/train/17801.png,deer,train,4
data/raw/cifar-10/train/1379.png,truck,train,9
data/raw/cifar-10/train/36084.png,deer,train,4
data/raw/cifar-10/train/39161.png,dog,train,5
data/raw/cifar-10/train/7205.png,horse,train,7
data/raw/cifar-10/train/32481.png,bird,train,2
data/raw/cifar-10/train/10906.png,horse,train,7
data/raw/cifar-10/train/43535.png,ship,train,8
data/raw/cifar-10/train/2186.png,automobile,train,1
data/raw/cifar-10/train/4070.png,truck,train,9
data/raw/cifar-10/train/11630.png,bird,train,2
data/raw/cifar-10/train/31832.png,automobile,train,1
data/raw/cifar-10/train/8596.png,horse,train,7
data/raw/cifar-10/train/28657.png,truck,train,9
data/raw/cifar-10/train/43229.png,deer,train,4
data/raw/cifar-10/train/2087.png,truck,train,9
data/raw/cifar-10/train/46653.png,bird,train,2
data/raw/cifar-10/train/7588.png,automobile,train,1
data/raw/cifar-10/train/436.png,deer,train,4
data/raw/cifar-10/train/23779.png,horse,train,7
data/raw/cifar-10/train/28900.png,truck,train,9
data/raw/cifar-10/train/45278.png,bird,train,2
data/raw/cifar-10/train/29750.png,frog,train,6
data/raw/cifar-10/train/49476.png,deer,train,4
data/raw/cifar-10/train/44664.png,cat,train,3
data/raw/cifar-10/train/2273.png,ship,train,8
data/raw/cifar-10/train/15956.png,ship,train,8
data/raw/cifar-10/train/49017.png,bird,train,2
data/raw/cifar-10/train/36212.png,cat,train,3
data/raw/cifar-10/train/31736.png,deer,train,4
data/raw/cifar-10/train/43934.png,frog,train,6
data/raw/cifar-10/train/22811.png,bird,train,2
data/raw/cifar-10/train/31920.png,ship,train,8
data/raw/cifar-10/train/25932.png,deer,train,4
data/raw/cifar-10/train/6842.png,horse,train,7
data/raw/cifar-10/train/46238.png,automobile,train,1
data/raw/cifar-10/train/47140.png,deer,train,4
data/raw/cifar-10/train/11518.png,truck,train,9
data/raw/cifar-10/train/41996.png,bird,train,2
data/raw/cifar-10/train/7572.png,truck,train,9
data/raw/cifar-10/train/21218.png,airplane,train,0
data/raw/cifar-10/train/14241.png,automobile,train,1
data/raw/cifar-10/train/46888.png,bird,train,2
data/raw/cifar-10/train/36497.png,bird,train,2
data/raw/cifar-10/train/27553.png,airplane,train,0
data/raw/cifar-10/train/1870.png,automobile,train,1
data/raw/cifar-10/train/32801.png,ship,train,8
data/raw/cifar-10/train/1392.png,ship,train,8
data/raw/cifar-10/train/38792.png,airplane,train,0
data/raw/cifar-10/train/33967.png,truck,train,9
data/raw/cifar-10/train/5188.png,deer,train,4
data/raw/cifar-10/train/9644.png,deer,train,4
data/raw/cifar-10/train/36721.png,frog,train,6
data/raw/cifar-10/train/37303.png,horse,train,7
data/raw/cifar-10/train/6159.png,truck,train,9
data/raw/cifar-10/train/31874.png,horse,train,7
data/raw/cifar-10/train/38221.png,horse,train,7
data/raw/cifar-10/train/47723.png,cat,train,3
data/raw/cifar-10/train/29478.png,ship,train,8
data/raw/cifar-10/train/32624.png,automobile,train,1
data/raw/cifar-10/train/40108.png,horse,train,7
data/raw/cifar-10/train/34111.png,truck,train,9
data/raw/cifar-10/train/28445.png,airplane,train,0
data/raw/cifar-10/train/3542.png,ship,train,8
data/raw/cifar-10/train/39470.png,frog,train,6
data/raw/cifar-10/train/16947.png,cat,train,3
data/raw/cifar-10/train/10277.png,automobile,train,1
data/raw/cifar-10/train/353.png,airplane,train,0
data/raw/cifar-10/train/30451.png,deer,train,4
data/raw/cifar-10/train/27705.png,bird,train,2
data/raw/cifar-10/train/6420.png,dog,train,5
data/raw/cifar-10/train/26028.png,airplane,train,0
data/raw/cifar-10/train/38771.png,airplane,train,0
data/raw/cifar-10/train/18540.png,truck,train,9
data/raw/cifar-10/train/4704.png,bird,train,2
data/raw/cifar-10/train/18013.png,airplane,train,0
data/raw/cifar-10/train/44379.png,horse,train,7
data/raw/cifar-10/train/28494.png,ship,train,8
data/raw/cifar-10/train/6121.png,automobile,train,1
data/raw/cifar-10/train/48523.png,bird,train,2
data/raw/cifar-10/train/8422.png,airplane,train,0
data/raw/cifar-10/train/21659.png,truck,train,9
data/raw/cifar-10/train/31443.png,dog,train,5
data/raw/cifar-10/train/44260.png,frog,train,6
data/raw/cifar-10/train/22767.png,dog,train,5
data/raw/cifar-10/train/31677.png,cat,train,3
data/raw/cifar-10/train/1219.png,horse,train,7
data/raw/cifar-10/train/36510.png,automobile,train,1
data/raw/cifar-10/train/37083.png,horse,train,7
data/raw/cifar-10/train/32579.png,ship,train,8
data/raw/cifar-10/train/21549.png,dog,train,5
data/raw/cifar-10/train/33993.png,ship,train,8
data/raw/cifar-10/train/24018.png,cat,train,3
data/raw/cifar-10/train/48596.png,automobile,train,1
data/raw/cifar-10/train/45881.png,truck,train,9
data/raw/cifar-10/train/19341.png,deer,train,4
data/raw/cifar-10/train/16605.png,cat,train,3
data/raw/cifar-10/train/46148.png,automobile,train,1
data/raw/cifar-10/train/9188.png,truck,train,9
data/raw/cifar-10/train/32280.png,ship,train,8
data/raw/cifar-10/train/13556.png,automobile,train,1
data/raw/cifar-10/train/25059.png,cat,train,3
data/raw/cifar-10/train/34126.png,airplane,train,0
data/raw/cifar-10/train/4671.png,ship,train,8
data/raw/cifar-10/train/1982.png,bird,train,2
data/raw/cifar-10/train/13683.png,bird,train,2
data/raw/cifar-10/train/17121.png,ship,train,8
data/raw/cifar-10/train/15421.png,truck,train,9
data/raw/cifar-10/train/15513.png,automobile,train,1
data/raw/cifar-10/train/30307.png,deer,train,4
data/raw/cifar-10/train/27501.png,deer,train,4
data/raw/cifar-10/train/42950.png,cat,train,3
data/raw/cifar-10/train/15734.png,dog,train,5
data/raw/cifar-10/train/46693.png,airplane,train,0
data/raw/cifar-10/train/45586.png,frog,train,6
data/raw/cifar-10/train/20637.png,truck,train,9
data/raw/cifar-10/train/42027.png,airplane,train,0
data/raw/cifar-10/train/13932.png,cat,train,3
data/raw/cifar-10/train/14163.png,frog,train,6
data/raw/cifar-10/train/38493.png,deer,train,4
data/raw/cifar-10/train/19639.png,horse,train,7
data/raw/cifar-10/train/15415.png,airplane,train,0
data/raw/cifar-10/train/11399.png,deer,train,4
data/raw/cifar-10/train/28178.png,frog,train,6
data/raw/cifar-10/train/14160.png,dog,train,5
data/raw/cifar-10/train/32596.png,truck,train,9
data/raw/cifar-10/train/27097.png,cat,train,3
data/raw/cifar-10/train/41412.png,bird,train,2
data/raw/cifar-10/train/19765.png,automobile,train,1
data/raw/cifar-10/train/47406.png,truck,train,9
data/raw/cifar-10/train/22323.png,bird,train,2
data/raw/cifar-10/train/10362.png,ship,train,8
data/raw/cifar-10/train/39674.png,truck,train,9
data/raw/cifar-10/train/16196.png,deer,train,4
data/raw/cifar-10/train/31821.png,frog,train,6
data/raw/cifar-10/train/14076.png,deer,train,4
data/raw/cifar-10/train/8927.png,ship,train,8
data/raw/cifar-10/train/45870.png,deer,train,4
data/raw/cifar-10/train/42138.png,horse,train,7
data/raw/cifar-10/train/44689.png,bird,train,2
data/raw/cifar-10/train/21338.png,ship,train,8
data/raw/cifar-10/train/27926.png,dog,train,5
data/raw/cifar-10/train/45983.png,airplane,train,0
data/raw/cifar-10/train/1669.png,airplane,train,0
data/raw/cifar-10/train/38150.png,cat,train,3
data/raw/cifar-10/train/43432.png,frog,train,6
data/raw/cifar-10/train/15374.png,truck,train,9
data/raw/cifar-10/train/30125.png,dog,train,5
data/raw/cifar-10/train/24889.png,frog,train,6
data/raw/cifar-10/train/21134.png,truck,train,9
data/raw/cifar-10/train/41196.png,horse,train,7
data/raw/cifar-10/train/21613.png,frog,train,6
data/raw/cifar-10/train/13866.png,dog,train,5
data/raw/cifar-10/train/31400.png,truck,train,9
data/raw/cifar-10/train/8961.png,dog,train,5
data/raw/cifar-10/train/48581.png,airplane,train,0
data/raw/cifar-10/train/8801.png,bird,train,2
data/raw/cifar-10/train/71.png,dog,train,5
data/raw/cifar-10/train/3041.png,dog,train,5
data/raw/cifar-10/train/18271.png,frog,train,6
data/raw/cifar-10/train/9668.png,cat,train,3
data/raw/cifar-10/train/13713.png,airplane,train,0
data/raw/cifar-10/train/38909.png,automobile,train,1
data/raw/cifar-10/train/32791.png,airplane,train,0
data/raw/cifar-10/train/37707.png,dog,train,5
data/raw/cifar-10/train/31254.png,automobile,train,1
data/raw/cifar-10/train/16485.png,horse,train,7
data/raw/cifar-10/train/33975.png,automobile,train,1
data/raw/cifar-10/train/34064.png,automobile,train,1
data/raw/cifar-10/train/15799.png,dog,train,5
data/raw/cifar-10/train/23024.png,truck,train,9
data/raw/cifar-10/train/44357.png,horse,train,7
data/raw/cifar-10/train/17398.png,automobile,train,1
data/raw/cifar-10/train/4746.png,cat,train,3
data/raw/cifar-10/train/18666.png,frog,train,6
data/raw/cifar-10/train/4667.png,deer,train,4
data/raw/cifar-10/train/31153.png,automobile,train,1
data/raw/cifar-10/train/19493.png,airplane,train,0
data/raw/cifar-10/train/37730.png,airplane,train,0
data/raw/cifar-10/train/36935.png,deer,train,4
data/raw/cifar-10/train/48375.png,ship,train,8
data/raw/cifar-10/train/6870.png,automobile,train,1
data/raw/cifar-10/train/3807.png,horse,train,7
data/raw/cifar-10/train/19215.png,ship,train,8
data/raw/cifar-10/train/24696.png,airplane,train,0
data/raw/cifar-10/train/24030.png,truck,train,9
data/raw/cifar-10/train/5780.png,horse,train,7
data/raw/cifar-10/train/17314.png,truck,train,9
data/raw/cifar-10/train/28891.png,bird,train,2
data/raw/cifar-10/train/10034.png,dog,train,5
data/raw/cifar-10/train/35951.png,frog,train,6
data/raw/cifar-10/train/49738.png,horse,train,7
data/raw/cifar-10/train/47686.png,airplane,train,0
data/raw/cifar-10/train/35339.png,automobile,train,1
data/raw/cifar-10/train/10815.png,cat,train,3
data/raw/cifar-10/train/3009.png,dog,train,5
data/raw/cifar-10/train/37142.png,truck,train,9
data/raw/cifar-10/train/24403.png,cat,train,3
data/raw/cifar-10/train/22162.png,cat,train,3
data/raw/cifar-10/train/3378.png,deer,train,4
data/raw/cifar-10/train/43327.png,truck,train,9
data/raw/cifar-10/train/17299.png,horse,train,7
data/raw/cifar-10/train/20624.png,frog,train,6
data/raw/cifar-10/train/18999.png,cat,train,3
data/raw/cifar-10/train/44808.png,ship,train,8
data/raw/cifar-10/train/18151.png,dog,train,5
data/raw/cifar-10/train/39562.png,deer,train,4
data/raw/cifar-10/train/40740.png,deer,train,4
data/raw/cifar-10/train/26556.png,deer,train,4
data/raw/cifar-10/train/39647.png,bird,train,2
data/raw/cifar-10/train/25672.png,bird,train,2
data/raw/cifar-10/train/3678.png,truck,train,9
data/raw/cifar-10/train/39002.png,bird,train,2
data/raw/cifar-10/train/31930.png,ship,train,8
data/raw/cifar-10/train/41175.png,bird,train,2
data/raw/cifar-10/train/38954.png,deer,train,4
data/raw/cifar-10/train/48348.png,airplane,train,0
data/raw/cifar-10/train/13567.png,horse,train,7
data/raw/cifar-10/train/16017.png,truck,train,9
data/raw/cifar-10/train/12431.png,airplane,train,0
data/raw/cifar-10/train/23662.png,dog,train,5
data/raw/cifar-10/train/27176.png,airplane,train,0
data/raw/cifar-10/train/4909.png,cat,train,3
data/raw/cifar-10/train/38049.png,cat,train,3
data/raw/cifar-10/train/7297.png,deer,train,4
data/raw/cifar-10/train/11130.png,deer,train,4
data/raw/cifar-10/train/27778.png,airplane,train,0
data/raw/cifar-10/train/48234.png,cat,train,3
data/raw/cifar-10/train/44656.png,horse,train,7
data/raw/cifar-10/train/23338.png,deer,train,4
data/raw/cifar-10/train/8996.png,automobile,train,1
data/raw/cifar-10/train/36574.png,airplane,train,0
data/raw/cifar-10/train/8321.png,dog,train,5
data/raw/cifar-10/train/49529.png,airplane,train,0
data/raw/cifar-10/train/37410.png,bird,train,2
data/raw/cifar-10/train/18797.png,truck,train,9
data/raw/cifar-10/train/4221.png,bird,train,2
data/raw/cifar-10/train/21100.png,bird,train,2
data/raw/cifar-10/train/11147.png,horse,train,7
data/raw/cifar-10/train/35190.png,dog,train,5
data/raw/cifar-10/train/39255.png,ship,train,8
data/raw/cifar-10/train/5373.png,dog,train,5
data/raw/cifar-10/train/28033.png,frog,train,6
data/raw/cifar-10/train/15875.png,truck,train,9
data/raw/cifar-10/train/31811.png,ship,train,8
data/raw/cifar-10/train/25553.png,dog,train,5
data/raw/cifar-10/train/270.png,truck,train,9
data/raw/cifar-10/train/33625.png,automobile,train,1
data/raw/cifar-10/train/14672.png,horse,train,7
data/raw/cifar-10/train/14489.png,airplane,train,0
data/raw/cifar-10/train/28044.png,bird,train,2
data/raw/cifar-10/train/24665.png,deer,train,4
data/raw/cifar-10/train/28189.png,frog,train,6
data/raw/cifar-10/train/33655.png,airplane,train,0
data/raw/cifar-10/train/24196.png,bird,train,2
data/raw/cifar-10/train/6030.png,dog,train,5
data/raw/cifar-10/train/14408.png,airplane,train,0
data/raw/cifar-10/train/48842.png,frog,train,6
data/raw/cifar-10/train/43607.png,cat,train,3
data/raw/cifar-10/train/43579.png,truck,train,9
data/raw/cifar-10/train/28751.png,airplane,train,0
data/raw/cifar-10/train/34269.png,bird,train,2
data/raw/cifar-10/train/10168.png,deer,train,4
data/raw/cifar-10/train/7204.png,airplane,train,0
data/raw/cifar-10/train/21497.png,truck,train,9
data/raw/cifar-10/train/12643.png,cat,train,3
data/raw/cifar-10/train/25727.png,cat,train,3
data/raw/cifar-10/train/32020.png,ship,train,8
data/raw/cifar-10/train/37974.png,cat,train,3
data/raw/cifar-10/train/7710.png,automobile,train,1
data/raw/cifar-10/train/34983.png,automobile,train,1
data/raw/cifar-10/train/25337.png,ship,train,8
data/raw/cifar-10/train/8120.png,automobile,train,1
data/raw/cifar-10/train/23317.png,dog,train,5
data/raw/cifar-10/train/5705.png,deer,train,4
data/raw/cifar-10/train/41978.png,truck,train,9
data/raw/cifar-10/train/35554.png,airplane,train,0
data/raw/cifar-10/train/35164.png,cat,train,3
data/raw/cifar-10/train/5641.png,airplane,train,0
data/raw/cifar-10/train/16308.png,truck,train,9
data/raw/cifar-10/train/30637.png,airplane,train,0
data/raw/cifar-10/train/28007.png,ship,train,8
data/raw/cifar-10/train/15055.png,bird,train,2
data/raw/cifar-10/train/19218.png,bird,train,2
data/raw/cifar-10/train/43905.png,bird,train,2
data/raw/cifar-10/train/17467.png,truck,train,9
data/raw/cifar-10/train/692.png,cat,train,3
data/raw/cifar-10/train/39358.png,frog,train,6
data/raw/cifar-10/train/31243.png,cat,train,3
data/raw/cifar-10/train/20651.png,ship,train,8
data/raw/cifar-10/train/40154.png,frog,train,6
data/raw/cifar-10/train/38894.png,frog,train,6
data/raw/cifar-10/train/2024.png,automobile,train,1
data/raw/cifar-10/train/24356.png,airplane,train,0
data/raw/cifar-10/train/26814.png,cat,train,3
data/raw/cifar-10/train/5909.png,deer,train,4
data/raw/cifar-10/train/20819.png,bird,train,2
data/raw/cifar-10/train/25444.png,cat,train,3
data/raw/cifar-10/train/18502.png,ship,train,8
data/raw/cifar-10/train/15813.png,frog,train,6
data/raw/cifar-10/train/21657.png,bird,train,2
data/raw/cifar-10/train/10416.png,deer,train,4
data/raw/cifar-10/train/29633.png,deer,train,4
data/raw/cifar-10/train/27972.png,frog,train,6
data/raw/cifar-10/train/36369.png,frog,train,6
data/raw/cifar-10/train/36398.png,truck,train,9
data/raw/cifar-10/train/9472.png,airplane,train,0
data/raw/cifar-10/train/12106.png,cat,train,3
data/raw/cifar-10/train/34095.png,ship,train,8
data/raw/cifar-10/train/37374.png,bird,train,2
data/raw/cifar-10/train/34522.png,ship,train,8
data/raw/cifar-10/train/28475.png,automobile,train,1
data/raw/cifar-10/train/28295.png,dog,train,5
data/raw/cifar-10/train/49095.png,frog,train,6
data/raw/cifar-10/train/35917.png,airplane,train,0
data/raw/cifar-10/train/21681.png,truck,train,9
data/raw/cifar-10/train/45379.png,truck,train,9
data/raw/cifar-10/train/9167.png,cat,train,3
data/raw/cifar-10/train/46558.png,horse,train,7
data/raw/cifar-10/train/14350.png,horse,train,7
data/raw/cifar-10/train/20128.png,airplane,train,0
data/raw/cifar-10/train/27580.png,deer,train,4
data/raw/cifar-10/train/45594.png,truck,train,9
data/raw/cifar-10/train/1814.png,deer,train,4
data/raw/cifar-10/train/6969.png,frog,train,6
data/raw/cifar-10/train/25062.png,automobile,train,1
data/raw/cifar-10/train/16029.png,bird,train,2
data/raw/cifar-10/train/27281.png,airplane,train,0
data/raw/cifar-10/train/31638.png,truck,train,9
data/raw/cifar-10/train/2867.png,frog,train,6
data/raw/cifar-10/train/28862.png,automobile,train,1
data/raw/cifar-10/train/13618.png,frog,train,6
data/raw/cifar-10/train/35748.png,frog,train,6
data/raw/cifar-10/train/36478.png,cat,train,3
data/raw/cifar-10/train/31477.png,deer,train,4
data/raw/cifar-10/train/34960.png,bird,train,2
data/raw/cifar-10/train/34446.png,automobile,train,1
data/raw/cifar-10/train/41548.png,deer,train,4
data/raw/cifar-10/train/35116.png,ship,train,8
data/raw/cifar-10/train/15816.png,dog,train,5
data/raw/cifar-10/train/32076.png,cat,train,3
data/raw/cifar-10/train/15628.png,deer,train,4
data/raw/cifar-10/train/15792.png,horse,train,7
data/raw/cifar-10/train/22000.png,truck,train,9
data/raw/cifar-10/train/13286.png,dog,train,5
data/raw/cifar-10/train/45842.png,truck,train,9
data/raw/cifar-10/train/38072.png,truck,train,9
data/raw/cifar-10/train/26270.png,airplane,train,0
data/raw/cifar-10/train/37776.png,deer,train,4
data/raw/cifar-10/train/15016.png,ship,train,8
data/raw/cifar-10/train/29046.png,truck,train,9
data/raw/cifar-10/train/44862.png,bird,train,2
data/raw/cifar-10/train/11087.png,ship,train,8
data/raw/cifar-10/train/6417.png,frog,train,6
data/raw/cifar-10/train/1740.png,deer,train,4
data/raw/cifar-10/train/32748.png,dog,train,5
data/raw/cifar-10/train/38178.png,automobile,train,1
data/raw/cifar-10/train/29455.png,dog,train,5
data/raw/cifar-10/train/26537.png,bird,train,2
data/raw/cifar-10/train/40911.png,airplane,train,0
data/raw/cifar-10/train/10462.png,bird,train,2
data/raw/cifar-10/train/24012.png,truck,train,9
data/raw/cifar-10/train/25151.png,automobile,train,1
data/raw/cifar-10/train/17083.png,airplane,train,0
data/raw/cifar-10/train/23183.png,airplane,train,0
data/raw/cifar-10/train/32590.png,truck,train,9
data/raw/cifar-10/train/44413.png,automobile,train,1
data/raw/cifar-10/train/34809.png,deer,train,4
data/raw/cifar-10/train/36712.png,deer,train,4
data/raw/cifar-10/train/31142.png,cat,train,3
data/raw/cifar-10/train/40672.png,ship,train,8
data/raw/cifar-10/train/7248.png,frog,train,6
data/raw/cifar-10/train/12819.png,airplane,train,0
data/raw/cifar-10/train/30331.png,horse,train,7
data/raw/cifar-10/train/19455.png,automobile,train,1
data/raw/cifar-10/train/21703.png,deer,train,4
data/raw/cifar-10/train/11561.png,dog,train,5
data/raw/cifar-10/train/35983.png,horse,train,7
data/raw/cifar-10/train/37677.png,dog,train,5
data/raw/cifar-10/train/36040.png,automobile,train,1
data/raw/cifar-10/train/20536.png,frog,train,6
data/raw/cifar-10/train/9114.png,automobile,train,1
data/raw/cifar-10/train/41495.png,truck,train,9
data/raw/cifar-10/train/3027.png,cat,train,3
data/raw/cifar-10/train/11607.png,bird,train,2
data/raw/cifar-10/train/42649.png,bird,train,2
data/raw/cifar-10/train/23113.png,cat,train,3
data/raw/cifar-10/train/4684.png,airplane,train,0
data/raw/cifar-10/train/46050.png,deer,train,4
data/raw/cifar-10/train/49565.png,deer,train,4
data/raw/cifar-10/train/13456.png,frog,train,6
data/raw/cifar-10/train/33875.png,cat,train,3
data/raw/cifar-10/train/28130.png,truck,train,9
data/raw/cifar-10/train/43315.png,bird,train,2
data/raw/cifar-10/train/30764.png,dog,train,5
data/raw/cifar-10/train/40760.png,automobile,train,1
data/raw/cifar-10/train/23075.png,bird,train,2
data/raw/cifar-10/train/28336.png,automobile,train,1
data/raw/cifar-10/train/24753.png,ship,train,8
data/raw/cifar-10/train/553.png,frog,train,6
data/raw/cifar-10/train/20862.png,dog,train,5
data/raw/cifar-10/train/46500.png,ship,train,8
data/raw/cifar-10/train/37850.png,automobile,train,1
data/raw/cifar-10/train/20139.png,bird,train,2
data/raw/cifar-10/train/27570.png,truck,train,9
data/raw/cifar-10/train/47010.png,bird,train,2
data/raw/cifar-10/train/636.png,truck,train,9
data/raw/cifar-10/train/36700.png,bird,train,2
data/raw/cifar-10/train/34342.png,airplane,train,0
data/raw/cifar-10/train/31852.png,horse,train,7
data/raw/cifar-10/train/41757.png,airplane,train,0
data/raw/cifar-10/train/44306.png,bird,train,2
data/raw/cifar-10/train/29912.png,automobile,train,1
data/raw/cifar-10/train/7876.png,automobile,train,1
data/raw/cifar-10/train/39534.png,cat,train,3
data/raw/cifar-10/train/28154.png,ship,train,8
data/raw/cifar-10/train/49363.png,automobile,train,1
data/raw/cifar-10/train/9424.png,frog,train,6
data/raw/cifar-10/train/33164.png,dog,train,5
data/raw/cifar-10/train/6643.png,dog,train,5
data/raw/cifar-10/train/31853.png,frog,train,6
data/raw/cifar-10/train/3267.png,frog,train,6
data/raw/cifar-10/train/23900.png,airplane,train,0
data/raw/cifar-10/train/33834.png,cat,train,3
data/raw/cifar-10/train/46494.png,cat,train,3
data/raw/cifar-10/train/43058.png,bird,train,2
data/raw/cifar-10/train/41278.png,airplane,train,0
data/raw/cifar-10/train/31239.png,frog,train,6
data/raw/cifar-10/train/8436.png,truck,train,9
data/raw/cifar-10/train/18893.png,ship,train,8
data/raw/cifar-10/train/28605.png,truck,train,9
data/raw/cifar-10/train/29458.png,frog,train,6
data/raw/cifar-10/train/15450.png,dog,train,5
data/raw/cifar-10/train/17315.png,horse,train,7
data/raw/cifar-10/train/38095.png,horse,train,7
data/raw/cifar-10/train/28080.png,dog,train,5
data/raw/cifar-10/train/44440.png,dog,train,5
data/raw/cifar-10/train/12641.png,airplane,train,0
data/raw/cifar-10/train/46799.png,bird,train,2
data/raw/cifar-10/train/46073.png,truck,train,9
data/raw/cifar-10/train/42249.png,airplane,train,0
data/raw/cifar-10/train/44204.png,bird,train,2
data/raw/cifar-10/train/47778.png,horse,train,7
data/raw/cifar-10/train/38549.png,frog,train,6
data/raw/cifar-10/train/21525.png,cat,train,3
data/raw/cifar-10/train/12648.png,cat,train,3
data/raw/cifar-10/train/19052.png,ship,train,8
data/raw/cifar-10/train/48941.png,frog,train,6
data/raw/cifar-10/train/14070.png,airplane,train,0
data/raw/cifar-10/train/30375.png,automobile,train,1
data/raw/cifar-10/train/33089.png,truck,train,9
data/raw/cifar-10/train/49433.png,bird,train,2
data/raw/cifar-10/train/31659.png,airplane,train,0
data/raw/cifar-10/train/25705.png,frog,train,6
data/raw/cifar-10/train/16794.png,airplane,train,0
data/raw/cifar-10/train/14270.png,cat,train,3
data/raw/cifar-10/train/38710.png,dog,train,5
data/raw/cifar-10/train/33288.png,ship,train,8
data/raw/cifar-10/train/2444.png,cat,train,3
data/raw/cifar-10/train/10331.png,airplane,train,0
data/raw/cifar-10/train/30376.png,dog,train,5
data/raw/cifar-10/train/38834.png,horse,train,7
data/raw/cifar-10/train/1622.png,automobile,train,1
data/raw/cifar-10/train/13429.png,deer,train,4
data/raw/cifar-10/train/49595.png,automobile,train,1
data/raw/cifar-10/train/2580.png,dog,train,5
data/raw/cifar-10/train/42341.png,frog,train,6
data/raw/cifar-10/train/41292.png,automobile,train,1
data/raw/cifar-10/train/25018.png,deer,train,4
data/raw/cifar-10/train/6645.png,truck,train,9
data/raw/cifar-10/train/39898.png,cat,train,3
data/raw/cifar-10/train/28553.png,automobile,train,1
data/raw/cifar-10/train/27844.png,frog,train,6
data/raw/cifar-10/train/27793.png,automobile,train,1
data/raw/cifar-10/train/41318.png,horse,train,7
data/raw/cifar-10/train/49149.png,automobile,train,1
data/raw/cifar-10/train/43335.png,ship,train,8
data/raw/cifar-10/train/48900.png,automobile,train,1
data/raw/cifar-10/train/4159.png,deer,train,4
data/raw/cifar-10/train/34168.png,deer,train,4
data/raw/cifar-10/train/12134.png,airplane,train,0
data/raw/cifar-10/train/22727.png,bird,train,2
data/raw/cifar-10/train/13729.png,ship,train,8
data/raw/cifar-10/train/1599.png,airplane,train,0
data/raw/cifar-10/train/17755.png,horse,train,7
data/raw/cifar-10/train/44598.png,frog,train,6
data/raw/cifar-10/train/25495.png,deer,train,4
data/raw/cifar-10/train/24585.png,deer,train,4
data/raw/cifar-10/train/39454.png,truck,train,9
data/raw/cifar-10/train/20941.png,dog,train,5
data/raw/cifar-10/train/13971.png,bird,train,2
data/raw/cifar-10/train/37542.png,dog,train,5
data/raw/cifar-10/train/22092.png,truck,train,9
data/raw/cifar-10/train/23585.png,cat,train,3
data/raw/cifar-10/train/30734.png,truck,train,9
data/raw/cifar-10/train/11396.png,automobile,train,1
data/raw/cifar-10/train/32123.png,dog,train,5
data/raw/cifar-10/train/35242.png,horse,train,7
data/raw/cifar-10/train/6941.png,deer,train,4
data/raw/cifar-10/train/35207.png,truck,train,9
data/raw/cifar-10/train/7756.png,dog,train,5
data/raw/cifar-10/train/7644.png,airplane,train,0
data/raw/cifar-10/train/25991.png,frog,train,6
data/raw/cifar-10/train/30800.png,deer,train,4
data/raw/cifar-10/train/5808.png,ship,train,8
data/raw/cifar-10/train/36416.png,airplane,train,0
data/raw/cifar-10/train/28938.png,automobile,train,1
data/raw/cifar-10/train/36152.png,ship,train,8
data/raw/cifar-10/train/42471.png,horse,train,7
data/raw/cifar-10/train/35954.png,automobile,train,1
data/raw/cifar-10/train/24836.png,bird,train,2
data/raw/cifar-10/train/14858.png,deer,train,4
data/raw/cifar-10/train/40432.png,automobile,train,1
data/raw/cifar-10/train/39273.png,cat,train,3
data/raw/cifar-10/train/19968.png,frog,train,6
data/raw/cifar-10/train/47332.png,frog,train,6
data/raw/cifar-10/train/15698.png,bird,train,2
data/raw/cifar-10/train/36586.png,bird,train,2
data/raw/cifar-10/train/28259.png,frog,train,6
data/raw/cifar-10/train/6107.png,bird,train,2
data/raw/cifar-10/train/37777.png,cat,train,3
data/raw/cifar-10/train/38743.png,truck,train,9
data/raw/cifar-10/train/43766.png,deer,train,4
data/raw/cifar-10/train/19134.png,ship,train,8
data/raw/cifar-10/train/49898.png,ship,train,8
data/raw/cifar-10/train/328.png,frog,train,6
data/raw/cifar-10/train/5015.png,automobile,train,1
data/raw/cifar-10/train/18970.png,cat,train,3
data/raw/cifar-10/train/3536.png,bird,train,2
data/raw/cifar-10/train/40972.png,automobile,train,1
data/raw/cifar-10/train/2724.png,cat,train,3
data/raw/cifar-10/train/48970.png,deer,train,4
data/raw/cifar-10/train/29616.png,dog,train,5
data/raw/cifar-10/train/33552.png,frog,train,6
data/raw/cifar-10/train/5405.png,airplane,train,0
data/raw/cifar-10/train/30926.png,horse,train,7
data/raw/cifar-10/train/1741.png,airplane,train,0
data/raw/cifar-10/train/9292.png,cat,train,3
data/raw/cifar-10/train/11427.png,horse,train,7
data/raw/cifar-10/train/19167.png,automobile,train,1
data/raw/cifar-10/train/20630.png,deer,train,4
data/raw/cifar-10/train/44863.png,frog,train,6
data/raw/cifar-10/train/47335.png,dog,train,5
data/raw/cifar-10/train/10734.png,frog,train,6
data/raw/cifar-10/train/4873.png,horse,train,7
data/raw/cifar-10/train/22087.png,dog,train,5
data/raw/cifar-10/train/9148.png,deer,train,4
data/raw/cifar-10/train/23326.png,truck,train,9
data/raw/cifar-10/train/19118.png,cat,train,3
data/raw/cifar-10/train/22857.png,truck,train,9
data/raw/cifar-10/train/17277.png,truck,train,9
data/raw/cifar-10/train/18829.png,horse,train,7
data/raw/cifar-10/train/41010.png,frog,train,6
data/raw/cifar-10/train/19970.png,bird,train,2
data/raw/cifar-10/train/14338.png,dog,train,5
data/raw/cifar-10/train/35215.png,horse,train,7
data/raw/cifar-10/train/19542.png,airplane,train,0
data/raw/cifar-10/train/16006.png,horse,train,7
data/raw/cifar-10/train/48745.png,ship,train,8
data/raw/cifar-10/train/22883.png,automobile,train,1
data/raw/cifar-10/train/14753.png,bird,train,2
data/raw/cifar-10/train/5782.png,bird,train,2
data/raw/cifar-10/train/26180.png,dog,train,5
data/raw/cifar-10/train/12437.png,cat,train,3
data/raw/cifar-10/train/49250.png,truck,train,9
data/raw/cifar-10/train/12799.png,cat,train,3
data/raw/cifar-10/train/23862.png,truck,train,9
data/raw/cifar-10/train/33091.png,bird,train,2
data/raw/cifar-10/train/14976.png,dog,train,5
data/raw/cifar-10/train/16856.png,automobile,train,1
data/raw/cifar-10/train/24338.png,cat,train,3
data/raw/cifar-10/train/16488.png,airplane,train,0
data/raw/cifar-10/train/21743.png,horse,train,7
data/raw/cifar-10/train/15096.png,deer,train,4
data/raw/cifar-10/train/29701.png,truck,train,9
data/raw/cifar-10/train/11058.png,horse,train,7
data/raw/cifar-10/train/20369.png,automobile,train,1
data/raw/cifar-10/train/28988.png,horse,train,7
data/raw/cifar-10/train/32389.png,deer,train,4
data/raw/cifar-10/train/31826.png,cat,train,3
data/raw/cifar-10/train/49444.png,cat,train,3
data/raw/cifar-10/train/35210.png,airplane,train,0
data/raw/cifar-10/train/30592.png,airplane,train,0
data/raw/cifar-10/train/3688.png,deer,train,4
data/raw/cifar-10/train/3540.png,deer,train,4
data/raw/cifar-10/train/43157.png,dog,train,5
data/raw/cifar-10/train/46844.png,airplane,train,0
data/raw/cifar-10/train/8502.png,truck,train,9
data/raw/cifar-10/train/15466.png,airplane,train,0
data/raw/cifar-10/train/14441.png,deer,train,4
data/raw/cifar-10/train/4532.png,cat,train,3
data/raw/cifar-10/train/46187.png,truck,train,9
data/raw/cifar-10/train/23337.png,truck,train,9
data/raw/cifar-10/train/16843.png,deer,train,4
data/raw/cifar-10/train/48927.png,airplane,train,0
data/raw/cifar-10/train/14534.png,dog,train,5
data/raw/cifar-10/train/46747.png,deer,train,4
data/raw/cifar-10/train/28685.png,truck,train,9
data/raw/cifar-10/train/6029.png,bird,train,2
data/raw/cifar-10/train/497.png,ship,train,8
data/raw/cifar-10/train/3978.png,truck,train,9
data/raw/cifar-10/train/42388.png,truck,train,9
data/raw/cifar-10/train/48939.png,horse,train,7
data/raw/cifar-10/train/28501.png,deer,train,4
data/raw/cifar-10/train/25882.png,automobile,train,1
data/raw/cifar-10/train/27947.png,deer,train,4
data/raw/cifar-10/train/5315.png,airplane,train,0
data/raw/cifar-10/train/24379.png,dog,train,5
data/raw/cifar-10/train/41587.png,automobile,train,1
data/raw/cifar-10/train/49439.png,automobile,train,1
data/raw/cifar-10/train/29790.png,horse,train,7
data/raw/cifar-10/train/37166.png,airplane,train,0
data/raw/cifar-10/train/7615.png,ship,train,8
data/raw/cifar-10/train/8343.png,airplane,train,0
data/raw/cifar-10/train/28721.png,dog,train,5
data/raw/cifar-10/train/13582.png,cat,train,3
data/raw/cifar-10/train/18818.png,truck,train,9
data/raw/cifar-10/train/12908.png,ship,train,8
data/raw/cifar-10/train/36864.png,bird,train,2
data/raw/cifar-10/train/35098.png,truck,train,9
data/raw/cifar-10/train/3951.png,ship,train,8
data/raw/cifar-10/train/12600.png,ship,train,8
data/raw/cifar-10/train/33044.png,cat,train,3
data/raw/cifar-10/train/6966.png,dog,train,5
data/raw/cifar-10/train/45440.png,cat,train,3
data/raw/cifar-10/train/5758.png,airplane,train,0
data/raw/cifar-10/train/31403.png,cat,train,3
data/raw/cifar-10/train/44045.png,deer,train,4
data/raw/cifar-10/train/21524.png,truck,train,9
data/raw/cifar-10/train/2470.png,automobile,train,1
data/raw/cifar-10/train/22438.png,automobile,train,1
data/raw/cifar-10/train/32447.png,deer,train,4
data/raw/cifar-10/train/16655.png,horse,train,7
data/raw/cifar-10/train/31004.png,deer,train,4
data/raw/cifar-10/train/35148.png,airplane,train,0
data/raw/cifar-10/train/4213.png,deer,train,4
data/raw/cifar-10/train/15609.png,frog,train,6
data/raw/cifar-10/train/31765.png,horse,train,7
data/raw/cifar-10/train/48792.png,automobile,train,1
data/raw/cifar-10/train/28038.png,ship,train,8
data/raw/cifar-10/train/35411.png,dog,train,5
data/raw/cifar-10/train/49989.png,dog,train,5
data/raw/cifar-10/train/30222.png,ship,train,8
data/raw/cifar-10/train/8694.png,automobile,train,1
data/raw/cifar-10/train/6998.png,truck,train,9
data/raw/cifar-10/train/10393.png,deer,train,4
data/raw/cifar-10/train/45830.png,truck,train,9
data/raw/cifar-10/train/26024.png,deer,train,4
data/raw/cifar-10/train/49556.png,airplane,train,0
data/raw/cifar-10/train/15451.png,dog,train,5
data/raw/cifar-10/train/7010.png,bird,train,2
data/raw/cifar-10/train/43466.png,bird,train,2
data/raw/cifar-10/train/49499.png,airplane,train,0
data/raw/cifar-10/train/26079.png,truck,train,9
data/raw/cifar-10/train/19301.png,horse,train,7
data/raw/cifar-10/train/49901.png,cat,train,3
data/raw/cifar-10/train/22991.png,deer,train,4
data/raw/cifar-10/train/44225.png,frog,train,6
data/raw/cifar-10/train/9327.png,ship,train,8
data/raw/cifar-10/train/12674.png,cat,train,3
data/raw/cifar-10/train/21792.png,frog,train,6
data/raw/cifar-10/train/23522.png,frog,train,6
data/raw/cifar-10/train/43318.png,automobile,train,1
data/raw/cifar-10/train/1760.png,airplane,train,0
data/raw/cifar-10/train/46522.png,deer,train,4
data/raw/cifar-10/train/41629.png,airplane,train,0
data/raw/cifar-10/train/38003.png,ship,train,8
data/raw/cifar-10/train/42925.png,dog,train,5
data/raw/cifar-10/train/42279.png,truck,train,9
data/raw/cifar-10/train/15884.png,automobile,train,1
data/raw/cifar-10/train/19624.png,dog,train,5
data/raw/cifar-10/train/27173.png,horse,train,7
data/raw/cifar-10/train/48168.png,frog,train,6
data/raw/cifar-10/train/14492.png,cat,train,3
data/raw/cifar-10/train/43115.png,frog,train,6
data/raw/cifar-10/train/17348.png,bird,train,2
data/raw/cifar-10/train/48252.png,bird,train,2
data/raw/cifar-10/train/17396.png,airplane,train,0
data/raw/cifar-10/train/15992.png,frog,train,6
data/raw/cifar-10/train/22283.png,frog,train,6
data/raw/cifar-10/train/46961.png,frog,train,6
data/raw/cifar-10/train/4443.png,horse,train,7
data/raw/cifar-10/train/7948.png,ship,train,8
data/raw/cifar-10/train/822.png,horse,train,7
data/raw/cifar-10/train/38247.png,cat,train,3
data/raw/cifar-10/train/40618.png,frog,train,6
data/raw/cifar-10/train/40139.png,automobile,train,1
data/raw/cifar-10/train/20165.png,dog,train,5
data/raw/cifar-10/train/26217.png,ship,train,8
data/raw/cifar-10/train/10066.png,ship,train,8
data/raw/cifar-10/train/20192.png,horse,train,7
data/raw/cifar-10/train/25905.png,frog,train,6
data/raw/cifar-10/train/31184.png,ship,train,8
data/raw/cifar-10/train/18116.png,deer,train,4
data/raw/cifar-10/train/42783.png,dog,train,5
data/raw/cifar-10/train/36678.png,horse,train,7
data/raw/cifar-10/train/14924.png,deer,train,4
data/raw/cifar-10/train/15332.png,truck,train,9
data/raw/cifar-10/train/39264.png,ship,train,8
data/raw/cifar-10/train/41415.png,airplane,train,0
data/raw/cifar-10/train/28194.png,automobile,train,1
data/raw/cifar-10/train/5517.png,airplane,train,0
data/raw/cifar-10/train/29403.png,dog,train,5
data/raw/cifar-10/train/16215.png,airplane,train,0
data/raw/cifar-10/train/40798.png,frog,train,6
data/raw/cifar-10/train/10594.png,deer,train,4
data/raw/cifar-10/train/48123.png,automobile,train,1
data/raw/cifar-10/train/47522.png,truck,train,9
data/raw/cifar-10/train/6500.png,bird,train,2
data/raw/cifar-10/train/4481.png,horse,train,7
data/raw/cifar-10/train/6257.png,cat,train,3
data/raw/cifar-10/train/4725.png,ship,train,8
data/raw/cifar-10/train/46487.png,airplane,train,0
data/raw/cifar-10/train/15673.png,dog,train,5
data/raw/cifar-10/train/32097.png,truck,train,9
data/raw/cifar-10/train/39575.png,airplane,train,0
data/raw/cifar-10/train/6299.png,deer,train,4
data/raw/cifar-10/train/18863.png,cat,train,3
data/raw/cifar-10/train/12966.png,cat,train,3
data/raw/cifar-10/train/10358.png,frog,train,6
data/raw/cifar-10/train/20731.png,deer,train,4
data/raw/cifar-10/train/24.png,frog,train,6
data/raw/cifar-10/train/24591.png,automobile,train,1
data/raw/cifar-10/train/8891.png,deer,train,4
data/raw/cifar-10/train/48275.png,dog,train,5
data/raw/cifar-10/train/45700.png,horse,train,7
data/raw/cifar-10/train/20258.png,airplane,train,0
data/raw/cifar-10/train/22858.png,deer,train,4
data/raw/cifar-10/train/38073.png,bird,train,2
data/raw/cifar-10/train/27759.png,airplane,train,0
data/raw/cifar-10/train/2545.png,deer,train,4
data/raw/cifar-10/train/44658.png,cat,train,3
data/raw/cifar-10/train/28743.png,airplane,train,0
data/raw/cifar-10/train/41.png,dog,train,5
data/raw/cifar-10/train/33036.png,dog,train,5
data/raw/cifar-10/train/45515.png,cat,train,3
data/raw/cifar-10/train/528.png,airplane,train,0
data/raw/cifar-10/train/37137.png,automobile,train,1
data/raw/cifar-10/train/24097.png,airplane,train,0
data/raw/cifar-10/train/39644.png,frog,train,6
data/raw/cifar-10/train/15134.png,dog,train,5
data/raw/cifar-10/train/26332.png,automobile,train,1
data/raw/cifar-10/train/41554.png,frog,train,6
data/raw/cifar-10/train/25929.png,bird,train,2
data/raw/cifar-10/train/27735.png,cat,train,3
data/raw/cifar-10/train/9399.png,cat,train,3
data/raw/cifar-10/train/147.png,truck,train,9
data/raw/cifar-10/train/9049.png,automobile,train,1
data/raw/cifar-10/train/19258.png,bird,train,2
data/raw/cifar-10/train/15847.png,frog,train,6
data/raw/cifar-10/train/34970.png,deer,train,4
data/raw/cifar-10/train/26238.png,dog,train,5
data/raw/cifar-10/train/3345.png,airplane,train,0
data/raw/cifar-10/train/12251.png,bird,train,2
data/raw/cifar-10/train/19389.png,cat,train,3
data/raw/cifar-10/train/46999.png,deer,train,4
data/raw/cifar-10/train/21432.png,ship,train,8
data/raw/cifar-10/train/5948.png,automobile,train,1
data/raw/cifar-10/train/48170.png,bird,train,2
data/raw/cifar-10/train/25244.png,airplane,train,0
data/raw/cifar-10/train/4630.png,truck,train,9
data/raw/cifar-10/train/43682.png,deer,train,4
data/raw/cifar-10/train/7812.png,deer,train,4
data/raw/cifar-10/train/11393.png,frog,train,6
data/raw/cifar-10/train/1861.png,dog,train,5
data/raw/cifar-10/train/31793.png,frog,train,6
data/raw/cifar-10/train/32258.png,bird,train,2
data/raw/cifar-10/train/46231.png,cat,train,3
data/raw/cifar-10/train/39520.png,airplane,train,0
data/raw/cifar-10/train/35550.png,cat,train,3
data/raw/cifar-10/train/13979.png,deer,train,4
data/raw/cifar-10/train/42087.png,cat,train,3
data/raw/cifar-10/train/39722.png,truck,train,9
data/raw/cifar-10/train/28703.png,truck,train,9
data/raw/cifar-10/train/44488.png,automobile,train,1
data/raw/cifar-10/train/5673.png,ship,train,8
data/raw/cifar-10/train/45008.png,dog,train,5
data/raw/cifar-10/train/23813.png,automobile,train,1
data/raw/cifar-10/train/4448.png,deer,train,4
data/raw/cifar-10/train/37788.png,horse,train,7
data/raw/cifar-10/train/46953.png,frog,train,6
data/raw/cifar-10/train/44693.png,truck,train,9
data/raw/cifar-10/train/40617.png,dog,train,5
data/raw/cifar-10/train/49890.png,truck,train,9
data/raw/cifar-10/train/27476.png,cat,train,3
data/raw/cifar-10/train/3985.png,automobile,train,1
data/raw/cifar-10/train/27089.png,frog,train,6
data/raw/cifar-10/train/48658.png,cat,train,3
data/raw/cifar-10/train/23529.png,airplane,train,0
data/raw/cifar-10/train/37373.png,frog,train,6
data/raw/cifar-10/train/18586.png,frog,train,6
data/raw/cifar-10/train/18372.png,cat,train,3
data/raw/cifar-10/train/35841.png,automobile,train,1
data/raw/cifar-10/train/20408.png,deer,train,4
data/raw/cifar-10/train/37758.png,deer,train,4
data/raw/cifar-10/train/36034.png,automobile,train,1
data/raw/cifar-10/train/44548.png,truck,train,9
data/raw/cifar-10/train/48186.png,automobile,train,1
data/raw/cifar-10/train/32152.png,bird,train,2
data/raw/cifar-10/train/43977.png,automobile,train,1
data/raw/cifar-10/train/14947.png,bird,train,2
data/raw/cifar-10/train/44505.png,ship,train,8
data/raw/cifar-10/train/11997.png,horse,train,7
data/raw/cifar-10/train/6557.png,cat,train,3
data/raw/cifar-10/train/21612.png,ship,train,8
data/raw/cifar-10/train/18699.png,automobile,train,1
data/raw/cifar-10/train/29778.png,automobile,train,1
data/raw/cifar-10/train/7795.png,ship,train,8
data/raw/cifar-10/train/33080.png,dog,train,5
data/raw/cifar-10/train/26803.png,truck,train,9
data/raw/cifar-10/train/19862.png,dog,train,5
data/raw/cifar-10/train/14719.png,ship,train,8
data/raw/cifar-10/train/25700.png,dog,train,5
data/raw/cifar-10/train/10192.png,ship,train,8
data/raw/cifar-10/train/15962.png,automobile,train,1
data/raw/cifar-10/train/45296.png,frog,train,6
data/raw/cifar-10/train/27968.png,cat,train,3
data/raw/cifar-10/train/16969.png,deer,train,4
data/raw/cifar-10/train/10656.png,automobile,train,1
data/raw/cifar-10/train/14946.png,airplane,train,0
data/raw/cifar-10/train/2499.png,truck,train,9
data/raw/cifar-10/train/8487.png,automobile,train,1
data/raw/cifar-10/train/25410.png,truck,train,9
data/raw/cifar-10/train/38817.png,automobile,train,1
data/raw/cifar-10/train/22781.png,bird,train,2
data/raw/cifar-10/train/39080.png,ship,train,8
data/raw/cifar-10/train/861.png,ship,train,8
data/raw/cifar-10/train/31378.png,bird,train,2
data/raw/cifar-10/train/47893.png,cat,train,3
data/raw/cifar-10/train/3053.png,cat,train,3
data/raw/cifar-10/train/9946.png,airplane,train,0
data/raw/cifar-10/train/6010.png,deer,train,4
data/raw/cifar-10/train/33301.png,bird,train,2
data/raw/cifar-10/train/24000.png,airplane,train,0
data/raw/cifar-10/train/31305.png,horse,train,7
data/raw/cifar-10/train/49029.png,frog,train,6
data/raw/cifar-10/train/49038.png,horse,train,7
data/raw/cifar-10/train/10143.png,ship,train,8
data/raw/cifar-10/train/16405.png,frog,train,6
data/raw/cifar-10/train/29922.png,dog,train,5
data/raw/cifar-10/train/39142.png,automobile,train,1
data/raw/cifar-10/train/30821.png,airplane,train,0
data/raw/cifar-10/train/16511.png,dog,train,5
data/raw/cifar-10/train/29679.png,bird,train,2
data/raw/cifar-10/train/37789.png,airplane,train,0
data/raw/cifar-10/train/45676.png,automobile,train,1
data/raw/cifar-10/train/42349.png,dog,train,5
data/raw/cifar-10/train/25879.png,frog,train,6
data/raw/cifar-10/train/35114.png,deer,train,4
data/raw/cifar-10/train/6880.png,deer,train,4
data/raw/cifar-10/train/18634.png,deer,train,4
data/raw/cifar-10/train/21983.png,cat,train,3
data/raw/cifar-10/train/24600.png,horse,train,7
data/raw/cifar-10/train/6246.png,truck,train,9
data/raw/cifar-10/train/26435.png,deer,train,4
data/raw/cifar-10/train/32787.png,deer,train,4
data/raw/cifar-10/train/916.png,truck,train,9
data/raw/cifar-10/train/3918.png,dog,train,5
data/raw/cifar-10/train/5238.png,deer,train,4
data/raw/cifar-10/train/10437.png,bird,train,2
data/raw/cifar-10/train/43613.png,ship,train,8
data/raw/cifar-10/train/48341.png,truck,train,9
data/raw/cifar-10/train/41890.png,ship,train,8
data/raw/cifar-10/train/39196.png,automobile,train,1
data/raw/cifar-10/train/36417.png,dog,train,5
data/raw/cifar-10/train/36445.png,ship,train,8
data/raw/cifar-10/train/6817.png,bird,train,2
data/raw/cifar-10/train/1283.png,ship,train,8
data/raw/cifar-10/train/26883.png,deer,train,4
data/raw/cifar-10/train/49535.png,truck,train,9
data/raw/cifar-10/train/29489.png,cat,train,3
data/raw/cifar-10/train/40281.png,deer,train,4
data/raw/cifar-10/train/47591.png,horse,train,7
data/raw/cifar-10/train/28802.png,horse,train,7
data/raw/cifar-10/train/8218.png,airplane,train,0
data/raw/cifar-10/train/869.png,deer,train,4
data/raw/cifar-10/train/4666.png,truck,train,9
data/raw/cifar-10/train/35445.png,frog,train,6
data/raw/cifar-10/train/36385.png,truck,train,9
data/raw/cifar-10/train/26719.png,ship,train,8
data/raw/cifar-10/train/44149.png,airplane,train,0
data/raw/cifar-10/train/29359.png,dog,train,5
data/raw/cifar-10/train/36412.png,dog,train,5
data/raw/cifar-10/train/3214.png,horse,train,7
data/raw/cifar-10/train/49872.png,automobile,train,1
data/raw/cifar-10/train/49669.png,cat,train,3
data/raw/cifar-10/train/40758.png,deer,train,4
data/raw/cifar-10/train/33512.png,cat,train,3
data/raw/cifar-10/train/49382.png,automobile,train,1
data/raw/cifar-10/train/36769.png,frog,train,6
data/raw/cifar-10/train/19025.png,dog,train,5
data/raw/cifar-10/train/22209.png,truck,train,9
data/raw/cifar-10/train/8195.png,frog,train,6
data/raw/cifar-10/train/34119.png,automobile,train,1
data/raw/cifar-10/train/7541.png,automobile,train,1
data/raw/cifar-10/train/45230.png,bird,train,2
data/raw/cifar-10/train/24437.png,truck,train,9
data/raw/cifar-10/train/28819.png,automobile,train,1
data/raw/cifar-10/train/49037.png,truck,train,9
data/raw/cifar-10/train/26399.png,bird,train,2
data/raw/cifar-10/train/35835.png,bird,train,2
data/raw/cifar-10/train/7889.png,bird,train,2
data/raw/cifar-10/train/34916.png,horse,train,7
data/raw/cifar-10/train/24422.png,deer,train,4
data/raw/cifar-10/train/20800.png,truck,train,9
data/raw/cifar-10/train/13854.png,bird,train,2
data/raw/cifar-10/train/27327.png,bird,train,2
data/raw/cifar-10/train/6183.png,ship,train,8
data/raw/cifar-10/train/20279.png,frog,train,6
data/raw/cifar-10/train/9230.png,truck,train,9
data/raw/cifar-10/train/11925.png,dog,train,5
data/raw/cifar-10/train/47322.png,horse,train,7
data/raw/cifar-10/train/40423.png,automobile,train,1
data/raw/cifar-10/train/34418.png,airplane,train,0
data/raw/cifar-10/train/27436.png,truck,train,9
data/raw/cifar-10/train/16806.png,cat,train,3
data/raw/cifar-10/train/49531.png,airplane,train,0
data/raw/cifar-10/train/35981.png,horse,train,7
data/raw/cifar-10/train/46862.png,truck,train,9
data/raw/cifar-10/train/44244.png,airplane,train,0
data/raw/cifar-10/train/27357.png,bird,train,2
data/raw/cifar-10/train/5035.png,horse,train,7
data/raw/cifar-10/train/15015.png,automobile,train,1
data/raw/cifar-10/train/37727.png,ship,train,8
data/raw/cifar-10/train/18283.png,frog,train,6
data/raw/cifar-10/train/3682.png,ship,train,8
data/raw/cifar-10/train/7867.png,frog,train,6
data/raw/cifar-10/train/35181.png,deer,train,4
data/raw/cifar-10/train/42777.png,dog,train,5
data/raw/cifar-10/train/42159.png,bird,train,2
data/raw/cifar-10/train/28006.png,automobile,train,1
data/raw/cifar-10/train/35949.png,automobile,train,1
data/raw/cifar-10/train/19332.png,deer,train,4
data/raw/cifar-10/train/28103.png,horse,train,7
data/raw/cifar-10/train/17144.png,frog,train,6
data/raw/cifar-10/train/32691.png,frog,train,6
data/raw/cifar-10/train/10429.png,bird,train,2
data/raw/cifar-10/train/7347.png,cat,train,3
data/raw/cifar-10/train/32322.png,bird,train,2
data/raw/cifar-10/train/527.png,deer,train,4
data/raw/cifar-10/train/2200.png,truck,train,9
data/raw/cifar-10/train/17057.png,airplane,train,0
data/raw/cifar-10/train/41626.png,deer,train,4
data/raw/cifar-10/train/9936.png,ship,train,8
data/raw/cifar-10/train/35482.png,cat,train,3
data/raw/cifar-10/train/13767.png,automobile,train,1
data/raw/cifar-10/train/45866.png,truck,train,9
data/raw/cifar-10/train/34414.png,bird,train,2
data/raw/cifar-10/train/44836.png,automobile,train,1
data/raw/cifar-10/train/30385.png,deer,train,4
data/raw/cifar-10/train/39549.png,truck,train,9
data/raw/cifar-10/train/47187.png,ship,train,8
data/raw/cifar-10/train/16967.png,truck,train,9
data/raw/cifar-10/train/36922.png,bird,train,2
data/raw/cifar-10/train/21514.png,bird,train,2
data/raw/cifar-10/train/6243.png,airplane,train,0
data/raw/cifar-10/train/32824.png,ship,train,8
data/raw/cifar-10/train/40222.png,bird,train,2
data/raw/cifar-10/train/43943.png,truck,train,9
data/raw/cifar-10/train/23402.png,cat,train,3
data/raw/cifar-10/train/2069.png,cat,train,3
data/raw/cifar-10/train/10300.png,deer,train,4
data/raw/cifar-10/train/21923.png,bird,train,2
data/raw/cifar-10/train/18726.png,ship,train,8
data/raw/cifar-10/train/38595.png,bird,train,2
data/raw/cifar-10/train/23781.png,frog,train,6
data/raw/cifar-10/train/3604.png,frog,train,6
data/raw/cifar-10/train/41019.png,bird,train,2
data/raw/cifar-10/train/13926.png,cat,train,3
data/raw/cifar-10/train/41209.png,bird,train,2
data/raw/cifar-10/train/45653.png,airplane,train,0
data/raw/cifar-10/train/30108.png,dog,train,5
data/raw/cifar-10/train/19543.png,horse,train,7
data/raw/cifar-10/train/3709.png,bird,train,2
data/raw/cifar-10/train/15982.png,bird,train,2
data/raw/cifar-10/train/18826.png,automobile,train,1
data/raw/cifar-10/train/34668.png,truck,train,9
data/raw/cifar-10/train/20214.png,truck,train,9
data/raw/cifar-10/train/39685.png,ship,train,8
data/raw/cifar-10/train/27233.png,horse,train,7
data/raw/cifar-10/train/43837.png,cat,train,3
data/raw/cifar-10/train/6882.png,ship,train,8
data/raw/cifar-10/train/35327.png,airplane,train,0
data/raw/cifar-10/train/22992.png,airplane,train,0
data/raw/cifar-10/train/29645.png,horse,train,7
data/raw/cifar-10/train/18905.png,frog,train,6
data/raw/cifar-10/train/38587.png,airplane,train,0
data/raw/cifar-10/train/28672.png,automobile,train,1
data/raw/cifar-10/train/41067.png,cat,train,3
data/raw/cifar-10/train/16874.png,dog,train,5
data/raw/cifar-10/train/18294.png,deer,train,4
data/raw/cifar-10/train/19128.png,airplane,train,0
data/raw/cifar-10/train/19825.png,truck,train,9
data/raw/cifar-10/train/25443.png,frog,train,6
data/raw/cifar-10/train/25.png,bird,train,2
data/raw/cifar-10/train/29889.png,airplane,train,0
data/raw/cifar-10/train/21734.png,deer,train,4
data/raw/cifar-10/train/11063.png,dog,train,5
data/raw/cifar-10/train/43813.png,cat,train,3
data/raw/cifar-10/train/26729.png,dog,train,5
data/raw/cifar-10/train/7834.png,horse,train,7
data/raw/cifar-10/train/3877.png,truck,train,9
data/raw/cifar-10/train/29318.png,ship,train,8
data/raw/cifar-10/train/31966.png,horse,train,7
data/raw/cifar-10/train/34180.png,automobile,train,1
data/raw/cifar-10/train/36296.png,ship,train,8
data/raw/cifar-10/train/38152.png,frog,train,6
data/raw/cifar-10/train/13879.png,frog,train,6
data/raw/cifar-10/train/38373.png,frog,train,6
data/raw/cifar-10/train/31664.png,ship,train,8
data/raw/cifar-10/train/39576.png,cat,train,3
data/raw/cifar-10/train/43117.png,bird,train,2
data/raw/cifar-10/train/29335.png,truck,train,9
data/raw/cifar-10/train/4747.png,airplane,train,0
data/raw/cifar-10/train/11948.png,dog,train,5
data/raw/cifar-10/train/20273.png,bird,train,2
data/raw/cifar-10/train/37519.png,frog,train,6
data/raw/cifar-10/train/667.png,truck,train,9
data/raw/cifar-10/train/26901.png,cat,train,3
data/raw/cifar-10/train/36833.png,bird,train,2
data/raw/cifar-10/train/798.png,horse,train,7
data/raw/cifar-10/train/27961.png,ship,train,8
data/raw/cifar-10/train/42952.png,horse,train,7
data/raw/cifar-10/train/38093.png,deer,train,4
data/raw/cifar-10/train/14607.png,ship,train,8
data/raw/cifar-10/train/43978.png,frog,train,6
data/raw/cifar-10/train/45462.png,ship,train,8
data/raw/cifar-10/train/16193.png,horse,train,7
data/raw/cifar-10/train/21032.png,bird,train,2
data/raw/cifar-10/train/45619.png,deer,train,4
data/raw/cifar-10/train/41941.png,frog,train,6
data/raw/cifar-10/train/32562.png,horse,train,7
data/raw/cifar-10/train/25419.png,dog,train,5
data/raw/cifar-10/train/2135.png,frog,train,6
data/raw/cifar-10/train/2555.png,horse,train,7
data/raw/cifar-10/train/31432.png,deer,train,4
data/raw/cifar-10/train/49686.png,deer,train,4
data/raw/cifar-10/train/48572.png,dog,train,5
data/raw/cifar-10/train/45489.png,automobile,train,1
data/raw/cifar-10/train/40997.png,cat,train,3
data/raw/cifar-10/train/19740.png,horse,train,7
data/raw/cifar-10/train/49139.png,deer,train,4
data/raw/cifar-10/train/46246.png,deer,train,4
data/raw/cifar-10/train/43013.png,airplane,train,0
data/raw/cifar-10/train/21120.png,airplane,train,0
data/raw/cifar-10/train/45890.png,frog,train,6
data/raw/cifar-10/train/13607.png,ship,train,8
data/raw/cifar-10/train/9681.png,deer,train,4
data/raw/cifar-10/train/33456.png,dog,train,5
data/raw/cifar-10/train/42458.png,horse,train,7
data/raw/cifar-10/train/31065.png,dog,train,5
data/raw/cifar-10/train/36526.png,frog,train,6
data/raw/cifar-10/train/16123.png,horse,train,7
data/raw/cifar-10/train/39603.png,dog,train,5
data/raw/cifar-10/train/18747.png,bird,train,2
data/raw/cifar-10/train/36971.png,cat,train,3
data/raw/cifar-10/train/35092.png,frog,train,6
data/raw/cifar-10/train/24423.png,horse,train,7
data/raw/cifar-10/train/3979.png,ship,train,8
data/raw/cifar-10/train/29878.png,ship,train,8
data/raw/cifar-10/train/6073.png,horse,train,7
data/raw/cifar-10/train/48625.png,dog,train,5
data/raw/cifar-10/train/25009.png,cat,train,3
data/raw/cifar-10/train/430.png,deer,train,4
data/raw/cifar-10/train/36122.png,dog,train,5
data/raw/cifar-10/train/13700.png,truck,train,9
data/raw/cifar-10/train/15484.png,airplane,train,0
data/raw/cifar-10/train/20864.png,ship,train,8
data/raw/cifar-10/train/45582.png,dog,train,5
data/raw/cifar-10/train/4717.png,dog,train,5
data/raw/cifar-10/train/34797.png,truck,train,9
data/raw/cifar-10/train/2044.png,frog,train,6
data/raw/cifar-10/train/877.png,deer,train,4
data/raw/cifar-10/train/11415.png,horse,train,7
data/raw/cifar-10/train/37272.png,cat,train,3
data/raw/cifar-10/train/8121.png,ship,train,8
data/raw/cifar-10/train/48403.png,cat,train,3
data/raw/cifar-10/train/49910.png,frog,train,6
data/raw/cifar-10/train/27564.png,frog,train,6
data/raw/cifar-10/train/3574.png,horse,train,7
data/raw/cifar-10/train/22554.png,automobile,train,1
data/raw/cifar-10/train/34524.png,ship,train,8
data/raw/cifar-10/train/14895.png,frog,train,6
data/raw/cifar-10/train/4583.png,horse,train,7
data/raw/cifar-10/train/29461.png,cat,train,3
data/raw/cifar-10/train/12798.png,deer,train,4
data/raw/cifar-10/train/41768.png,bird,train,2
data/raw/cifar-10/train/42707.png,bird,train,2
data/raw/cifar-10/train/34326.png,bird,train,2
data/raw/cifar-10/train/44601.png,frog,train,6
data/raw/cifar-10/train/30130.png,dog,train,5
data/raw/cifar-10/train/40640.png,airplane,train,0
data/raw/cifar-10/train/37057.png,dog,train,5
data/raw/cifar-10/train/25944.png,cat,train,3
data/raw/cifar-10/train/12077.png,cat,train,3
data/raw/cifar-10/train/38339.png,cat,train,3
data/raw/cifar-10/train/33214.png,frog,train,6
data/raw/cifar-10/train/20963.png,ship,train,8
data/raw/cifar-10/train/14159.png,ship,train,8
data/raw/cifar-10/train/5629.png,horse,train,7
data/raw/cifar-10/train/13744.png,ship,train,8
data/raw/cifar-10/train/6558.png,cat,train,3
data/raw/cifar-10/train/33592.png,horse,train,7
data/raw/cifar-10/train/34363.png,frog,train,6
data/raw/cifar-10/train/33572.png,ship,train,8
data/raw/cifar-10/train/9566.png,automobile,train,1
data/raw/cifar-10/train/11732.png,bird,train,2
data/raw/cifar-10/train/42453.png,truck,train,9
data/raw/cifar-10/train/17731.png,ship,train,8
data/raw/cifar-10/train/32702.png,truck,train,9
data/raw/cifar-10/train/5733.png,ship,train,8
data/raw/cifar-10/train/22292.png,horse,train,7
data/raw/cifar-10/train/33157.png,ship,train,8
data/raw/cifar-10/train/26765.png,airplane,train,0
data/raw/cifar-10/train/41030.png,frog,train,6
data/raw/cifar-10/train/13737.png,frog,train,6
data/raw/cifar-10/train/36380.png,automobile,train,1
data/raw/cifar-10/train/15889.png,bird,train,2
data/raw/cifar-10/train/30704.png,dog,train,5
data/raw/cifar-10/train/19546.png,frog,train,6
data/raw/cifar-10/train/43622.png,deer,train,4
data/raw/cifar-10/train/2908.png,bird,train,2
data/raw/cifar-10/train/31873.png,ship,train,8
data/raw/cifar-10/train/15272.png,horse,train,7
data/raw/cifar-10/train/40276.png,airplane,train,0
data/raw/cifar-10/train/49066.png,truck,train,9
data/raw/cifar-10/train/41091.png,frog,train,6
data/raw/cifar-10/train/19550.png,truck,train,9
data/raw/cifar-10/train/13045.png,automobile,train,1
data/raw/cifar-10/train/2623.png,airplane,train,0
data/raw/cifar-10/train/23986.png,deer,train,4
data/raw/cifar-10/train/42503.png,ship,train,8
data/raw/cifar-10/train/6303.png,automobile,train,1
data/raw/cifar-10/train/3697.png,airplane,train,0
data/raw/cifar-10/train/21503.png,dog,train,5
data/raw/cifar-10/train/21609.png,ship,train,8
data/raw/cifar-10/train/35194.png,dog,train,5
data/raw/cifar-10/train/11683.png,airplane,train,0
data/raw/cifar-10/train/46087.png,airplane,train,0
data/raw/cifar-10/train/40157.png,deer,train,4
data/raw/cifar-10/train/13687.png,cat,train,3
data/raw/cifar-10/train/4471.png,airplane,train,0
data/raw/cifar-10/train/24976.png,automobile,train,1
data/raw/cifar-10/train/46877.png,airplane,train,0
data/raw/cifar-10/train/5143.png,frog,train,6
data/raw/cifar-10/train/42824.png,automobile,train,1
data/raw/cifar-10/train/41517.png,frog,train,6
data/raw/cifar-10/train/39211.png,ship,train,8
data/raw/cifar-10/train/3684.png,frog,train,6
data/raw/cifar-10/train/16121.png,cat,train,3
data/raw/cifar-10/train/39481.png,airplane,train,0
data/raw/cifar-10/train/13442.png,frog,train,6
data/raw/cifar-10/train/26807.png,ship,train,8
data/raw/cifar-10/train/46395.png,airplane,train,0
data/raw/cifar-10/train/15797.png,horse,train,7
data/raw/cifar-10/train/14287.png,ship,train,8
data/raw/cifar-10/train/48879.png,deer,train,4
data/raw/cifar-10/train/45303.png,truck,train,9
data/raw/cifar-10/train/46719.png,automobile,train,1
data/raw/cifar-10/train/23021.png,automobile,train,1
data/raw/cifar-10/train/25872.png,deer,train,4
data/raw/cifar-10/train/24928.png,bird,train,2
data/raw/cifar-10/train/807.png,cat,train,3
data/raw/cifar-10/train/39594.png,ship,train,8
data/raw/cifar-10/train/29365.png,airplane,train,0
data/raw/cifar-10/train/13505.png,ship,train,8
data/raw/cifar-10/train/22658.png,dog,train,5
data/raw/cifar-10/train/39763.png,horse,train,7
data/raw/cifar-10/train/1501.png,bird,train,2
data/raw/cifar-10/train/9198.png,frog,train,6
data/raw/cifar-10/train/24998.png,deer,train,4
data/raw/cifar-10/train/1788.png,bird,train,2
data/raw/cifar-10/train/329.png,ship,train,8
data/raw/cifar-10/train/2760.png,bird,train,2
data/raw/cifar-10/train/35469.png,ship,train,8
data/raw/cifar-10/train/46253.png,frog,train,6
data/raw/cifar-10/train/38770.png,frog,train,6
data/raw/cifar-10/train/3535.png,horse,train,7
data/raw/cifar-10/train/39150.png,airplane,train,0
data/raw/cifar-10/train/37667.png,automobile,train,1
data/raw/cifar-10/train/23122.png,dog,train,5
data/raw/cifar-10/train/12984.png,horse,train,7
data/raw/cifar-10/train/30888.png,bird,train,2
data/raw/cifar-10/train/8720.png,horse,train,7
data/raw/cifar-10/train/19637.png,horse,train,7
data/raw/cifar-10/train/27642.png,cat,train,3
data/raw/cifar-10/train/36455.png,dog,train,5
data/raw/cifar-10/train/21797.png,automobile,train,1
data/raw/cifar-10/train/34086.png,truck,train,9
data/raw/cifar-10/train/33933.png,bird,train,2
data/raw/cifar-10/train/45927.png,bird,train,2
data/raw/cifar-10/train/44083.png,airplane,train,0
data/raw/cifar-10/train/8205.png,dog,train,5
data/raw/cifar-10/train/48671.png,ship,train,8
data/raw/cifar-10/train/25237.png,airplane,train,0
data/raw/cifar-10/train/25851.png,frog,train,6
data/raw/cifar-10/train/9557.png,bird,train,2
data/raw/cifar-10/train/13313.png,airplane,train,0
data/raw/cifar-10/train/41541.png,cat,train,3
data/raw/cifar-10/train/48534.png,deer,train,4
data/raw/cifar-10/train/18921.png,airplane,train,0
data/raw/cifar-10/train/11528.png,horse,train,7
data/raw/cifar-10/train/43029.png,frog,train,6
data/raw/cifar-10/train/10490.png,deer,train,4
data/raw/cifar-10/train/16086.png,deer,train,4
data/raw/cifar-10/train/1795.png,ship,train,8
data/raw/cifar-10/train/29304.png,bird,train,2
data/raw/cifar-10/train/42104.png,airplane,train,0
data/raw/cifar-10/train/18044.png,deer,train,4
data/raw/cifar-10/train/14247.png,dog,train,5
data/raw/cifar-10/train/44701.png,dog,train,5
data/raw/cifar-10/train/33859.png,truck,train,9
data/raw/cifar-10/train/36401.png,automobile,train,1
data/raw/cifar-10/train/28039.png,automobile,train,1
data/raw/cifar-10/train/22308.png,bird,train,2
data/raw/cifar-10/train/7856.png,deer,train,4
data/raw/cifar-10/train/5578.png,horse,train,7
data/raw/cifar-10/train/22206.png,deer,train,4
data/raw/cifar-10/train/6599.png,ship,train,8
data/raw/cifar-10/train/1551.png,frog,train,6
data/raw/cifar-10/train/24784.png,frog,train,6
data/raw/cifar-10/train/23393.png,dog,train,5
data/raw/cifar-10/train/31247.png,airplane,train,0
data/raw/cifar-10/train/7340.png,frog,train,6
data/raw/cifar-10/train/34233.png,truck,train,9
data/raw/cifar-10/train/8290.png,deer,train,4
data/raw/cifar-10/train/14358.png,truck,train,9
data/raw/cifar-10/train/39991.png,automobile,train,1
data/raw/cifar-10/train/22599.png,truck,train,9
data/raw/cifar-10/train/10853.png,horse,train,7
data/raw/cifar-10/train/9223.png,cat,train,3
data/raw/cifar-10/train/10011.png,airplane,train,0
data/raw/cifar-10/train/17594.png,automobile,train,1
data/raw/cifar-10/train/41551.png,automobile,train,1
data/raw/cifar-10/train/4097.png,airplane,train,0
data/raw/cifar-10/train/16322.png,dog,train,5
data/raw/cifar-10/train/11980.png,airplane,train,0
data/raw/cifar-10/train/49012.png,ship,train,8
data/raw/cifar-10/train/24433.png,bird,train,2
data/raw/cifar-10/train/1027.png,truck,train,9
data/raw/cifar-10/train/19875.png,bird,train,2
data/raw/cifar-10/train/1797.png,truck,train,9
data/raw/cifar-10/train/31487.png,bird,train,2
data/raw/cifar-10/train/19484.png,dog,train,5
data/raw/cifar-10/train/19499.png,truck,train,9
data/raw/cifar-10/train/3880.png,deer,train,4
data/raw/cifar-10/train/38115.png,dog,train,5
data/raw/cifar-10/train/43503.png,deer,train,4
data/raw/cifar-10/train/18990.png,truck,train,9
data/raw/cifar-10/train/21543.png,truck,train,9
data/raw/cifar-10/train/46627.png,ship,train,8
data/raw/cifar-10/train/8908.png,horse,train,7
data/raw/cifar-10/train/42555.png,truck,train,9
data/raw/cifar-10/train/12603.png,bird,train,2
data/raw/cifar-10/train/48706.png,truck,train,9
data/raw/cifar-10/train/46206.png,cat,train,3
data/raw/cifar-10/train/10945.png,bird,train,2
data/raw/cifar-10/train/621.png,frog,train,6
data/raw/cifar-10/train/45838.png,bird,train,2
data/raw/cifar-10/train/43885.png,horse,train,7
data/raw/cifar-10/train/3519.png,ship,train,8
data/raw/cifar-10/train/22933.png,dog,train,5
data/raw/cifar-10/train/21672.png,ship,train,8
data/raw/cifar-10/train/46991.png,airplane,train,0
data/raw/cifar-10/train/38456.png,deer,train,4
data/raw/cifar-10/train/28014.png,deer,train,4
data/raw/cifar-10/train/33639.png,airplane,train,0
data/raw/cifar-10/train/25691.png,deer,train,4
data/raw/cifar-10/train/41111.png,automobile,train,1
data/raw/cifar-10/train/19814.png,deer,train,4
data/raw/cifar-10/train/16365.png,cat,train,3
data/raw/cifar-10/train/35977.png,cat,train,3
data/raw/cifar-10/train/18561.png,deer,train,4
data/raw/cifar-10/train/46525.png,horse,train,7
data/raw/cifar-10/train/22339.png,dog,train,5
data/raw/cifar-10/train/31860.png,frog,train,6
data/raw/cifar-10/train/40861.png,bird,train,2
data/raw/cifar-10/train/28809.png,cat,train,3
data/raw/cifar-10/train/10081.png,truck,train,9
data/raw/cifar-10/train/41364.png,truck,train,9
data/raw/cifar-10/train/45426.png,automobile,train,1
data/raw/cifar-10/train/47057.png,horse,train,7
data/raw/cifar-10/train/18651.png,bird,train,2
data/raw/cifar-10/train/29433.png,dog,train,5
data/raw/cifar-10/train/9219.png,truck,train,9
data/raw/cifar-10/train/31798.png,cat,train,3
data/raw/cifar-10/train/44232.png,automobile,train,1
data/raw/cifar-10/train/7357.png,deer,train,4
data/raw/cifar-10/train/25197.png,automobile,train,1
data/raw/cifar-10/train/37864.png,cat,train,3
data/raw/cifar-10/train/3336.png,airplane,train,0
data/raw/cifar-10/train/2264.png,horse,train,7
data/raw/cifar-10/train/39909.png,ship,train,8
data/raw/cifar-10/train/21014.png,ship,train,8
data/raw/cifar-10/train/21217.png,frog,train,6
data/raw/cifar-10/train/35698.png,cat,train,3
data/raw/cifar-10/train/34691.png,automobile,train,1
data/raw/cifar-10/train/16044.png,dog,train,5
data/raw/cifar-10/train/45675.png,dog,train,5
data/raw/cifar-10/train/31436.png,airplane,train,0
data/raw/cifar-10/train/32501.png,frog,train,6
data/raw/cifar-10/train/19761.png,automobile,train,1
data/raw/cifar-10/train/17955.png,bird,train,2
data/raw/cifar-10/train/33259.png,airplane,train,0
data/raw/cifar-10/train/22539.png,truck,train,9
data/raw/cifar-10/train/8380.png,deer,train,4
data/raw/cifar-10/train/30624.png,truck,train,9
data/raw/cifar-10/train/5020.png,frog,train,6
data/raw/cifar-10/train/41774.png,ship,train,8
data/raw/cifar-10/train/43645.png,ship,train,8
data/raw/cifar-10/train/15708.png,airplane,train,0
data/raw/cifar-10/train/47476.png,cat,train,3
data/raw/cifar-10/train/5771.png,airplane,train,0
data/raw/cifar-10/train/29881.png,airplane,train,0
data/raw/cifar-10/train/28437.png,ship,train,8
data/raw/cifar-10/train/19076.png,cat,train,3
data/raw/cifar-10/train/31424.png,ship,train,8
data/raw/cifar-10/train/46435.png,airplane,train,0
data/raw/cifar-10/train/40063.png,ship,train,8
data/raw/cifar-10/train/26410.png,frog,train,6
data/raw/cifar-10/train/40426.png,frog,train,6
data/raw/cifar-10/train/33371.png,deer,train,4
data/raw/cifar-10/train/46654.png,cat,train,3
data/raw/cifar-10/train/29792.png,automobile,train,1
data/raw/cifar-10/train/31185.png,ship,train,8
data/raw/cifar-10/train/36271.png,horse,train,7
data/raw/cifar-10/train/31274.png,dog,train,5
data/raw/cifar-10/train/47051.png,airplane,train,0
data/raw/cifar-10/train/31067.png,ship,train,8
data/raw/cifar-10/train/33878.png,horse,train,7
data/raw/cifar-10/train/18049.png,automobile,train,1
data/raw/cifar-10/train/4877.png,cat,train,3
data/raw/cifar-10/train/49064.png,horse,train,7
data/raw/cifar-10/train/46980.png,frog,train,6
data/raw/cifar-10/train/13701.png,cat,train,3
data/raw/cifar-10/train/31070.png,ship,train,8
data/raw/cifar-10/train/25942.png,deer,train,4
data/raw/cifar-10/train/15118.png,horse,train,7
data/raw/cifar-10/train/14168.png,automobile,train,1
data/raw/cifar-10/train/42549.png,cat,train,3
data/raw/cifar-10/train/11179.png,airplane,train,0
data/raw/cifar-10/train/30072.png,ship,train,8
data/raw/cifar-10/train/4977.png,bird,train,2
data/raw/cifar-10/train/26884.png,cat,train,3
data/raw/cifar-10/train/4284.png,ship,train,8
data/raw/cifar-10/train/11416.png,bird,train,2
data/raw/cifar-10/train/10928.png,horse,train,7
data/raw/cifar-10/train/29481.png,airplane,train,0
data/raw/cifar-10/train/29794.png,cat,train,3
data/raw/cifar-10/train/48199.png,horse,train,7
data/raw/cifar-10/train/49418.png,truck,train,9
data/raw/cifar-10/train/13256.png,truck,train,9
data/raw/cifar-10/train/28132.png,cat,train,3
data/raw/cifar-10/train/23055.png,frog,train,6
data/raw/cifar-10/train/2996.png,deer,train,4
data/raw/cifar-10/train/45691.png,deer,train,4
data/raw/cifar-10/train/23933.png,deer,train,4
data/raw/cifar-10/train/12355.png,frog,train,6
data/raw/cifar-10/train/24365.png,cat,train,3
data/raw/cifar-10/train/31103.png,automobile,train,1
data/raw/cifar-10/train/38239.png,airplane,train,0
data/raw/cifar-10/train/40581.png,deer,train,4
data/raw/cifar-10/train/16419.png,cat,train,3
data/raw/cifar-10/train/46583.png,ship,train,8
data/raw/cifar-10/train/21973.png,ship,train,8
data/raw/cifar-10/train/17868.png,automobile,train,1
data/raw/cifar-10/train/26847.png,airplane,train,0
data/raw/cifar-10/train/49966.png,horse,train,7
data/raw/cifar-10/train/41148.png,automobile,train,1
data/raw/cifar-10/train/48193.png,truck,train,9
data/raw/cifar-10/train/28431.png,dog,train,5
data/raw/cifar-10/train/3030.png,horse,train,7
data/raw/cifar-10/train/46981.png,dog,train,5
data/raw/cifar-10/train/4422.png,frog,train,6
data/raw/cifar-10/train/12210.png,airplane,train,0
data/raw/cifar-10/train/13400.png,truck,train,9
data/raw/cifar-10/train/2363.png,automobile,train,1
data/raw/cifar-10/train/12196.png,cat,train,3
data/raw/cifar-10/train/22051.png,deer,train,4
data/raw/cifar-10/train/48279.png,truck,train,9
data/raw/cifar-10/train/27550.png,bird,train,2
data/raw/cifar-10/train/25297.png,bird,train,2
data/raw/cifar-10/train/2591.png,ship,train,8
data/raw/cifar-10/train/17189.png,bird,train,2
data/raw/cifar-10/train/44435.png,dog,train,5
data/raw/cifar-10/train/2349.png,cat,train,3
data/raw/cifar-10/train/36511.png,bird,train,2
data/raw/cifar-10/train/23650.png,horse,train,7
data/raw/cifar-10/train/26606.png,bird,train,2
data/raw/cifar-10/train/38425.png,dog,train,5
data/raw/cifar-10/train/34653.png,frog,train,6
data/raw/cifar-10/train/40636.png,airplane,train,0
data/raw/cifar-10/train/21771.png,ship,train,8
data/raw/cifar-10/train/43337.png,cat,train,3
data/raw/cifar-10/train/9958.png,horse,train,7
data/raw/cifar-10/train/45947.png,automobile,train,1
data/raw/cifar-10/train/43677.png,frog,train,6
data/raw/cifar-10/train/37556.png,ship,train,8
data/raw/cifar-10/train/31562.png,dog,train,5
data/raw/cifar-10/train/31497.png,bird,train,2
data/raw/cifar-10/train/9385.png,airplane,train,0
data/raw/cifar-10/train/37917.png,automobile,train,1
data/raw/cifar-10/train/10750.png,cat,train,3
data/raw/cifar-10/train/5284.png,ship,train,8
data/raw/cifar-10/train/34376.png,automobile,train,1
data/raw/cifar-10/train/37295.png,deer,train,4
data/raw/cifar-10/train/759.png,deer,train,4
data/raw/cifar-10/train/16527.png,cat,train,3
data/raw/cifar-10/train/23096.png,bird,train,2
data/raw/cifar-10/train/19392.png,horse,train,7
data/raw/cifar-10/train/5426.png,cat,train,3
data/raw/cifar-10/train/30459.png,automobile,train,1
data/raw/cifar-10/train/11583.png,deer,train,4
data/raw/cifar-10/train/31385.png,frog,train,6
data/raw/cifar-10/train/31566.png,ship,train,8
data/raw/cifar-10/train/47705.png,automobile,train,1
data/raw/cifar-10/train/41889.png,automobile,train,1
data/raw/cifar-10/train/10840.png,automobile,train,1
data/raw/cifar-10/train/3389.png,dog,train,5
data/raw/cifar-10/train/43918.png,frog,train,6
data/raw/cifar-10/train/1220.png,bird,train,2
data/raw/cifar-10/train/3486.png,automobile,train,1
data/raw/cifar-10/train/12933.png,ship,train,8
data/raw/cifar-10/train/14520.png,automobile,train,1
data/raw/cifar-10/train/30404.png,bird,train,2
data/raw/cifar-10/train/48327.png,cat,train,3
data/raw/cifar-10/train/62.png,automobile,train,1
data/raw/cifar-10/train/10304.png,deer,train,4
data/raw/cifar-10/train/21205.png,airplane,train,0
data/raw/cifar-10/train/36466.png,bird,train,2
data/raw/cifar-10/train/37283.png,dog,train,5
data/raw/cifar-10/train/12209.png,deer,train,4
data/raw/cifar-10/train/17017.png,bird,train,2
data/raw/cifar-10/train/25067.png,airplane,train,0
data/raw/cifar-10/train/12387.png,cat,train,3
data/raw/cifar-10/train/8272.png,deer,train,4
data/raw/cifar-10/train/9297.png,airplane,train,0
data/raw/cifar-10/train/7447.png,dog,train,5
data/raw/cifar-10/train/14750.png,frog,train,6
data/raw/cifar-10/train/19096.png,automobile,train,1
data/raw/cifar-10/train/37684.png,horse,train,7
data/raw/cifar-10/train/13680.png,dog,train,5
data/raw/cifar-10/train/27555.png,frog,train,6
data/raw/cifar-10/train/44093.png,ship,train,8
data/raw/cifar-10/train/46730.png,cat,train,3
data/raw/cifar-10/train/26653.png,automobile,train,1
data/raw/cifar-10/train/25393.png,ship,train,8
data/raw/cifar-10/train/26105.png,horse,train,7
data/raw/cifar-10/train/33606.png,horse,train,7
data/raw/cifar-10/train/38303.png,dog,train,5
data/raw/cifar-10/train/23772.png,frog,train,6
data/raw/cifar-10/train/6355.png,airplane,train,0
data/raw/cifar-10/train/49559.png,bird,train,2
data/raw/cifar-10/train/37922.png,dog,train,5
data/raw/cifar-10/train/12290.png,cat,train,3
data/raw/cifar-10/train/34254.png,horse,train,7
data/raw/cifar-10/train/46088.png,dog,train,5
data/raw/cifar-10/train/10664.png,ship,train,8
data/raw/cifar-10/train/18317.png,automobile,train,1
data/raw/cifar-10/train/9096.png,automobile,train,1
data/raw/cifar-10/train/37480.png,frog,train,6
data/raw/cifar-10/train/21698.png,cat,train,3
data/raw/cifar-10/train/40816.png,automobile,train,1
data/raw/cifar-10/train/17295.png,automobile,train,1
data/raw/cifar-10/train/47195.png,bird,train,2
data/raw/cifar-10/train/34455.png,airplane,train,0
data/raw/cifar-10/train/38287.png,horse,train,7
data/raw/cifar-10/train/2622.png,dog,train,5
data/raw/cifar-10/train/16541.png,dog,train,5
data/raw/cifar-10/train/6009.png,airplane,train,0
data/raw/cifar-10/train/8754.png,airplane,train,0
data/raw/cifar-10/train/33439.png,airplane,train,0
data/raw/cifar-10/train/28915.png,horse,train,7
data/raw/cifar-10/train/2294.png,deer,train,4
data/raw/cifar-10/train/5260.png,deer,train,4
data/raw/cifar-10/train/18807.png,ship,train,8
data/raw/cifar-10/train/3056.png,dog,train,5
data/raw/cifar-10/train/48161.png,frog,train,6
data/raw/cifar-10/train/7748.png,airplane,train,0
data/raw/cifar-10/train/25159.png,horse,train,7
data/raw/cifar-10/train/33781.png,airplane,train,0
data/raw/cifar-10/train/27188.png,horse,train,7
data/raw/cifar-10/train/21042.png,deer,train,4
data/raw/cifar-10/train/33575.png,deer,train,4
data/raw/cifar-10/train/25312.png,dog,train,5
data/raw/cifar-10/train/2285.png,ship,train,8
data/raw/cifar-10/train/39296.png,frog,train,6
data/raw/cifar-10/train/32724.png,bird,train,2
data/raw/cifar-10/train/13175.png,airplane,train,0
data/raw/cifar-10/train/41094.png,deer,train,4
data/raw/cifar-10/train/459.png,deer,train,4
data/raw/cifar-10/train/22495.png,truck,train,9
data/raw/cifar-10/train/22640.png,bird,train,2
data/raw/cifar-10/train/15114.png,airplane,train,0
data/raw/cifar-10/train/29408.png,ship,train,8
data/raw/cifar-10/train/35380.png,truck,train,9
data/raw/cifar-10/train/39923.png,frog,train,6
data/raw/cifar-10/train/26349.png,truck,train,9
data/raw/cifar-10/train/29753.png,frog,train,6
data/raw/cifar-10/train/45245.png,bird,train,2
data/raw/cifar-10/train/12777.png,cat,train,3
data/raw/cifar-10/train/21825.png,bird,train,2
data/raw/cifar-10/train/31210.png,automobile,train,1
data/raw/cifar-10/train/28013.png,ship,train,8
data/raw/cifar-10/train/27937.png,horse,train,7
data/raw/cifar-10/train/44459.png,ship,train,8
data/raw/cifar-10/train/26462.png,frog,train,6
data/raw/cifar-10/train/16286.png,frog,train,6
data/raw/cifar-10/train/43178.png,bird,train,2
data/raw/cifar-10/train/37662.png,horse,train,7
data/raw/cifar-10/train/6541.png,cat,train,3
data/raw/cifar-10/train/43678.png,horse,train,7
data/raw/cifar-10/train/36442.png,bird,train,2
data/raw/cifar-10/train/37705.png,airplane,train,0
data/raw/cifar-10/train/40693.png,horse,train,7
data/raw/cifar-10/train/25248.png,cat,train,3
data/raw/cifar-10/train/29795.png,automobile,train,1
data/raw/cifar-10/train/49341.png,airplane,train,0
data/raw/cifar-10/train/18884.png,dog,train,5
data/raw/cifar-10/train/38345.png,airplane,train,0
data/raw/cifar-10/train/7953.png,bird,train,2
data/raw/cifar-10/train/34590.png,deer,train,4
data/raw/cifar-10/train/24462.png,bird,train,2
data/raw/cifar-10/train/39664.png,dog,train,5
data/raw/cifar-10/train/40970.png,dog,train,5
data/raw/cifar-10/train/36623.png,bird,train,2
data/raw/cifar-10/train/10414.png,dog,train,5
data/raw/cifar-10/train/49436.png,automobile,train,1
data/raw/cifar-10/train/9694.png,ship,train,8
data/raw/cifar-10/train/19969.png,horse,train,7
data/raw/cifar-10/train/15115.png,automobile,train,1
data/raw/cifar-10/train/26836.png,horse,train,7
data/raw/cifar-10/train/20803.png,frog,train,6
data/raw/cifar-10/train/27073.png,bird,train,2
data/raw/cifar-10/train/39528.png,frog,train,6
data/raw/cifar-10/train/10970.png,automobile,train,1
data/raw/cifar-10/train/3833.png,ship,train,8
data/raw/cifar-10/train/3489.png,bird,train,2
data/raw/cifar-10/train/30254.png,horse,train,7
data/raw/cifar-10/train/37191.png,horse,train,7
data/raw/cifar-10/train/3366.png,cat,train,3
data/raw/cifar-10/train/15153.png,deer,train,4
data/raw/cifar-10/train/26098.png,cat,train,3
data/raw/cifar-10/train/30817.png,frog,train,6
data/raw/cifar-10/train/28926.png,frog,train,6
data/raw/cifar-10/train/6569.png,horse,train,7
data/raw/cifar-10/train/21317.png,bird,train,2
data/raw/cifar-10/train/24596.png,automobile,train,1
data/raw/cifar-10/train/48137.png,airplane,train,0
data/raw/cifar-10/train/2672.png,truck,train,9
data/raw/cifar-10/train/32670.png,airplane,train,0
data/raw/cifar-10/train/16658.png,ship,train,8
data/raw/cifar-10/train/7607.png,horse,train,7
data/raw/cifar-10/train/5530.png,airplane,train,0
data/raw/cifar-10/train/44698.png,deer,train,4
data/raw/cifar-10/train/28235.png,horse,train,7
data/raw/cifar-10/train/47188.png,truck,train,9
data/raw/cifar-10/train/18089.png,bird,train,2
data/raw/cifar-10/train/5799.png,horse,train,7
data/raw/cifar-10/train/22245.png,cat,train,3
data/raw/cifar-10/train/27786.png,truck,train,9
data/raw/cifar-10/train/20127.png,dog,train,5
data/raw/cifar-10/train/26083.png,automobile,train,1
data/raw/cifar-10/train/16898.png,deer,train,4
data/raw/cifar-10/train/49076.png,automobile,train,1
data/raw/cifar-10/train/49530.png,horse,train,7
data/raw/cifar-10/train/34336.png,horse,train,7
data/raw/cifar-10/train/16022.png,horse,train,7
data/raw/cifar-10/train/6707.png,truck,train,9
data/raw/cifar-10/train/16181.png,automobile,train,1
data/raw/cifar-10/train/6374.png,airplane,train,0
data/raw/cifar-10/train/39318.png,ship,train,8
data/raw/cifar-10/train/30617.png,deer,train,4
data/raw/cifar-10/train/24820.png,dog,train,5
data/raw/cifar-10/train/27316.png,airplane,train,0
data/raw/cifar-10/train/20198.png,automobile,train,1
data/raw/cifar-10/train/41771.png,deer,train,4
data/raw/cifar-10/train/43745.png,cat,train,3
data/raw/cifar-10/train/37337.png,bird,train,2
data/raw/cifar-10/train/3435.png,horse,train,7
data/raw/cifar-10/train/16016.png,airplane,train,0
data/raw/cifar-10/train/4961.png,dog,train,5
data/raw/cifar-10/train/20999.png,horse,train,7
data/raw/cifar-10/train/40116.png,bird,train,2
data/raw/cifar-10/train/33254.png,deer,train,4
data/raw/cifar-10/train/25338.png,airplane,train,0
data/raw/cifar-10/train/45693.png,bird,train,2
data/raw/cifar-10/train/34304.png,dog,train,5
data/raw/cifar-10/train/19221.png,bird,train,2
data/raw/cifar-10/train/43723.png,cat,train,3
data/raw/cifar-10/train/20257.png,airplane,train,0
data/raw/cifar-10/train/19432.png,horse,train,7
data/raw/cifar-10/train/1170.png,deer,train,4
data/raw/cifar-10/train/161.png,automobile,train,1
data/raw/cifar-10/train/43952.png,airplane,train,0
data/raw/cifar-10/train/11540.png,frog,train,6
data/raw/cifar-10/train/39505.png,airplane,train,0
data/raw/cifar-10/train/34764.png,dog,train,5
data/raw/cifar-10/train/18839.png,cat,train,3
data/raw/cifar-10/train/49186.png,dog,train,5
data/raw/cifar-10/train/31762.png,automobile,train,1
data/raw/cifar-10/train/31918.png,ship,train,8
data/raw/cifar-10/train/12442.png,frog,train,6
data/raw/cifar-10/train/32362.png,bird,train,2
data/raw/cifar-10/train/22318.png,airplane,train,0
data/raw/cifar-10/train/25624.png,truck,train,9
data/raw/cifar-10/train/22609.png,airplane,train,0
data/raw/cifar-10/train/46374.png,bird,train,2
data/raw/cifar-10/train/43378.png,truck,train,9
data/raw/cifar-10/train/24160.png,horse,train,7
data/raw/cifar-10/train/9365.png,deer,train,4
data/raw/cifar-10/train/36353.png,horse,train,7
data/raw/cifar-10/train/33070.png,frog,train,6
data/raw/cifar-10/train/30264.png,truck,train,9
data/raw/cifar-10/train/10083.png,dog,train,5
data/raw/cifar-10/train/24248.png,automobile,train,1
data/raw/cifar-10/train/40379.png,cat,train,3
data/raw/cifar-10/train/22698.png,automobile,train,1
data/raw/cifar-10/train/3758.png,deer,train,4
data/raw/cifar-10/train/44280.png,bird,train,2
data/raw/cifar-10/train/30176.png,truck,train,9
data/raw/cifar-10/train/16197.png,airplane,train,0
data/raw/cifar-10/train/17007.png,dog,train,5
data/raw/cifar-10/train/40043.png,truck,train,9
data/raw/cifar-10/train/5871.png,cat,train,3
data/raw/cifar-10/train/3057.png,ship,train,8
data/raw/cifar-10/train/23424.png,automobile,train,1
data/raw/cifar-10/train/14936.png,deer,train,4
data/raw/cifar-10/train/35789.png,airplane,train,0
data/raw/cifar-10/train/45787.png,deer,train,4
data/raw/cifar-10/train/25619.png,ship,train,8
data/raw/cifar-10/train/10695.png,deer,train,4
data/raw/cifar-10/train/17040.png,deer,train,4
data/raw/cifar-10/train/11660.png,truck,train,9
data/raw/cifar-10/train/4140.png,cat,train,3
data/raw/cifar-10/train/22105.png,bird,train,2
data/raw/cifar-10/train/27489.png,automobile,train,1
data/raw/cifar-10/train/844.png,airplane,train,0
data/raw/cifar-10/train/39616.png,deer,train,4
data/raw/cifar-10/train/10661.png,bird,train,2
data/raw/cifar-10/train/37338.png,bird,train,2
data/raw/cifar-10/train/9720.png,horse,train,7
data/raw/cifar-10/train/46928.png,dog,train,5
data/raw/cifar-10/train/3726.png,airplane,train,0
data/raw/cifar-10/train/16435.png,deer,train,4
data/raw/cifar-10/train/38320.png,cat,train,3
data/raw/cifar-10/train/25934.png,cat,train,3
data/raw/cifar-10/train/30301.png,deer,train,4
data/raw/cifar-10/train/37610.png,frog,train,6
data/raw/cifar-10/train/866.png,cat,train,3
data/raw/cifar-10/train/40286.png,deer,train,4
data/raw/cifar-10/train/27628.png,automobile,train,1
data/raw/cifar-10/train/18849.png,ship,train,8
data/raw/cifar-10/train/32705.png,horse,train,7
data/raw/cifar-10/train/36696.png,truck,train,9
data/raw/cifar-10/train/20398.png,cat,train,3
data/raw/cifar-10/train/24990.png,frog,train,6
data/raw/cifar-10/train/3938.png,automobile,train,1
data/raw/cifar-10/train/6864.png,deer,train,4
data/raw/cifar-10/train/44743.png,airplane,train,0
data/raw/cifar-10/train/6053.png,truck,train,9
data/raw/cifar-10/train/49915.png,bird,train,2
data/raw/cifar-10/train/4026.png,cat,train,3
data/raw/cifar-10/train/2219.png,truck,train,9
data/raw/cifar-10/train/12679.png,bird,train,2
data/raw/cifar-10/train/8048.png,deer,train,4
data/raw/cifar-10/train/33807.png,truck,train,9
data/raw/cifar-10/train/32897.png,ship,train,8
data/raw/cifar-10/train/19824.png,frog,train,6
data/raw/cifar-10/train/9692.png,deer,train,4
data/raw/cifar-10/train/6562.png,dog,train,5
data/raw/cifar-10/train/29851.png,ship,train,8
data/raw/cifar-10/train/17378.png,horse,train,7
data/raw/cifar-10/train/22109.png,automobile,train,1
data/raw/cifar-10/train/9308.png,cat,train,3
data/raw/cifar-10/train/30155.png,automobile,train,1
data/raw/cifar-10/train/27175.png,automobile,train,1
data/raw/cifar-10/train/25211.png,automobile,train,1
data/raw/cifar-10/train/36140.png,dog,train,5
data/raw/cifar-10/train/27371.png,ship,train,8
data/raw/cifar-10/train/46564.png,bird,train,2
data/raw/cifar-10/train/28679.png,frog,train,6
data/raw/cifar-10/train/1135.png,dog,train,5
data/raw/cifar-10/train/33033.png,bird,train,2
data/raw/cifar-10/train/33537.png,frog,train,6
data/raw/cifar-10/train/36764.png,airplane,train,0
data/raw/cifar-10/train/19658.png,deer,train,4
data/raw/cifar-10/train/22615.png,truck,train,9
data/raw/cifar-10/train/35543.png,truck,train,9
data/raw/cifar-10/train/14454.png,dog,train,5
data/raw/cifar-10/train/9108.png,cat,train,3
data/raw/cifar-10/train/38492.png,automobile,train,1
data/raw/cifar-10/train/12800.png,frog,train,6
data/raw/cifar-10/train/35895.png,ship,train,8
data/raw/cifar-10/train/41083.png,dog,train,5
data/raw/cifar-10/train/49699.png,frog,train,6
data/raw/cifar-10/train/39332.png,truck,train,9
data/raw/cifar-10/train/17136.png,automobile,train,1
data/raw/cifar-10/train/3620.png,dog,train,5
data/raw/cifar-10/train/49189.png,dog,train,5
data/raw/cifar-10/train/7673.png,horse,train,7
data/raw/cifar-10/train/36118.png,truck,train,9
data/raw/cifar-10/train/26046.png,airplane,train,0
data/raw/cifar-10/train/21519.png,truck,train,9
data/raw/cifar-10/train/43726.png,ship,train,8
data/raw/cifar-10/train/13010.png,horse,train,7
data/raw/cifar-10/train/33564.png,truck,train,9
data/raw/cifar-10/train/31034.png,deer,train,4
data/raw/cifar-10/train/14829.png,frog,train,6
data/raw/cifar-10/train/9253.png,automobile,train,1
data/raw/cifar-10/train/19328.png,cat,train,3
data/raw/cifar-10/train/23820.png,truck,train,9
data/raw/cifar-10/train/3021.png,automobile,train,1
data/raw/cifar-10/train/15938.png,cat,train,3
data/raw/cifar-10/train/10385.png,horse,train,7
data/raw/cifar-10/train/30053.png,airplane,train,0
data/raw/cifar-10/train/16458.png,ship,train,8
data/raw/cifar-10/train/4157.png,deer,train,4
data/raw/cifar-10/train/39167.png,cat,train,3
data/raw/cifar-10/train/49986.png,ship,train,8
data/raw/cifar-10/train/11810.png,cat,train,3
data/raw/cifar-10/train/15626.png,deer,train,4
data/raw/cifar-10/train/5561.png,horse,train,7
data/raw/cifar-10/train/46843.png,dog,train,5
data/raw/cifar-10/train/35738.png,truck,train,9
data/raw/cifar-10/train/4501.png,automobile,train,1
data/raw/cifar-10/train/23920.png,bird,train,2
data/raw/cifar-10/train/2058.png,cat,train,3
data/raw/cifar-10/train/26977.png,bird,train,2
data/raw/cifar-10/train/24773.png,bird,train,2
data/raw/cifar-10/train/7981.png,truck,train,9
data/raw/cifar-10/train/42320.png,deer,train,4
data/raw/cifar-10/train/48472.png,truck,train,9
data/raw/cifar-10/train/33969.png,horse,train,7
data/raw/cifar-10/train/13983.png,ship,train,8
data/raw/cifar-10/train/47278.png,automobile,train,1
data/raw/cifar-10/train/28030.png,cat,train,3
data/raw/cifar-10/train/45124.png,airplane,train,0
data/raw/cifar-10/train/28602.png,truck,train,9
data/raw/cifar-10/train/36545.png,frog,train,6
data/raw/cifar-10/train/11366.png,dog,train,5
data/raw/cifar-10/train/40067.png,cat,train,3
data/raw/cifar-10/train/18706.png,deer,train,4
data/raw/cifar-10/train/42488.png,deer,train,4
data/raw/cifar-10/train/25745.png,ship,train,8
data/raw/cifar-10/train/42062.png,horse,train,7
data/raw/cifar-10/train/6867.png,dog,train,5
data/raw/cifar-10/train/16935.png,dog,train,5
data/raw/cifar-10/train/40143.png,frog,train,6
data/raw/cifar-10/train/5877.png,cat,train,3
data/raw/cifar-10/train/34062.png,cat,train,3
data/raw/cifar-10/train/20081.png,cat,train,3
data/raw/cifar-10/train/15990.png,dog,train,5
data/raw/cifar-10/train/9394.png,cat,train,3
data/raw/cifar-10/train/10187.png,cat,train,3
data/raw/cifar-10/train/17753.png,automobile,train,1
data/raw/cifar-10/train/15862.png,dog,train,5
data/raw/cifar-10/train/48924.png,horse,train,7
data/raw/cifar-10/train/30107.png,ship,train,8
data/raw/cifar-10/train/21528.png,cat,train,3
data/raw/cifar-10/train/34956.png,horse,train,7
data/raw/cifar-10/train/18533.png,frog,train,6
data/raw/cifar-10/train/25814.png,deer,train,4
data/raw/cifar-10/train/49432.png,dog,train,5
data/raw/cifar-10/train/17514.png,deer,train,4
data/raw/cifar-10/train/29975.png,automobile,train,1
data/raw/cifar-10/train/14185.png,dog,train,5
data/raw/cifar-10/train/22725.png,airplane,train,0
data/raw/cifar-10/train/17832.png,cat,train,3
data/raw/cifar-10/train/30257.png,deer,train,4
data/raw/cifar-10/train/14566.png,ship,train,8
data/raw/cifar-10/train/5993.png,bird,train,2
data/raw/cifar-10/train/49645.png,dog,train,5
data/raw/cifar-10/train/12006.png,dog,train,5
data/raw/cifar-10/train/49206.png,airplane,train,0
data/raw/cifar-10/train/2053.png,automobile,train,1
data/raw/cifar-10/train/24510.png,ship,train,8
data/raw/cifar-10/train/7308.png,cat,train,3
data/raw/cifar-10/train/5845.png,deer,train,4
data/raw/cifar-10/train/44384.png,cat,train,3
data/raw/cifar-10/train/47116.png,frog,train,6
data/raw/cifar-10/train/32165.png,truck,train,9
data/raw/cifar-10/train/8698.png,frog,train,6
data/raw/cifar-10/train/9334.png,bird,train,2
data/raw/cifar-10/train/18182.png,automobile,train,1
data/raw/cifar-10/train/11168.png,horse,train,7
data/raw/cifar-10/train/29520.png,truck,train,9
data/raw/cifar-10/train/22089.png,automobile,train,1
data/raw/cifar-10/train/41090.png,truck,train,9
data/raw/cifar-10/train/15810.png,automobile,train,1
data/raw/cifar-10/train/16142.png,ship,train,8
data/raw/cifar-10/train/483.png,automobile,train,1
data/raw/cifar-10/train/18625.png,airplane,train,0
data/raw/cifar-10/train/29237.png,horse,train,7
data/raw/cifar-10/train/11321.png,cat,train,3
data/raw/cifar-10/train/4096.png,frog,train,6
data/raw/cifar-10/train/13321.png,truck,train,9
data/raw/cifar-10/train/44818.png,frog,train,6
data/raw/cifar-10/train/150.png,deer,train,4
data/raw/cifar-10/train/12432.png,dog,train,5
data/raw/cifar-10/train/48265.png,automobile,train,1
data/raw/cifar-10/train/15706.png,bird,train,2
data/raw/cifar-10/train/15259.png,airplane,train,0
data/raw/cifar-10/train/16456.png,frog,train,6
data/raw/cifar-10/train/21169.png,bird,train,2
data/raw/cifar-10/train/34068.png,horse,train,7
data/raw/cifar-10/train/14372.png,bird,train,2
data/raw/cifar-10/train/6967.png,horse,train,7
data/raw/cifar-10/train/45955.png,ship,train,8
data/raw/cifar-10/train/41689.png,deer,train,4
data/raw/cifar-10/train/43042.png,bird,train,2
data/raw/cifar-10/train/14412.png,frog,train,6
data/raw/cifar-10/train/12164.png,horse,train,7
data/raw/cifar-10/train/19005.png,airplane,train,0
data/raw/cifar-10/train/12084.png,airplane,train,0
data/raw/cifar-10/train/16043.png,ship,train,8
data/raw/cifar-10/train/16777.png,airplane,train,0
data/raw/cifar-10/train/23713.png,dog,train,5
data/raw/cifar-10/train/38546.png,airplane,train,0
data/raw/cifar-10/train/34509.png,bird,train,2
data/raw/cifar-10/train/4082.png,airplane,train,0
data/raw/cifar-10/train/14025.png,frog,train,6
data/raw/cifar-10/train/45958.png,deer,train,4
data/raw/cifar-10/train/32881.png,frog,train,6
data/raw/cifar-10/train/27545.png,cat,train,3
data/raw/cifar-10/train/12365.png,horse,train,7
data/raw/cifar-10/train/115.png,horse,train,7
data/raw/cifar-10/train/42293.png,automobile,train,1
data/raw/cifar-10/train/20926.png,truck,train,9
data/raw/cifar-10/train/44428.png,bird,train,2
data/raw/cifar-10/train/5025.png,horse,train,7
data/raw/cifar-10/train/17093.png,bird,train,2
data/raw/cifar-10/train/21124.png,ship,train,8
data/raw/cifar-10/train/3533.png,frog,train,6
data/raw/cifar-10/train/10934.png,bird,train,2
data/raw/cifar-10/train/10497.png,horse,train,7
data/raw/cifar-10/train/45533.png,bird,train,2
data/raw/cifar-10/train/47299.png,airplane,train,0
data/raw/cifar-10/train/32518.png,cat,train,3
data/raw/cifar-10/train/36521.png,automobile,train,1
data/raw/cifar-10/train/35507.png,frog,train,6
data/raw/cifar-10/train/20202.png,dog,train,5
data/raw/cifar-10/train/16614.png,automobile,train,1
data/raw/cifar-10/train/29191.png,airplane,train,0
data/raw/cifar-10/train/49174.png,automobile,train,1
data/raw/cifar-10/train/2560.png,cat,train,3
data/raw/cifar-10/train/33364.png,airplane,train,0
data/raw/cifar-10/train/47467.png,horse,train,7
data/raw/cifar-10/train/24767.png,ship,train,8
data/raw/cifar-10/train/29314.png,cat,train,3
data/raw/cifar-10/train/9361.png,frog,train,6
data/raw/cifar-10/train/33523.png,horse,train,7
data/raw/cifar-10/train/38261.png,automobile,train,1
data/raw/cifar-10/train/13255.png,cat,train,3
data/raw/cifar-10/train/21567.png,deer,train,4
data/raw/cifar-10/train/14526.png,truck,train,9
data/raw/cifar-10/train/26751.png,bird,train,2
data/raw/cifar-10/train/6876.png,deer,train,4
data/raw/cifar-10/train/28267.png,ship,train,8
data/raw/cifar-10/train/13847.png,deer,train,4
data/raw/cifar-10/train/29420.png,deer,train,4
data/raw/cifar-10/train/17586.png,deer,train,4
data/raw/cifar-10/train/29711.png,automobile,train,1
data/raw/cifar-10/train/5136.png,dog,train,5
data/raw/cifar-10/train/16273.png,automobile,train,1
data/raw/cifar-10/train/227.png,automobile,train,1
data/raw/cifar-10/train/43788.png,truck,train,9
data/raw/cifar-10/train/40946.png,airplane,train,0
data/raw/cifar-10/train/6731.png,dog,train,5
data/raw/cifar-10/train/36194.png,bird,train,2
data/raw/cifar-10/train/3193.png,frog,train,6
data/raw/cifar-10/train/19239.png,ship,train,8
data/raw/cifar-10/train/32804.png,deer,train,4
data/raw/cifar-10/train/19605.png,frog,train,6
data/raw/cifar-10/train/35555.png,airplane,train,0
data/raw/cifar-10/train/17621.png,airplane,train,0
data/raw/cifar-10/train/1113.png,truck,train,9
data/raw/cifar-10/train/25888.png,bird,train,2
data/raw/cifar-10/train/5787.png,deer,train,4
data/raw/cifar-10/train/24670.png,cat,train,3
data/raw/cifar-10/train/33126.png,dog,train,5
data/raw/cifar-10/train/662.png,deer,train,4
data/raw/cifar-10/train/30014.png,cat,train,3
data/raw/cifar-10/train/49808.png,cat,train,3
data/raw/cifar-10/train/8060.png,automobile,train,1
data/raw/cifar-10/train/47161.png,dog,train,5
data/raw/cifar-10/train/34895.png,ship,train,8
data/raw/cifar-10/train/43939.png,truck,train,9
data/raw/cifar-10/train/30516.png,ship,train,8
data/raw/cifar-10/train/20604.png,dog,train,5
data/raw/cifar-10/train/6188.png,airplane,train,0
data/raw/cifar-10/train/37562.png,airplane,train,0
data/raw/cifar-10/train/35142.png,cat,train,3
data/raw/cifar-10/train/924.png,frog,train,6
data/raw/cifar-10/train/7945.png,truck,train,9
data/raw/cifar-10/train/38702.png,deer,train,4
data/raw/cifar-10/train/34998.png,cat,train,3
data/raw/cifar-10/train/12428.png,truck,train,9
data/raw/cifar-10/train/49352.png,frog,train,6
data/raw/cifar-10/train/15062.png,automobile,train,1
data/raw/cifar-10/train/4556.png,horse,train,7
data/raw/cifar-10/train/34885.png,dog,train,5
data/raw/cifar-10/train/42080.png,frog,train,6
data/raw/cifar-10/train/18009.png,deer,train,4
data/raw/cifar-10/train/24778.png,bird,train,2
data/raw/cifar-10/train/25923.png,cat,train,3
data/raw/cifar-10/train/21779.png,bird,train,2
data/raw/cifar-10/train/34032.png,frog,train,6
data/raw/cifar-10/train/45177.png,airplane,train,0
data/raw/cifar-10/train/6376.png,automobile,train,1
data/raw/cifar-10/train/46946.png,airplane,train,0
data/raw/cifar-10/train/43469.png,dog,train,5
data/raw/cifar-10/train/45966.png,deer,train,4
data/raw/cifar-10/train/6042.png,bird,train,2
data/raw/cifar-10/train/2769.png,truck,train,9
data/raw/cifar-10/train/41044.png,deer,train,4
data/raw/cifar-10/train/31558.png,dog,train,5
data/raw/cifar-10/train/38637.png,dog,train,5
data/raw/cifar-10/train/49438.png,dog,train,5
data/raw/cifar-10/train/10720.png,deer,train,4
data/raw/cifar-10/train/30245.png,automobile,train,1
data/raw/cifar-10/train/13037.png,bird,train,2
data/raw/cifar-10/train/7307.png,ship,train,8
data/raw/cifar-10/train/44861.png,truck,train,9
data/raw/cifar-10/train/41805.png,deer,train,4
data/raw/cifar-10/train/4963.png,deer,train,4
data/raw/cifar-10/train/31362.png,bird,train,2
data/raw/cifar-10/train/11021.png,deer,train,4
data/raw/cifar-10/train/40015.png,dog,train,5
data/raw/cifar-10/train/10145.png,truck,train,9
data/raw/cifar-10/train/4320.png,dog,train,5
data/raw/cifar-10/train/13117.png,ship,train,8
data/raw/cifar-10/train/3517.png,ship,train,8
data/raw/cifar-10/train/31448.png,frog,train,6
data/raw/cifar-10/train/343.png,cat,train,3
data/raw/cifar-10/train/6184.png,truck,train,9
data/raw/cifar-10/train/15618.png,ship,train,8
data/raw/cifar-10/train/43370.png,automobile,train,1
data/raw/cifar-10/train/19580.png,bird,train,2
data/raw/cifar-10/train/43136.png,bird,train,2
data/raw/cifar-10/train/31728.png,frog,train,6
data/raw/cifar-10/train/40624.png,bird,train,2
data/raw/cifar-10/train/143.png,cat,train,3
data/raw/cifar-10/train/43375.png,deer,train,4
data/raw/cifar-10/train/49410.png,automobile,train,1
data/raw/cifar-10/train/26385.png,truck,train,9
data/raw/cifar-10/train/31014.png,cat,train,3
data/raw/cifar-10/train/31175.png,truck,train,9
data/raw/cifar-10/train/42437.png,frog,train,6
data/raw/cifar-10/train/26654.png,deer,train,4
data/raw/cifar-10/train/16496.png,cat,train,3
data/raw/cifar-10/train/33480.png,deer,train,4
data/raw/cifar-10/train/31170.png,bird,train,2
data/raw/cifar-10/train/47492.png,bird,train,2
data/raw/cifar-10/train/4348.png,dog,train,5
data/raw/cifar-10/train/40443.png,airplane,train,0
data/raw/cifar-10/train/40524.png,deer,train,4
data/raw/cifar-10/train/7263.png,truck,train,9
data/raw/cifar-10/train/9871.png,automobile,train,1
data/raw/cifar-10/train/14674.png,dog,train,5
data/raw/cifar-10/train/34578.png,ship,train,8
data/raw/cifar-10/train/49279.png,truck,train,9
data/raw/cifar-10/train/8533.png,truck,train,9
data/raw/cifar-10/train/17470.png,horse,train,7
data/raw/cifar-10/train/2840.png,deer,train,4
data/raw/cifar-10/train/24987.png,automobile,train,1
data/raw/cifar-10/train/18484.png,automobile,train,1
data/raw/cifar-10/train/6164.png,truck,train,9
data/raw/cifar-10/train/9193.png,ship,train,8
data/raw/cifar-10/train/22674.png,deer,train,4
data/raw/cifar-10/train/10020.png,frog,train,6
data/raw/cifar-10/train/49944.png,horse,train,7
data/raw/cifar-10/train/2011.png,airplane,train,0
data/raw/cifar-10/train/32309.png,bird,train,2
data/raw/cifar-10/train/5507.png,bird,train,2
data/raw/cifar-10/train/11663.png,dog,train,5
data/raw/cifar-10/train/31979.png,cat,train,3
data/raw/cifar-10/train/750.png,truck,train,9
data/raw/cifar-10/train/14544.png,cat,train,3
data/raw/cifar-10/train/22577.png,ship,train,8
data/raw/cifar-10/train/40204.png,horse,train,7
data/raw/cifar-10/train/13326.png,ship,train,8
data/raw/cifar-10/train/2197.png,deer,train,4
data/raw/cifar-10/train/47692.png,airplane,train,0
data/raw/cifar-10/train/3285.png,horse,train,7
data/raw/cifar-10/train/11968.png,deer,train,4
data/raw/cifar-10/train/7405.png,deer,train,4
data/raw/cifar-10/train/25467.png,horse,train,7
data/raw/cifar-10/train/5183.png,frog,train,6
data/raw/cifar-10/train/27039.png,horse,train,7
data/raw/cifar-10/train/11553.png,truck,train,9
data/raw/cifar-10/train/10021.png,airplane,train,0
data/raw/cifar-10/train/36432.png,cat,train,3
data/raw/cifar-10/train/30571.png,automobile,train,1
data/raw/cifar-10/train/15286.png,bird,train,2
data/raw/cifar-10/train/23420.png,airplane,train,0
data/raw/cifar-10/train/4114.png,bird,train,2
data/raw/cifar-10/train/11318.png,dog,train,5
data/raw/cifar-10/train/845.png,deer,train,4
data/raw/cifar-10/train/12279.png,cat,train,3
data/raw/cifar-10/train/36760.png,bird,train,2
data/raw/cifar-10/train/43671.png,airplane,train,0
data/raw/cifar-10/train/17424.png,ship,train,8
data/raw/cifar-10/train/46732.png,automobile,train,1
data/raw/cifar-10/train/39057.png,airplane,train,0
data/raw/cifar-10/train/27065.png,cat,train,3
data/raw/cifar-10/train/1036.png,frog,train,6
data/raw/cifar-10/train/8186.png,airplane,train,0
data/raw/cifar-10/train/35631.png,deer,train,4
data/raw/cifar-10/train/46184.png,bird,train,2
data/raw/cifar-10/train/24376.png,automobile,train,1
data/raw/cifar-10/train/27203.png,airplane,train,0
data/raw/cifar-10/train/36291.png,frog,train,6
data/raw/cifar-10/train/46725.png,bird,train,2
data/raw/cifar-10/train/2583.png,automobile,train,1
data/raw/cifar-10/train/8335.png,dog,train,5
data/raw/cifar-10/train/8025.png,bird,train,2
data/raw/cifar-10/train/17153.png,dog,train,5
data/raw/cifar-10/train/8542.png,deer,train,4
data/raw/cifar-10/train/31158.png,ship,train,8
data/raw/cifar-10/train/40076.png,automobile,train,1
data/raw/cifar-10/train/17521.png,airplane,train,0
data/raw/cifar-10/train/12162.png,bird,train,2
data/raw/cifar-10/train/42557.png,truck,train,9
data/raw/cifar-10/train/12728.png,deer,train,4
data/raw/cifar-10/train/40543.png,airplane,train,0
data/raw/cifar-10/train/49560.png,airplane,train,0
data/raw/cifar-10/train/40654.png,frog,train,6
data/raw/cifar-10/train/496.png,truck,train,9
data/raw/cifar-10/train/21552.png,cat,train,3
data/raw/cifar-10/train/18560.png,deer,train,4
data/raw/cifar-10/train/31857.png,dog,train,5
data/raw/cifar-10/train/22776.png,dog,train,5
data/raw/cifar-10/train/29142.png,frog,train,6
data/raw/cifar-10/train/44758.png,automobile,train,1
data/raw/cifar-10/train/10206.png,airplane,train,0
data/raw/cifar-10/train/38751.png,bird,train,2
data/raw/cifar-10/train/47432.png,airplane,train,0
data/raw/cifar-10/train/17785.png,truck,train,9
data/raw/cifar-10/train/11474.png,automobile,train,1
data/raw/cifar-10/train/1995.png,ship,train,8
data/raw/cifar-10/train/46380.png,frog,train,6
data/raw/cifar-10/train/27134.png,truck,train,9
data/raw/cifar-10/train/20942.png,bird,train,2
data/raw/cifar-10/train/20122.png,cat,train,3
data/raw/cifar-10/train/18787.png,truck,train,9
data/raw/cifar-10/train/28331.png,cat,train,3
data/raw/cifar-10/train/2440.png,frog,train,6
data/raw/cifar-10/train/24708.png,cat,train,3
data/raw/cifar-10/train/8569.png,truck,train,9
data/raw/cifar-10/train/30918.png,deer,train,4
data/raw/cifar-10/train/40596.png,automobile,train,1
data/raw/cifar-10/train/16699.png,dog,train,5
data/raw/cifar-10/train/7545.png,horse,train,7
data/raw/cifar-10/train/39666.png,cat,train,3
data/raw/cifar-10/train/49235.png,automobile,train,1
data/raw/cifar-10/train/26293.png,automobile,train,1
data/raw/cifar-10/train/46464.png,automobile,train,1
data/raw/cifar-10/train/23867.png,airplane,train,0
data/raw/cifar-10/train/30721.png,horse,train,7
data/raw/cifar-10/train/8509.png,horse,train,7
data/raw/cifar-10/train/12373.png,ship,train,8
data/raw/cifar-10/train/38306.png,dog,train,5
data/raw/cifar-10/train/8760.png,airplane,train,0
data/raw/cifar-10/train/25907.png,ship,train,8
data/raw/cifar-10/train/22876.png,airplane,train,0
data/raw/cifar-10/train/9666.png,dog,train,5
data/raw/cifar-10/train/3637.png,frog,train,6
data/raw/cifar-10/train/13027.png,horse,train,7
data/raw/cifar-10/train/27068.png,ship,train,8
data/raw/cifar-10/train/25697.png,airplane,train,0
data/raw/cifar-10/train/40357.png,horse,train,7
data/raw/cifar-10/train/25710.png,frog,train,6
data/raw/cifar-10/train/7380.png,automobile,train,1
data/raw/cifar-10/train/33653.png,horse,train,7
data/raw/cifar-10/train/39027.png,airplane,train,0
data/raw/cifar-10/train/31951.png,ship,train,8
data/raw/cifar-10/train/23626.png,ship,train,8
data/raw/cifar-10/train/12359.png,truck,train,9
data/raw/cifar-10/train/20017.png,horse,train,7
data/raw/cifar-10/train/2068.png,automobile,train,1
data/raw/cifar-10/train/31810.png,bird,train,2
data/raw/cifar-10/train/27881.png,cat,train,3
data/raw/cifar-10/train/47130.png,horse,train,7
data/raw/cifar-10/train/36077.png,truck,train,9
data/raw/cifar-10/train/18551.png,deer,train,4
data/raw/cifar-10/train/167.png,truck,train,9
data/raw/cifar-10/train/2800.png,bird,train,2
data/raw/cifar-10/train/27150.png,bird,train,2
data/raw/cifar-10/train/42013.png,cat,train,3
data/raw/cifar-10/train/36068.png,automobile,train,1
data/raw/cifar-10/train/13905.png,truck,train,9
data/raw/cifar-10/train/12218.png,deer,train,4
data/raw/cifar-10/train/25282.png,cat,train,3
data/raw/cifar-10/train/4015.png,bird,train,2
data/raw/cifar-10/train/18748.png,bird,train,2
data/raw/cifar-10/train/28575.png,cat,train,3
data/raw/cifar-10/train/38218.png,airplane,train,0
data/raw/cifar-10/train/9246.png,frog,train,6
data/raw/cifar-10/train/31207.png,horse,train,7
data/raw/cifar-10/train/29388.png,horse,train,7
data/raw/cifar-10/train/772.png,horse,train,7
data/raw/cifar-10/train/12716.png,truck,train,9
data/raw/cifar-10/train/13235.png,automobile,train,1
data/raw/cifar-10/train/35320.png,bird,train,2
data/raw/cifar-10/train/25106.png,automobile,train,1
data/raw/cifar-10/train/23320.png,ship,train,8
data/raw/cifar-10/train/23707.png,frog,train,6
data/raw/cifar-10/train/49578.png,dog,train,5
data/raw/cifar-10/train/47669.png,bird,train,2
data/raw/cifar-10/train/27604.png,truck,train,9
data/raw/cifar-10/train/20519.png,truck,train,9
data/raw/cifar-10/train/45258.png,dog,train,5
data/raw/cifar-10/train/3127.png,truck,train,9
data/raw/cifar-10/train/12366.png,horse,train,7
data/raw/cifar-10/train/16771.png,automobile,train,1
data/raw/cifar-10/train/18772.png,cat,train,3
data/raw/cifar-10/train/25536.png,cat,train,3
data/raw/cifar-10/train/18550.png,horse,train,7
data/raw/cifar-10/train/16133.png,ship,train,8
data/raw/cifar-10/train/13717.png,airplane,train,0
data/raw/cifar-10/train/14562.png,horse,train,7
data/raw/cifar-10/train/11064.png,ship,train,8
data/raw/cifar-10/train/23498.png,ship,train,8
data/raw/cifar-10/train/39497.png,cat,train,3
data/raw/cifar-10/train/29143.png,truck,train,9
data/raw/cifar-10/train/5594.png,dog,train,5
data/raw/cifar-10/train/42288.png,automobile,train,1
data/raw/cifar-10/train/30302.png,dog,train,5
data/raw/cifar-10/train/671.png,dog,train,5
data/raw/cifar-10/train/45167.png,airplane,train,0
data/raw/cifar-10/train/31451.png,airplane,train,0
data/raw/cifar-10/train/4732.png,frog,train,6
data/raw/cifar-10/train/23342.png,truck,train,9
data/raw/cifar-10/train/9097.png,airplane,train,0
data/raw/cifar-10/train/40428.png,automobile,train,1
data/raw/cifar-10/train/25999.png,bird,train,2
data/raw/cifar-10/train/22656.png,horse,train,7
data/raw/cifar-10/train/34102.png,airplane,train,0
data/raw/cifar-10/train/7435.png,airplane,train,0
data/raw/cifar-10/train/45022.png,bird,train,2
data/raw/cifar-10/train/17609.png,deer,train,4
data/raw/cifar-10/train/17650.png,horse,train,7
data/raw/cifar-10/train/7426.png,dog,train,5
data/raw/cifar-10/train/30540.png,airplane,train,0
data/raw/cifar-10/train/16300.png,automobile,train,1
data/raw/cifar-10/train/43374.png,frog,train,6
data/raw/cifar-10/train/13568.png,bird,train,2
data/raw/cifar-10/train/39166.png,cat,train,3
data/raw/cifar-10/train/13159.png,automobile,train,1
data/raw/cifar-10/train/42435.png,deer,train,4
data/raw/cifar-10/train/45537.png,ship,train,8
data/raw/cifar-10/train/9030.png,frog,train,6
data/raw/cifar-10/train/7258.png,frog,train,6
data/raw/cifar-10/train/34148.png,truck,train,9
data/raw/cifar-10/train/12606.png,ship,train,8
data/raw/cifar-10/train/7358.png,automobile,train,1
data/raw/cifar-10/train/48412.png,dog,train,5
data/raw/cifar-10/train/782.png,frog,train,6
data/raw/cifar-10/train/21043.png,ship,train,8
data/raw/cifar-10/train/33889.png,ship,train,8
data/raw/cifar-10/train/48329.png,dog,train,5
data/raw/cifar-10/train/28994.png,frog,train,6
data/raw/cifar-10/train/8410.png,horse,train,7
data/raw/cifar-10/train/49106.png,dog,train,5
data/raw/cifar-10/train/40329.png,airplane,train,0
data/raw/cifar-10/train/13940.png,frog,train,6
data/raw/cifar-10/train/439.png,truck,train,9
data/raw/cifar-10/train/13319.png,bird,train,2
data/raw/cifar-10/train/11575.png,automobile,train,1
data/raw/cifar-10/train/2723.png,dog,train,5
data/raw/cifar-10/train/2493.png,horse,train,7
data/raw/cifar-10/train/24215.png,truck,train,9
data/raw/cifar-10/train/11705.png,horse,train,7
data/raw/cifar-10/train/35195.png,dog,train,5
data/raw/cifar-10/train/1060.png,cat,train,3
data/raw/cifar-10/train/43985.png,automobile,train,1
data/raw/cifar-10/train/35926.png,deer,train,4
data/raw/cifar-10/train/17786.png,cat,train,3
data/raw/cifar-10/train/27690.png,dog,train,5
data/raw/cifar-10/train/42142.png,cat,train,3
data/raw/cifar-10/train/7901.png,ship,train,8
data/raw/cifar-10/train/17581.png,automobile,train,1
data/raw/cifar-10/train/34211.png,ship,train,8
data/raw/cifar-10/train/4283.png,airplane,train,0
data/raw/cifar-10/train/7529.png,airplane,train,0
data/raw/cifar-10/train/49835.png,frog,train,6
data/raw/cifar-10/train/20469.png,bird,train,2
data/raw/cifar-10/train/48569.png,truck,train,9
data/raw/cifar-10/train/37846.png,ship,train,8
data/raw/cifar-10/train/21978.png,dog,train,5
data/raw/cifar-10/train/10380.png,frog,train,6
data/raw/cifar-10/train/13698.png,automobile,train,1
data/raw/cifar-10/train/11471.png,automobile,train,1
data/raw/cifar-10/train/43089.png,dog,train,5
data/raw/cifar-10/train/17620.png,dog,train,5
data/raw/cifar-10/train/46873.png,airplane,train,0
data/raw/cifar-10/train/26766.png,bird,train,2
data/raw/cifar-10/train/27110.png,dog,train,5
data/raw/cifar-10/train/12295.png,airplane,train,0
data/raw/cifar-10/train/30392.png,bird,train,2
data/raw/cifar-10/train/163.png,deer,train,4
data/raw/cifar-10/train/17718.png,airplane,train,0
data/raw/cifar-10/train/46764.png,airplane,train,0
data/raw/cifar-10/train/5672.png,truck,train,9
data/raw/cifar-10/train/30220.png,cat,train,3
data/raw/cifar-10/train/8744.png,truck,train,9
data/raw/cifar-10/train/33271.png,bird,train,2
data/raw/cifar-10/train/46630.png,truck,train,9
data/raw/cifar-10/train/17556.png,frog,train,6
data/raw/cifar-10/train/2756.png,dog,train,5
data/raw/cifar-10/train/12831.png,ship,train,8
data/raw/cifar-10/train/9055.png,automobile,train,1
data/raw/cifar-10/train/41790.png,dog,train,5
data/raw/cifar-10/train/44580.png,frog,train,6
data/raw/cifar-10/train/3268.png,truck,train,9
data/raw/cifar-10/train/28825.png,cat,train,3
data/raw/cifar-10/train/30044.png,truck,train,9
data/raw/cifar-10/train/46029.png,ship,train,8
data/raw/cifar-10/train/10226.png,horse,train,7
data/raw/cifar-10/train/42723.png,airplane,train,0
data/raw/cifar-10/train/42987.png,bird,train,2
data/raw/cifar-10/train/1083.png,truck,train,9
data/raw/cifar-10/train/37129.png,bird,train,2
data/raw/cifar-10/train/42084.png,airplane,train,0
data/raw/cifar-10/train/38474.png,truck,train,9
data/raw/cifar-10/train/15890.png,horse,train,7
data/raw/cifar-10/train/39152.png,cat,train,3
data/raw/cifar-10/train/21151.png,automobile,train,1
data/raw/cifar-10/train/165.png,frog,train,6
data/raw/cifar-10/train/14688.png,truck,train,9
data/raw/cifar-10/train/49351.png,horse,train,7
data/raw/cifar-10/train/23870.png,deer,train,4
data/raw/cifar-10/train/34116.png,bird,train,2
data/raw/cifar-10/train/44694.png,cat,train,3
data/raw/cifar-10/train/17526.png,airplane,train,0
data/raw/cifar-10/train/26518.png,frog,train,6
data/raw/cifar-10/train/36635.png,airplane,train,0
data/raw/cifar-10/train/32618.png,airplane,train,0
data/raw/cifar-10/train/18313.png,ship,train,8
data/raw/cifar-10/train/10035.png,horse,train,7
data/raw/cifar-10/train/2185.png,automobile,train,1
data/raw/cifar-10/train/26650.png,deer,train,4
data/raw/cifar-10/train/7877.png,ship,train,8
data/raw/cifar-10/train/30178.png,airplane,train,0
data/raw/cifar-10/train/409.png,truck,train,9
data/raw/cifar-10/train/21123.png,cat,train,3
data/raw/cifar-10/train/18143.png,deer,train,4
data/raw/cifar-10/train/1874.png,dog,train,5
data/raw/cifar-10/train/10354.png,airplane,train,0
data/raw/cifar-10/train/30694.png,automobile,train,1
data/raw/cifar-10/train/40756.png,frog,train,6
data/raw/cifar-10/train/9403.png,automobile,train,1
data/raw/cifar-10/train/2788.png,deer,train,4
data/raw/cifar-10/train/12934.png,frog,train,6
data/raw/cifar-10/train/32850.png,dog,train,5
data/raw/cifar-10/train/21480.png,ship,train,8
data/raw/cifar-10/train/4457.png,dog,train,5
data/raw/cifar-10/train/26603.png,deer,train,4
data/raw/cifar-10/train/9982.png,horse,train,7
data/raw/cifar-10/train/16059.png,deer,train,4
data/raw/cifar-10/train/10873.png,airplane,train,0
data/raw/cifar-10/train/45343.png,bird,train,2
data/raw/cifar-10/train/35959.png,bird,train,2
data/raw/cifar-10/train/36006.png,automobile,train,1
data/raw/cifar-10/train/21785.png,horse,train,7
data/raw/cifar-10/train/20226.png,frog,train,6
data/raw/cifar-10/train/23048.png,truck,train,9
data/raw/cifar-10/train/20032.png,dog,train,5
data/raw/cifar-10/train/30555.png,dog,train,5
data/raw/cifar-10/train/19503.png,ship,train,8
data/raw/cifar-10/train/958.png,bird,train,2
data/raw/cifar-10/train/11869.png,cat,train,3
data/raw/cifar-10/train/11504.png,ship,train,8
data/raw/cifar-10/train/13163.png,frog,train,6
data/raw/cifar-10/train/2196.png,horse,train,7
data/raw/cifar-10/train/864.png,frog,train,6
data/raw/cifar-10/train/9651.png,deer,train,4
data/raw/cifar-10/train/19237.png,bird,train,2
data/raw/cifar-10/train/38712.png,airplane,train,0
data/raw/cifar-10/train/31068.png,truck,train,9
data/raw/cifar-10/train/12462.png,airplane,train,0
data/raw/cifar-10/train/36911.png,truck,train,9
data/raw/cifar-10/train/31980.png,bird,train,2
data/raw/cifar-10/train/41153.png,airplane,train,0
data/raw/cifar-10/train/14182.png,deer,train,4
data/raw/cifar-10/train/46876.png,horse,train,7
data/raw/cifar-10/train/10271.png,dog,train,5
data/raw/cifar-10/train/41647.png,dog,train,5
data/raw/cifar-10/train/38706.png,bird,train,2
data/raw/cifar-10/train/47954.png,frog,train,6
data/raw/cifar-10/train/27227.png,horse,train,7
data/raw/cifar-10/train/47354.png,bird,train,2
data/raw/cifar-10/train/45802.png,deer,train,4
data/raw/cifar-10/train/19205.png,bird,train,2
data/raw/cifar-10/train/46071.png,cat,train,3
data/raw/cifar-10/train/486.png,ship,train,8
data/raw/cifar-10/train/30793.png,automobile,train,1
data/raw/cifar-10/train/37591.png,automobile,train,1
data/raw/cifar-10/train/25793.png,airplane,train,0
data/raw/cifar-10/train/28569.png,bird,train,2
data/raw/cifar-10/train/28454.png,horse,train,7
data/raw/cifar-10/train/37229.png,horse,train,7
data/raw/cifar-10/train/7104.png,dog,train,5
data/raw/cifar-10/train/14322.png,cat,train,3
data/raw/cifar-10/train/39760.png,frog,train,6
data/raw/cifar-10/train/3528.png,deer,train,4
data/raw/cifar-10/train/36743.png,ship,train,8
data/raw/cifar-10/train/22214.png,deer,train,4
data/raw/cifar-10/train/36843.png,frog,train,6
data/raw/cifar-10/train/17707.png,truck,train,9
data/raw/cifar-10/train/33884.png,frog,train,6
data/raw/cifar-10/train/12339.png,bird,train,2
data/raw/cifar-10/train/27739.png,bird,train,2
data/raw/cifar-10/train/7080.png,horse,train,7
data/raw/cifar-10/train/21247.png,ship,train,8
data/raw/cifar-10/train/28276.png,frog,train,6
data/raw/cifar-10/train/39529.png,bird,train,2
data/raw/cifar-10/train/30435.png,horse,train,7
data/raw/cifar-10/train/42324.png,dog,train,5
data/raw/cifar-10/train/27541.png,cat,train,3
data/raw/cifar-10/train/8046.png,ship,train,8
data/raw/cifar-10/train/44003.png,deer,train,4
data/raw/cifar-10/train/34929.png,bird,train,2
data/raw/cifar-10/train/13485.png,frog,train,6
data/raw/cifar-10/train/28521.png,horse,train,7
data/raw/cifar-10/train/9684.png,truck,train,9
data/raw/cifar-10/train/31946.png,automobile,train,1
data/raw/cifar-10/train/8922.png,horse,train,7
data/raw/cifar-10/train/39048.png,deer,train,4
data/raw/cifar-10/train/48683.png,truck,train,9
data/raw/cifar-10/train/33750.png,deer,train,4
data/raw/cifar-10/train/34864.png,truck,train,9
data/raw/cifar-10/train/22759.png,ship,train,8
data/raw/cifar-10/train/4712.png,ship,train,8
data/raw/cifar-10/train/25476.png,frog,train,6
data/raw/cifar-10/train/4815.png,dog,train,5
data/raw/cifar-10/train/29638.png,bird,train,2
data/raw/cifar-10/train/19408.png,deer,train,4
data/raw/cifar-10/train/39306.png,frog,train,6
data/raw/cifar-10/train/6368.png,frog,train,6
data/raw/cifar-10/train/13644.png,bird,train,2
data/raw/cifar-10/train/20776.png,frog,train,6
data/raw/cifar-10/train/5700.png,airplane,train,0
data/raw/cifar-10/train/30643.png,dog,train,5
data/raw/cifar-10/train/47341.png,truck,train,9
data/raw/cifar-10/train/6839.png,deer,train,4
data/raw/cifar-10/train/37973.png,bird,train,2
data/raw/cifar-10/train/22547.png,deer,train,4
data/raw/cifar-10/train/39508.png,ship,train,8
data/raw/cifar-10/train/7132.png,ship,train,8
data/raw/cifar-10/train/24373.png,truck,train,9
data/raw/cifar-10/train/48852.png,airplane,train,0
data/raw/cifar-10/train/609.png,airplane,train,0
data/raw/cifar-10/train/25025.png,deer,train,4
data/raw/cifar-10/train/30843.png,frog,train,6
data/raw/cifar-10/train/16798.png,dog,train,5
data/raw/cifar-10/train/14799.png,deer,train,4
data/raw/cifar-10/train/46750.png,airplane,train,0
data/raw/cifar-10/train/24387.png,ship,train,8
data/raw/cifar-10/train/20104.png,deer,train,4
data/raw/cifar-10/train/32480.png,airplane,train,0
data/raw/cifar-10/train/20983.png,dog,train,5
data/raw/cifar-10/train/18658.png,airplane,train,0
data/raw/cifar-10/train/20035.png,cat,train,3
data/raw/cifar-10/train/140.png,ship,train,8
data/raw/cifar-10/train/35646.png,bird,train,2
data/raw/cifar-10/train/6161.png,ship,train,8
data/raw/cifar-10/train/21865.png,cat,train,3
data/raw/cifar-10/train/3384.png,deer,train,4
data/raw/cifar-10/train/7139.png,cat,train,3
data/raw/cifar-10/train/29639.png,cat,train,3
data/raw/cifar-10/train/20544.png,deer,train,4
data/raw/cifar-10/train/6268.png,frog,train,6
data/raw/cifar-10/train/49421.png,airplane,train,0
data/raw/cifar-10/train/34543.png,frog,train,6
data/raw/cifar-10/train/41912.png,automobile,train,1
data/raw/cifar-10/train/3251.png,ship,train,8
data/raw/cifar-10/train/17562.png,bird,train,2
data/raw/cifar-10/train/5821.png,ship,train,8
data/raw/cifar-10/train/30993.png,automobile,train,1
data/raw/cifar-10/train/45292.png,automobile,train,1
data/raw/cifar-10/train/44596.png,bird,train,2
data/raw/cifar-10/train/11040.png,horse,train,7
data/raw/cifar-10/train/12863.png,deer,train,4
data/raw/cifar-10/train/17441.png,cat,train,3
data/raw/cifar-10/train/32403.png,automobile,train,1
data/raw/cifar-10/train/34103.png,bird,train,2
data/raw/cifar-10/train/16109.png,ship,train,8
data/raw/cifar-10/train/23286.png,dog,train,5
data/raw/cifar-10/train/26910.png,dog,train,5
data/raw/cifar-10/train/11706.png,bird,train,2
data/raw/cifar-10/train/1686.png,cat,train,3
data/raw/cifar-10/train/28490.png,deer,train,4
data/raw/cifar-10/train/11017.png,dog,train,5
data/raw/cifar-10/train/7144.png,frog,train,6
data/raw/cifar-10/train/15943.png,horse,train,7
data/raw/cifar-10/train/19958.png,deer,train,4
data/raw/cifar-10/train/15441.png,frog,train,6
data/raw/cifar-10/train/18847.png,truck,train,9
data/raw/cifar-10/train/20124.png,deer,train,4
data/raw/cifar-10/train/3940.png,horse,train,7
data/raw/cifar-10/train/15168.png,horse,train,7
data/raw/cifar-10/train/5132.png,bird,train,2
data/raw/cifar-10/train/12582.png,dog,train,5
data/raw/cifar-10/train/5265.png,deer,train,4
data/raw/cifar-10/train/1071.png,cat,train,3
data/raw/cifar-10/train/41377.png,dog,train,5
data/raw/cifar-10/train/1693.png,deer,train,4
data/raw/cifar-10/train/1109.png,bird,train,2
data/raw/cifar-10/train/13922.png,frog,train,6
data/raw/cifar-10/train/17065.png,bird,train,2
data/raw/cifar-10/train/46601.png,frog,train,6
data/raw/cifar-10/train/44529.png,ship,train,8
data/raw/cifar-10/train/21254.png,ship,train,8
data/raw/cifar-10/train/22181.png,horse,train,7
data/raw/cifar-10/train/23795.png,horse,train,7
data/raw/cifar-10/train/27992.png,dog,train,5
data/raw/cifar-10/train/12052.png,dog,train,5
data/raw/cifar-10/train/13670.png,truck,train,9
data/raw/cifar-10/train/6093.png,dog,train,5
data/raw/cifar-10/train/11098.png,dog,train,5
data/raw/cifar-10/train/11402.png,deer,train,4
data/raw/cifar-10/train/6139.png,ship,train,8
data/raw/cifar-10/train/28529.png,horse,train,7
data/raw/cifar-10/train/17281.png,truck,train,9
data/raw/cifar-10/train/5611.png,cat,train,3
data/raw/cifar-10/train/20914.png,ship,train,8
data/raw/cifar-10/train/27289.png,horse,train,7
data/raw/cifar-10/train/46940.png,cat,train,3
data/raw/cifar-10/train/18048.png,airplane,train,0
data/raw/cifar-10/train/45528.png,horse,train,7
data/raw/cifar-10/train/8050.png,deer,train,4
data/raw/cifar-10/train/20009.png,frog,train,6
data/raw/cifar-10/train/18604.png,airplane,train,0
data/raw/cifar-10/train/12752.png,horse,train,7
data/raw/cifar-10/train/24395.png,frog,train,6
data/raw/cifar-10/train/41672.png,frog,train,6
data/raw/cifar-10/train/29297.png,frog,train,6
data/raw/cifar-10/train/20656.png,deer,train,4
data/raw/cifar-10/train/8164.png,ship,train,8
data/raw/cifar-10/train/48293.png,truck,train,9
data/raw/cifar-10/train/16495.png,dog,train,5
data/raw/cifar-10/train/36352.png,cat,train,3
data/raw/cifar-10/train/45070.png,horse,train,7
data/raw/cifar-10/train/21087.png,horse,train,7
data/raw/cifar-10/train/14730.png,ship,train,8
data/raw/cifar-10/train/17505.png,bird,train,2
data/raw/cifar-10/train/48810.png,truck,train,9
data/raw/cifar-10/train/35428.png,cat,train,3
data/raw/cifar-10/train/49355.png,automobile,train,1
data/raw/cifar-10/train/35124.png,frog,train,6
data/raw/cifar-10/train/9235.png,deer,train,4
data/raw/cifar-10/train/14619.png,deer,train,4
data/raw/cifar-10/train/42044.png,bird,train,2
data/raw/cifar-10/train/33383.png,horse,train,7
data/raw/cifar-10/train/25920.png,dog,train,5
data/raw/cifar-10/train/13751.png,cat,train,3
data/raw/cifar-10/train/19217.png,airplane,train,0
data/raw/cifar-10/train/12776.png,truck,train,9
data/raw/cifar-10/train/35653.png,dog,train,5
data/raw/cifar-10/train/48652.png,bird,train,2
data/raw/cifar-10/train/15903.png,frog,train,6
data/raw/cifar-10/train/24638.png,dog,train,5
data/raw/cifar-10/train/25779.png,horse,train,7
data/raw/cifar-10/train/9513.png,airplane,train,0
data/raw/cifar-10/train/17168.png,ship,train,8
data/raw/cifar-10/train/33808.png,deer,train,4
data/raw/cifar-10/train/38857.png,frog,train,6
data/raw/cifar-10/train/14769.png,bird,train,2
data/raw/cifar-10/train/25102.png,bird,train,2
data/raw/cifar-10/train/42681.png,horse,train,7
data/raw/cifar-10/train/8755.png,truck,train,9
data/raw/cifar-10/train/40388.png,truck,train,9
data/raw/cifar-10/train/19547.png,automobile,train,1
data/raw/cifar-10/train/34790.png,bird,train,2
data/raw/cifar-10/train/34442.png,ship,train,8
data/raw/cifar-10/train/4700.png,dog,train,5
data/raw/cifar-10/train/46188.png,dog,train,5
data/raw/cifar-10/train/4008.png,cat,train,3
data/raw/cifar-10/train/28970.png,horse,train,7
data/raw/cifar-10/train/12080.png,airplane,train,0
data/raw/cifar-10/train/34243.png,frog,train,6
data/raw/cifar-10/train/29505.png,truck,train,9
data/raw/cifar-10/train/37671.png,horse,train,7
data/raw/cifar-10/train/37361.png,dog,train,5
data/raw/cifar-10/train/32939.png,cat,train,3
data/raw/cifar-10/train/29121.png,automobile,train,1
data/raw/cifar-10/train/15600.png,horse,train,7
data/raw/cifar-10/train/40395.png,automobile,train,1
data/raw/cifar-10/train/38301.png,truck,train,9
data/raw/cifar-10/train/41846.png,cat,train,3
data/raw/cifar-10/train/38936.png,automobile,train,1
data/raw/cifar-10/train/8556.png,horse,train,7
data/raw/cifar-10/train/17138.png,cat,train,3
data/raw/cifar-10/train/47697.png,horse,train,7
data/raw/cifar-10/train/12754.png,bird,train,2
data/raw/cifar-10/train/15775.png,dog,train,5
data/raw/cifar-10/train/42709.png,cat,train,3
data/raw/cifar-10/train/38348.png,automobile,train,1
data/raw/cifar-10/train/16213.png,dog,train,5
data/raw/cifar-10/train/37234.png,airplane,train,0
data/raw/cifar-10/train/19848.png,cat,train,3
data/raw/cifar-10/train/22294.png,airplane,train,0
data/raw/cifar-10/train/26957.png,bird,train,2
data/raw/cifar-10/train/43872.png,frog,train,6
data/raw/cifar-10/train/31122.png,ship,train,8
data/raw/cifar-10/train/964.png,bird,train,2
data/raw/cifar-10/train/38836.png,ship,train,8
data/raw/cifar-10/train/4038.png,horse,train,7
data/raw/cifar-10/train/11505.png,truck,train,9
data/raw/cifar-10/train/5019.png,truck,train,9
data/raw/cifar-10/train/4872.png,horse,train,7
data/raw/cifar-10/train/25460.png,automobile,train,1
data/raw/cifar-10/train/24450.png,horse,train,7
data/raw/cifar-10/train/13909.png,automobile,train,1
data/raw/cifar-10/train/10883.png,automobile,train,1
data/raw/cifar-10/train/48497.png,automobile,train,1
data/raw/cifar-10/train/25511.png,truck,train,9
data/raw/cifar-10/train/49339.png,truck,train,9
data/raw/cifar-10/train/18984.png,dog,train,5
data/raw/cifar-10/train/16663.png,bird,train,2
data/raw/cifar-10/train/18204.png,airplane,train,0
data/raw/cifar-10/train/46149.png,airplane,train,0
data/raw/cifar-10/train/8158.png,bird,train,2
data/raw/cifar-10/train/48138.png,bird,train,2
data/raw/cifar-10/train/29057.png,ship,train,8
data/raw/cifar-10/train/48709.png,dog,train,5
data/raw/cifar-10/train/5600.png,frog,train,6
data/raw/cifar-10/train/17527.png,truck,train,9
data/raw/cifar-10/train/23069.png,cat,train,3
data/raw/cifar-10/train/28032.png,bird,train,2
data/raw/cifar-10/train/23013.png,automobile,train,1
data/raw/cifar-10/train/29846.png,bird,train,2
data/raw/cifar-10/train/16789.png,horse,train,7
data/raw/cifar-10/train/3565.png,airplane,train,0
data/raw/cifar-10/train/29895.png,automobile,train,1
data/raw/cifar-10/train/48547.png,airplane,train,0
data/raw/cifar-10/train/14998.png,deer,train,4
data/raw/cifar-10/train/42228.png,bird,train,2
data/raw/cifar-10/train/47605.png,horse,train,7
data/raw/cifar-10/train/12781.png,cat,train,3
data/raw/cifar-10/train/12467.png,horse,train,7
data/raw/cifar-10/train/19418.png,horse,train,7
data/raw/cifar-10/train/700.png,automobile,train,1
data/raw/cifar-10/train/40705.png,bird,train,2
data/raw/cifar-10/train/11015.png,airplane,train,0
data/raw/cifar-10/train/26365.png,frog,train,6
data/raw/cifar-10/train/31138.png,dog,train,5
data/raw/cifar-10/train/22616.png,horse,train,7
data/raw/cifar-10/train/21542.png,ship,train,8
data/raw/cifar-10/train/45989.png,automobile,train,1
data/raw/cifar-10/train/49845.png,truck,train,9
data/raw/cifar-10/train/8431.png,horse,train,7
data/raw/cifar-10/train/5299.png,deer,train,4
data/raw/cifar-10/train/46935.png,airplane,train,0
data/raw/cifar-10/train/40871.png,cat,train,3
data/raw/cifar-10/train/40459.png,ship,train,8
data/raw/cifar-10/train/15394.png,dog,train,5
data/raw/cifar-10/train/13278.png,automobile,train,1
data/raw/cifar-10/train/8578.png,airplane,train,0
data/raw/cifar-10/train/33810.png,truck,train,9
data/raw/cifar-10/train/39968.png,dog,train,5
data/raw/cifar-10/train/44975.png,deer,train,4
data/raw/cifar-10/train/18890.png,cat,train,3
data/raw/cifar-10/train/13433.png,frog,train,6
data/raw/cifar-10/train/3765.png,ship,train,8
data/raw/cifar-10/train/35049.png,automobile,train,1
data/raw/cifar-10/train/10985.png,frog,train,6
data/raw/cifar-10/train/45579.png,ship,train,8
data/raw/cifar-10/train/38600.png,ship,train,8
data/raw/cifar-10/train/31529.png,horse,train,7
data/raw/cifar-10/train/29440.png,cat,train,3
data/raw/cifar-10/train/8089.png,cat,train,3
data/raw/cifar-10/train/16264.png,deer,train,4
data/raw/cifar-10/train/48092.png,deer,train,4
data/raw/cifar-10/train/745.png,horse,train,7
data/raw/cifar-10/train/1692.png,dog,train,5
data/raw/cifar-10/train/10347.png,ship,train,8
data/raw/cifar-10/train/44004.png,deer,train,4
data/raw/cifar-10/train/44549.png,truck,train,9
data/raw/cifar-10/train/7179.png,bird,train,2
data/raw/cifar-10/train/1137.png,dog,train,5
data/raw/cifar-10/train/25354.png,dog,train,5
data/raw/cifar-10/train/9115.png,bird,train,2
data/raw/cifar-10/train/28959.png,automobile,train,1
data/raw/cifar-10/train/1112.png,dog,train,5
data/raw/cifar-10/train/33461.png,truck,train,9
data/raw/cifar-10/train/32396.png,horse,train,7
data/raw/cifar-10/train/13019.png,frog,train,6
data/raw/cifar-10/train/40080.png,truck,train,9
data/raw/cifar-10/train/32580.png,horse,train,7
data/raw/cifar-10/train/32151.png,horse,train,7
data/raw/cifar-10/train/21471.png,truck,train,9
data/raw/cifar-10/train/17757.png,dog,train,5
data/raw/cifar-10/train/22692.png,bird,train,2
data/raw/cifar-10/train/17221.png,ship,train,8
data/raw/cifar-10/train/3249.png,cat,train,3
data/raw/cifar-10/train/35033.png,cat,train,3
data/raw/cifar-10/train/28929.png,ship,train,8
data/raw/cifar-10/train/30495.png,frog,train,6
data/raw/cifar-10/train/29100.png,airplane,train,0
data/raw/cifar-10/train/31528.png,cat,train,3
data/raw/cifar-10/train/2080.png,bird,train,2
data/raw/cifar-10/train/37433.png,airplane,train,0
data/raw/cifar-10/train/37074.png,deer,train,4
data/raw/cifar-10/train/43732.png,airplane,train,0
data/raw/cifar-10/train/40781.png,ship,train,8
data/raw/cifar-10/train/26436.png,truck,train,9
data/raw/cifar-10/train/22614.png,dog,train,5
data/raw/cifar-10/train/926.png,deer,train,4
data/raw/cifar-10/train/19084.png,dog,train,5
data/raw/cifar-10/train/14754.png,ship,train,8
data/raw/cifar-10/train/3624.png,horse,train,7
data/raw/cifar-10/train/27329.png,bird,train,2
data/raw/cifar-10/train/22129.png,horse,train,7
data/raw/cifar-10/train/49133.png,horse,train,7
data/raw/cifar-10/train/43470.png,bird,train,2
data/raw/cifar-10/train/45666.png,deer,train,4
data/raw/cifar-10/train/19995.png,cat,train,3
data/raw/cifar-10/train/3372.png,cat,train,3
data/raw/cifar-10/train/27010.png,automobile,train,1
data/raw/cifar-10/train/22433.png,bird,train,2
data/raw/cifar-10/train/5462.png,truck,train,9
data/raw/cifar-10/train/9252.png,automobile,train,1
data/raw/cifar-10/train/16566.png,horse,train,7
data/raw/cifar-10/train/15022.png,deer,train,4
data/raw/cifar-10/train/35311.png,bird,train,2
data/raw/cifar-10/train/29134.png,automobile,train,1
data/raw/cifar-10/train/2161.png,ship,train,8
data/raw/cifar-10/train/9525.png,automobile,train,1
data/raw/cifar-10/train/44642.png,deer,train,4
data/raw/cifar-10/train/29207.png,horse,train,7
data/raw/cifar-10/train/25288.png,dog,train,5
data/raw/cifar-10/train/23111.png,ship,train,8
data/raw/cifar-10/train/14048.png,cat,train,3
data/raw/cifar-10/train/950.png,cat,train,3
data/raw/cifar-10/train/37790.png,frog,train,6
data/raw/cifar-10/train/37683.png,frog,train,6
data/raw/cifar-10/train/22013.png,bird,train,2
data/raw/cifar-10/train/26519.png,truck,train,9
data/raw/cifar-10/train/4967.png,frog,train,6
data/raw/cifar-10/train/33262.png,automobile,train,1
data/raw/cifar-10/train/28168.png,deer,train,4
data/raw/cifar-10/train/27207.png,deer,train,4
data/raw/cifar-10/train/40830.png,horse,train,7
data/raw/cifar-10/train/18998.png,horse,train,7
data/raw/cifar-10/train/31127.png,automobile,train,1
data/raw/cifar-10/train/9963.png,deer,train,4
data/raw/cifar-10/train/3846.png,bird,train,2
data/raw/cifar-10/train/43346.png,dog,train,5
data/raw/cifar-10/train/10795.png,frog,train,6
data/raw/cifar-10/train/38892.png,cat,train,3
data/raw/cifar-10/train/19736.png,dog,train,5
data/raw/cifar-10/train/46613.png,frog,train,6
data/raw/cifar-10/train/1888.png,airplane,train,0
data/raw/cifar-10/train/21532.png,airplane,train,0
data/raw/cifar-10/train/11315.png,dog,train,5
data/raw/cifar-10/train/37120.png,frog,train,6
data/raw/cifar-10/train/22381.png,horse,train,7
data/raw/cifar-10/train/1935.png,deer,train,4
data/raw/cifar-10/train/8209.png,deer,train,4
data/raw/cifar-10/train/25965.png,frog,train,6
data/raw/cifar-10/train/15175.png,ship,train,8
data/raw/cifar-10/train/2061.png,airplane,train,0
data/raw/cifar-10/train/41949.png,automobile,train,1
data/raw/cifar-10/train/11855.png,dog,train,5
data/raw/cifar-10/train/34744.png,ship,train,8
data/raw/cifar-10/train/22737.png,ship,train,8
data/raw/cifar-10/train/24072.png,cat,train,3
data/raw/cifar-10/train/4857.png,automobile,train,1
data/raw/cifar-10/train/28821.png,frog,train,6
data/raw/cifar-10/train/4627.png,dog,train,5
data/raw/cifar-10/train/49975.png,deer,train,4
data/raw/cifar-10/train/11748.png,truck,train,9
data/raw/cifar-10/train/49151.png,automobile,train,1
data/raw/cifar-10/train/12007.png,deer,train,4
data/raw/cifar-10/train/16200.png,dog,train,5
data/raw/cifar-10/train/3257.png,truck,train,9
data/raw/cifar-10/train/5051.png,airplane,train,0
data/raw/cifar-10/train/45204.png,bird,train,2
data/raw/cifar-10/train/22884.png,horse,train,7
data/raw/cifar-10/train/22224.png,cat,train,3
data/raw/cifar-10/train/2301.png,deer,train,4
data/raw/cifar-10/train/44258.png,airplane,train,0
data/raw/cifar-10/train/47690.png,airplane,train,0
data/raw/cifar-10/train/6744.png,airplane,train,0
data/raw/cifar-10/train/43793.png,horse,train,7
data/raw/cifar-10/train/45574.png,truck,train,9
data/raw/cifar-10/train/38356.png,frog,train,6
data/raw/cifar-10/train/23972.png,dog,train,5
data/raw/cifar-10/train/4061.png,airplane,train,0
data/raw/cifar-10/train/9467.png,truck,train,9
data/raw/cifar-10/train/23443.png,bird,train,2
data/raw/cifar-10/train/38311.png,frog,train,6
data/raw/cifar-10/train/9127.png,frog,train,6
data/raw/cifar-10/train/8400.png,ship,train,8
data/raw/cifar-10/train/41125.png,airplane,train,0
data/raw/cifar-10/train/42812.png,deer,train,4
data/raw/cifar-10/train/28730.png,deer,train,4
data/raw/cifar-10/train/37681.png,dog,train,5
data/raw/cifar-10/train/26985.png,horse,train,7
data/raw/cifar-10/train/31733.png,ship,train,8
data/raw/cifar-10/train/4269.png,cat,train,3
data/raw/cifar-10/train/35387.png,dog,train,5
data/raw/cifar-10/train/21099.png,truck,train,9
data/raw/cifar-10/train/7067.png,ship,train,8
data/raw/cifar-10/train/48392.png,bird,train,2
data/raw/cifar-10/train/1618.png,ship,train,8
data/raw/cifar-10/train/34665.png,airplane,train,0
data/raw/cifar-10/train/1568.png,dog,train,5
data/raw/cifar-10/train/44371.png,deer,train,4
data/raw/cifar-10/train/28576.png,dog,train,5
data/raw/cifar-10/train/26564.png,ship,train,8
data/raw/cifar-10/train/4604.png,truck,train,9
data/raw/cifar-10/train/39198.png,frog,train,6
data/raw/cifar-10/train/7809.png,airplane,train,0
data/raw/cifar-10/train/23695.png,dog,train,5
data/raw/cifar-10/train/35038.png,automobile,train,1
data/raw/cifar-10/train/1401.png,airplane,train,0
data/raw/cifar-10/train/642.png,horse,train,7
data/raw/cifar-10/train/14448.png,deer,train,4
data/raw/cifar-10/train/20872.png,deer,train,4
data/raw/cifar-10/train/17188.png,truck,train,9
data/raw/cifar-10/train/43465.png,cat,train,3
data/raw/cifar-10/train/49052.png,horse,train,7
data/raw/cifar-10/train/34863.png,automobile,train,1
data/raw/cifar-10/train/25179.png,airplane,train,0
data/raw/cifar-10/train/33569.png,truck,train,9
data/raw/cifar-10/train/14399.png,horse,train,7
data/raw/cifar-10/train/41722.png,bird,train,2
data/raw/cifar-10/train/24832.png,dog,train,5
data/raw/cifar-10/train/2380.png,truck,train,9
data/raw/cifar-10/train/42822.png,bird,train,2
data/raw/cifar-10/train/28589.png,frog,train,6
data/raw/cifar-10/train/16178.png,frog,train,6
data/raw/cifar-10/train/46827.png,bird,train,2
data/raw/cifar-10/train/20827.png,deer,train,4
data/raw/cifar-10/train/40168.png,deer,train,4
data/raw/cifar-10/train/45816.png,ship,train,8
data/raw/cifar-10/train/4875.png,dog,train,5
data/raw/cifar-10/train/47910.png,deer,train,4
data/raw/cifar-10/train/48386.png,truck,train,9
data/raw/cifar-10/train/38453.png,automobile,train,1
data/raw/cifar-10/train/12097.png,cat,train,3
data/raw/cifar-10/train/26237.png,dog,train,5
data/raw/cifar-10/train/40188.png,bird,train,2
data/raw/cifar-10/train/49649.png,horse,train,7
data/raw/cifar-10/train/4687.png,horse,train,7
data/raw/cifar-10/train/468.png,airplane,train,0
data/raw/cifar-10/train/26417.png,airplane,train,0
data/raw/cifar-10/train/46274.png,frog,train,6
data/raw/cifar-10/train/8178.png,deer,train,4
data/raw/cifar-10/train/36621.png,frog,train,6
data/raw/cifar-10/train/9626.png,frog,train,6
data/raw/cifar-10/train/13172.png,horse,train,7
data/raw/cifar-10/train/37352.png,frog,train,6
data/raw/cifar-10/train/18773.png,dog,train,5
data/raw/cifar-10/train/4278.png,ship,train,8
data/raw/cifar-10/train/4089.png,horse,train,7
data/raw/cifar-10/train/28441.png,dog,train,5
data/raw/cifar-10/train/39723.png,dog,train,5
data/raw/cifar-10/train/25370.png,horse,train,7
data/raw/cifar-10/train/23759.png,truck,train,9
data/raw/cifar-10/train/44281.png,truck,train,9
data/raw/cifar-10/train/13322.png,bird,train,2
data/raw/cifar-10/train/42885.png,ship,train,8
data/raw/cifar-10/train/26358.png,cat,train,3
data/raw/cifar-10/train/26817.png,horse,train,7
data/raw/cifar-10/train/22500.png,automobile,train,1
data/raw/cifar-10/train/36044.png,cat,train,3
data/raw/cifar-10/train/23688.png,truck,train,9
data/raw/cifar-10/train/29582.png,bird,train,2
data/raw/cifar-10/train/38624.png,bird,train,2
data/raw/cifar-10/train/27158.png,horse,train,7
data/raw/cifar-10/train/15010.png,deer,train,4
data/raw/cifar-10/train/2251.png,automobile,train,1
data/raw/cifar-10/train/42762.png,automobile,train,1
data/raw/cifar-10/train/14442.png,airplane,train,0
data/raw/cifar-10/train/11032.png,airplane,train,0
data/raw/cifar-10/train/4822.png,airplane,train,0
data/raw/cifar-10/train/19870.png,automobile,train,1
data/raw/cifar-10/train/21940.png,truck,train,9
data/raw/cifar-10/train/40350.png,airplane,train,0
data/raw/cifar-10/train/358.png,truck,train,9
data/raw/cifar-10/train/47256.png,bird,train,2
data/raw/cifar-10/train/36804.png,ship,train,8
data/raw/cifar-10/train/30663.png,dog,train,5
data/raw/cifar-10/train/26881.png,truck,train,9
data/raw/cifar-10/train/6278.png,frog,train,6
data/raw/cifar-10/train/49333.png,horse,train,7
data/raw/cifar-10/train/1308.png,bird,train,2
data/raw/cifar-10/train/5829.png,airplane,train,0
data/raw/cifar-10/train/10405.png,deer,train,4
data/raw/cifar-10/train/1448.png,frog,train,6
data/raw/cifar-10/train/21500.png,ship,train,8
data/raw/cifar-10/train/23617.png,frog,train,6
data/raw/cifar-10/train/1318.png,frog,train,6
data/raw/cifar-10/train/32171.png,frog,train,6
data/raw/cifar-10/train/3138.png,truck,train,9
data/raw/cifar-10/train/12875.png,frog,train,6
data/raw/cifar-10/train/21127.png,dog,train,5
data/raw/cifar-10/train/41660.png,deer,train,4
data/raw/cifar-10/train/5153.png,dog,train,5
data/raw/cifar-10/train/47741.png,airplane,train,0
data/raw/cifar-10/train/23765.png,frog,train,6
data/raw/cifar-10/train/29369.png,deer,train,4
data/raw/cifar-10/train/8151.png,ship,train,8
data/raw/cifar-10/train/30076.png,horse,train,7
data/raw/cifar-10/train/17486.png,airplane,train,0
data/raw/cifar-10/train/3910.png,airplane,train,0
data/raw/cifar-10/train/21447.png,bird,train,2
data/raw/cifar-10/train/24055.png,horse,train,7
data/raw/cifar-10/train/14476.png,truck,train,9
data/raw/cifar-10/train/45248.png,frog,train,6
data/raw/cifar-10/train/20126.png,bird,train,2
data/raw/cifar-10/train/40757.png,cat,train,3
data/raw/cifar-10/train/6007.png,truck,train,9
data/raw/cifar-10/train/34171.png,cat,train,3
data/raw/cifar-10/train/13872.png,deer,train,4
data/raw/cifar-10/train/1638.png,frog,train,6
data/raw/cifar-10/train/17781.png,dog,train,5
data/raw/cifar-10/train/12953.png,cat,train,3
data/raw/cifar-10/train/36033.png,deer,train,4
data/raw/cifar-10/train/42893.png,airplane,train,0
data/raw/cifar-10/train/46648.png,truck,train,9
data/raw/cifar-10/train/12430.png,airplane,train,0
data/raw/cifar-10/train/39857.png,truck,train,9
data/raw/cifar-10/train/48469.png,truck,train,9
data/raw/cifar-10/train/294.png,airplane,train,0
data/raw/cifar-10/train/40229.png,deer,train,4
data/raw/cifar-10/train/9392.png,dog,train,5
data/raw/cifar-10/train/11882.png,horse,train,7
data/raw/cifar-10/train/45456.png,automobile,train,1
data/raw/cifar-10/train/42024.png,cat,train,3
data/raw/cifar-10/train/49522.png,ship,train,8
data/raw/cifar-10/train/15381.png,bird,train,2
data/raw/cifar-10/train/43292.png,ship,train,8
data/raw/cifar-10/train/14957.png,deer,train,4
data/raw/cifar-10/train/18126.png,ship,train,8
data/raw/cifar-10/train/36588.png,dog,train,5
data/raw/cifar-10/train/8279.png,ship,train,8
data/raw/cifar-10/train/34011.png,horse,train,7
data/raw/cifar-10/train/19727.png,cat,train,3
data/raw/cifar-10/train/44199.png,automobile,train,1
data/raw/cifar-10/train/23313.png,ship,train,8
data/raw/cifar-10/train/4782.png,deer,train,4
data/raw/cifar-10/train/44218.png,automobile,train,1
data/raw/cifar-10/train/9019.png,deer,train,4
data/raw/cifar-10/train/6649.png,bird,train,2
data/raw/cifar-10/train/45811.png,automobile,train,1
data/raw/cifar-10/train/12151.png,automobile,train,1
data/raw/cifar-10/train/16046.png,bird,train,2
data/raw/cifar-10/train/32581.png,automobile,train,1
data/raw/cifar-10/train/35174.png,ship,train,8
data/raw/cifar-10/train/43927.png,deer,train,4
data/raw/cifar-10/train/27141.png,dog,train,5
data/raw/cifar-10/train/13156.png,truck,train,9
data/raw/cifar-10/train/36913.png,dog,train,5
data/raw/cifar-10/train/21002.png,horse,train,7
data/raw/cifar-10/train/8832.png,ship,train,8
data/raw/cifar-10/train/24298.png,automobile,train,1
data/raw/cifar-10/train/17839.png,airplane,train,0
data/raw/cifar-10/train/39448.png,airplane,train,0
data/raw/cifar-10/train/1689.png,ship,train,8
data/raw/cifar-10/train/49467.png,cat,train,3
data/raw/cifar-10/train/5311.png,truck,train,9
data/raw/cifar-10/train/36328.png,deer,train,4
data/raw/cifar-10/train/15060.png,automobile,train,1
data/raw/cifar-10/train/27255.png,cat,train,3
data/raw/cifar-10/train/40228.png,cat,train,3
data/raw/cifar-10/train/12907.png,frog,train,6
data/raw/cifar-10/train/7202.png,horse,train,7
data/raw/cifar-10/train/48071.png,frog,train,6
data/raw/cifar-10/train/6647.png,ship,train,8
data/raw/cifar-10/train/6811.png,frog,train,6
data/raw/cifar-10/train/5418.png,bird,train,2
data/raw/cifar-10/train/17624.png,deer,train,4
data/raw/cifar-10/train/43185.png,airplane,train,0
data/raw/cifar-10/train/5107.png,cat,train,3
data/raw/cifar-10/train/12342.png,dog,train,5
data/raw/cifar-10/train/23035.png,horse,train,7
data/raw/cifar-10/train/48651.png,frog,train,6
data/raw/cifar-10/train/7318.png,deer,train,4
data/raw/cifar-10/train/31285.png,airplane,train,0
data/raw/cifar-10/train/32415.png,horse,train,7
data/raw/cifar-10/train/39236.png,cat,train,3
data/raw/cifar-10/train/42131.png,automobile,train,1
data/raw/cifar-10/train/18633.png,dog,train,5
data/raw/cifar-10/train/25273.png,dog,train,5
data/raw/cifar-10/train/34170.png,deer,train,4
data/raw/cifar-10/train/45168.png,truck,train,9
data/raw/cifar-10/train/27197.png,truck,train,9
data/raw/cifar-10/train/7035.png,frog,train,6
data/raw/cifar-10/train/48950.png,truck,train,9
data/raw/cifar-10/train/15236.png,horse,train,7
data/raw/cifar-10/train/39376.png,cat,train,3
data/raw/cifar-10/train/23380.png,automobile,train,1
data/raw/cifar-10/train/26361.png,deer,train,4
data/raw/cifar-10/train/8687.png,cat,train,3
data/raw/cifar-10/train/36520.png,truck,train,9
data/raw/cifar-10/train/27091.png,cat,train,3
data/raw/cifar-10/train/27999.png,horse,train,7
data/raw/cifar-10/train/42823.png,ship,train,8
data/raw/cifar-10/train/49593.png,horse,train,7
data/raw/cifar-10/train/14759.png,horse,train,7
data/raw/cifar-10/train/9328.png,automobile,train,1
data/raw/cifar-10/train/35113.png,dog,train,5
data/raw/cifar-10/train/39276.png,automobile,train,1
data/raw/cifar-10/train/10619.png,cat,train,3
data/raw/cifar-10/train/31849.png,deer,train,4
data/raw/cifar-10/train/21041.png,bird,train,2
data/raw/cifar-10/train/3012.png,airplane,train,0
data/raw/cifar-10/train/9316.png,horse,train,7
data/raw/cifar-10/train/23595.png,cat,train,3
data/raw/cifar-10/train/10256.png,cat,train,3
data/raw/cifar-10/train/43844.png,cat,train,3
data/raw/cifar-10/train/33347.png,cat,train,3
data/raw/cifar-10/train/13777.png,frog,train,6
data/raw/cifar-10/train/46321.png,frog,train,6
data/raw/cifar-10/train/18267.png,ship,train,8
data/raw/cifar-10/train/19953.png,deer,train,4
data/raw/cifar-10/train/6597.png,cat,train,3
data/raw/cifar-10/train/19498.png,cat,train,3
data/raw/cifar-10/train/7943.png,bird,train,2
data/raw/cifar-10/train/46824.png,deer,train,4
data/raw/cifar-10/train/18046.png,ship,train,8
data/raw/cifar-10/train/38186.png,airplane,train,0
data/raw/cifar-10/train/20136.png,frog,train,6
data/raw/cifar-10/train/45735.png,truck,train,9
data/raw/cifar-10/train/48576.png,frog,train,6
data/raw/cifar-10/train/13635.png,frog,train,6
data/raw/cifar-10/train/12483.png,horse,train,7
data/raw/cifar-10/train/19773.png,horse,train,7
data/raw/cifar-10/train/29463.png,truck,train,9
data/raw/cifar-10/train/44099.png,horse,train,7
data/raw/cifar-10/train/12395.png,horse,train,7
data/raw/cifar-10/train/38895.png,cat,train,3
data/raw/cifar-10/train/44759.png,bird,train,2
data/raw/cifar-10/train/37852.png,frog,train,6
data/raw/cifar-10/train/32018.png,deer,train,4
data/raw/cifar-10/train/14424.png,bird,train,2
data/raw/cifar-10/train/36704.png,automobile,train,1
data/raw/cifar-10/train/15035.png,bird,train,2
data/raw/cifar-10/train/6492.png,cat,train,3
data/raw/cifar-10/train/4915.png,ship,train,8
data/raw/cifar-10/train/36091.png,deer,train,4
data/raw/cifar-10/train/9613.png,cat,train,3
data/raw/cifar-10/train/32234.png,airplane,train,0
data/raw/cifar-10/train/33139.png,dog,train,5
data/raw/cifar-10/train/49978.png,automobile,train,1
data/raw/cifar-10/train/17100.png,truck,train,9
data/raw/cifar-10/train/683.png,frog,train,6
data/raw/cifar-10/train/234.png,airplane,train,0
data/raw/cifar-10/train/39924.png,dog,train,5
data/raw/cifar-10/train/11988.png,frog,train,6
data/raw/cifar-10/train/43420.png,truck,train,9
data/raw/cifar-10/train/48814.png,horse,train,7
data/raw/cifar-10/train/44787.png,truck,train,9
data/raw/cifar-10/train/43949.png,automobile,train,1
data/raw/cifar-10/train/46837.png,dog,train,5
data/raw/cifar-10/train/14681.png,horse,train,7
data/raw/cifar-10/train/1040.png,airplane,train,0
data/raw/cifar-10/train/11495.png,dog,train,5
data/raw/cifar-10/train/16702.png,dog,train,5
data/raw/cifar-10/train/40280.png,automobile,train,1
data/raw/cifar-10/train/3064.png,airplane,train,0
data/raw/cifar-10/train/24237.png,deer,train,4
data/raw/cifar-10/train/9725.png,deer,train,4
data/raw/cifar-10/train/24649.png,dog,train,5
data/raw/cifar-10/train/35272.png,cat,train,3
data/raw/cifar-10/train/39170.png,deer,train,4
data/raw/cifar-10/train/15952.png,ship,train,8
data/raw/cifar-10/train/47597.png,ship,train,8
data/raw/cifar-10/train/40923.png,cat,train,3
data/raw/cifar-10/train/5505.png,dog,train,5
data/raw/cifar-10/train/45765.png,deer,train,4
data/raw/cifar-10/train/41936.png,ship,train,8
data/raw/cifar-10/train/28558.png,bird,train,2
data/raw/cifar-10/train/11133.png,automobile,train,1
data/raw/cifar-10/train/49274.png,cat,train,3
data/raw/cifar-10/train/32367.png,automobile,train,1
data/raw/cifar-10/train/40437.png,frog,train,6
data/raw/cifar-10/train/32219.png,airplane,train,0
data/raw/cifar-10/train/35404.png,airplane,train,0
data/raw/cifar-10/train/33815.png,cat,train,3
data/raw/cifar-10/train/23407.png,frog,train,6
data/raw/cifar-10/train/38646.png,ship,train,8
data/raw/cifar-10/train/40728.png,bird,train,2
data/raw/cifar-10/train/12795.png,horse,train,7
data/raw/cifar-10/train/2895.png,bird,train,2
data/raw/cifar-10/train/11576.png,dog,train,5
data/raw/cifar-10/train/20199.png,ship,train,8
data/raw/cifar-10/train/7599.png,horse,train,7
data/raw/cifar-10/train/43456.png,dog,train,5
data/raw/cifar-10/train/40708.png,deer,train,4
data/raw/cifar-10/train/13759.png,dog,train,5
data/raw/cifar-10/train/47731.png,bird,train,2
data/raw/cifar-10/train/24027.png,horse,train,7
data/raw/cifar-10/train/398.png,ship,train,8
data/raw/cifar-10/train/7838.png,cat,train,3
data/raw/cifar-10/train/12542.png,truck,train,9
data/raw/cifar-10/train/6690.png,dog,train,5
data/raw/cifar-10/train/18342.png,deer,train,4
data/raw/cifar-10/train/17640.png,truck,train,9
data/raw/cifar-10/train/39439.png,cat,train,3
data/raw/cifar-10/train/34783.png,horse,train,7
data/raw/cifar-10/train/41100.png,dog,train,5
data/raw/cifar-10/train/14362.png,truck,train,9
data/raw/cifar-10/train/11293.png,truck,train,9
data/raw/cifar-10/train/25202.png,automobile,train,1
data/raw/cifar-10/train/9569.png,deer,train,4
data/raw/cifar-10/train/19644.png,deer,train,4
data/raw/cifar-10/train/1848.png,dog,train,5
data/raw/cifar-10/train/19281.png,bird,train,2
data/raw/cifar-10/train/35711.png,horse,train,7
data/raw/cifar-10/train/46949.png,frog,train,6
data/raw/cifar-10/train/21081.png,automobile,train,1
data/raw/cifar-10/train/10816.png,frog,train,6
data/raw/cifar-10/train/11470.png,horse,train,7
data/raw/cifar-10/train/47864.png,automobile,train,1
data/raw/cifar-10/train/2299.png,ship,train,8
data/raw/cifar-10/train/15751.png,truck,train,9
data/raw/cifar-10/train/8617.png,bird,train,2
data/raw/cifar-10/train/3308.png,frog,train,6
data/raw/cifar-10/train/28737.png,dog,train,5
data/raw/cifar-10/train/28981.png,frog,train,6
data/raw/cifar-10/train/44186.png,automobile,train,1
data/raw/cifar-10/train/26758.png,bird,train,2
data/raw/cifar-10/train/35969.png,deer,train,4
data/raw/cifar-10/train/11924.png,bird,train,2
data/raw/cifar-10/train/488.png,ship,train,8
data/raw/cifar-10/train/41018.png,automobile,train,1
data/raw/cifar-10/train/22020.png,horse,train,7
data/raw/cifar-10/train/19660.png,truck,train,9
data/raw/cifar-10/train/17272.png,ship,train,8
data/raw/cifar-10/train/32847.png,cat,train,3
data/raw/cifar-10/train/44348.png,horse,train,7
data/raw/cifar-10/train/32139.png,ship,train,8
data/raw/cifar-10/train/21593.png,truck,train,9
data/raw/cifar-10/train/9531.png,frog,train,6
data/raw/cifar-10/train/29449.png,bird,train,2
data/raw/cifar-10/train/35961.png,cat,train,3
data/raw/cifar-10/train/2387.png,cat,train,3
data/raw/cifar-10/train/9485.png,bird,train,2
data/raw/cifar-10/train/24953.png,dog,train,5
data/raw/cifar-10/train/39739.png,ship,train,8
data/raw/cifar-10/train/7910.png,cat,train,3
data/raw/cifar-10/train/17549.png,automobile,train,1
data/raw/cifar-10/train/46849.png,truck,train,9
data/raw/cifar-10/train/16857.png,ship,train,8
data/raw/cifar-10/train/11777.png,automobile,train,1
data/raw/cifar-10/train/30445.png,ship,train,8
data/raw/cifar-10/train/13448.png,bird,train,2
data/raw/cifar-10/train/2067.png,airplane,train,0
data/raw/cifar-10/train/22839.png,deer,train,4
data/raw/cifar-10/train/35147.png,bird,train,2
data/raw/cifar-10/train/4614.png,horse,train,7
data/raw/cifar-10/train/37390.png,deer,train,4
data/raw/cifar-10/train/16418.png,horse,train,7
data/raw/cifar-10/train/22419.png,airplane,train,0
data/raw/cifar-10/train/1743.png,horse,train,7
data/raw/cifar-10/train/10374.png,truck,train,9
data/raw/cifar-10/train/47000.png,truck,train,9
data/raw/cifar-10/train/25688.png,cat,train,3
data/raw/cifar-10/train/43811.png,deer,train,4
data/raw/cifar-10/train/43275.png,automobile,train,1
data/raw/cifar-10/train/2105.png,dog,train,5
data/raw/cifar-10/train/26437.png,cat,train,3
data/raw/cifar-10/train/33377.png,truck,train,9
data/raw/cifar-10/train/46964.png,ship,train,8
data/raw/cifar-10/train/41633.png,frog,train,6
data/raw/cifar-10/train/25044.png,horse,train,7
data/raw/cifar-10/train/26937.png,deer,train,4
data/raw/cifar-10/train/27806.png,dog,train,5
data/raw/cifar-10/train/20374.png,deer,train,4
data/raw/cifar-10/train/15931.png,truck,train,9
data/raw/cifar-10/train/10831.png,truck,train,9
data/raw/cifar-10/train/9415.png,frog,train,6
data/raw/cifar-10/train/2060.png,dog,train,5
data/raw/cifar-10/train/38309.png,horse,train,7
data/raw/cifar-10/train/11456.png,bird,train,2
data/raw/cifar-10/train/38183.png,bird,train,2
data/raw/cifar-10/train/47003.png,truck,train,9
data/raw/cifar-10/train/35176.png,deer,train,4
data/raw/cifar-10/train/3838.png,dog,train,5
data/raw/cifar-10/train/34661.png,dog,train,5
data/raw/cifar-10/train/45277.png,horse,train,7
data/raw/cifar-10/train/13383.png,airplane,train,0
data/raw/cifar-10/train/27387.png,ship,train,8
data/raw/cifar-10/train/34371.png,truck,train,9
data/raw/cifar-10/train/17414.png,cat,train,3
data/raw/cifar-10/train/16068.png,frog,train,6
data/raw/cifar-10/train/25087.png,bird,train,2
data/raw/cifar-10/train/10493.png,cat,train,3
data/raw/cifar-10/train/25271.png,airplane,train,0
data/raw/cifar-10/train/44394.png,frog,train,6
data/raw/cifar-10/train/45284.png,automobile,train,1
data/raw/cifar-10/train/36690.png,frog,train,6
data/raw/cifar-10/train/2825.png,airplane,train,0
data/raw/cifar-10/train/35096.png,airplane,train,0
data/raw/cifar-10/train/5995.png,airplane,train,0
data/raw/cifar-10/train/11238.png,airplane,train,0
data/raw/cifar-10/train/37972.png,horse,train,7
data/raw/cifar-10/train/20933.png,cat,train,3
data/raw/cifar-10/train/36004.png,deer,train,4
data/raw/cifar-10/train/24130.png,horse,train,7
data/raw/cifar-10/train/44620.png,airplane,train,0
data/raw/cifar-10/train/30657.png,truck,train,9
data/raw/cifar-10/train/141.png,automobile,train,1
data/raw/cifar-10/train/41488.png,frog,train,6
data/raw/cifar-10/train/36579.png,automobile,train,1
data/raw/cifar-10/train/15710.png,dog,train,5
data/raw/cifar-10/train/36873.png,automobile,train,1
data/raw/cifar-10/train/24340.png,dog,train,5
data/raw/cifar-10/train/20041.png,ship,train,8
data/raw/cifar-10/train/996.png,cat,train,3
data/raw/cifar-10/train/6219.png,horse,train,7
data/raw/cifar-10/train/21027.png,ship,train,8
data/raw/cifar-10/train/26108.png,horse,train,7
data/raw/cifar-10/train/34857.png,airplane,train,0
data/raw/cifar-10/train/36747.png,ship,train,8
data/raw/cifar-10/train/36047.png,automobile,train,1
data/raw/cifar-10/train/31108.png,automobile,train,1
data/raw/cifar-10/train/34167.png,bird,train,2
data/raw/cifar-10/train/21463.png,cat,train,3
data/raw/cifar-10/train/40421.png,airplane,train,0
data/raw/cifar-10/train/17726.png,deer,train,4
data/raw/cifar-10/train/28142.png,truck,train,9
data/raw/cifar-10/train/17889.png,truck,train,9
data/raw/cifar-10/train/37977.png,airplane,train,0
data/raw/cifar-10/train/49906.png,ship,train,8
data/raw/cifar-10/train/35726.png,airplane,train,0
data/raw/cifar-10/train/456.png,airplane,train,0
data/raw/cifar-10/train/46510.png,bird,train,2
data/raw/cifar-10/train/7865.png,dog,train,5
data/raw/cifar-10/train/10473.png,deer,train,4
data/raw/cifar-10/train/21758.png,deer,train,4
data/raw/cifar-10/train/36726.png,cat,train,3
data/raw/cifar-10/train/17376.png,dog,train,5
data/raw/cifar-10/train/39636.png,truck,train,9
data/raw/cifar-10/train/18756.png,cat,train,3
data/raw/cifar-10/train/44860.png,cat,train,3
data/raw/cifar-10/train/38058.png,horse,train,7
data/raw/cifar-10/train/25589.png,dog,train,5
data/raw/cifar-10/train/20733.png,dog,train,5
data/raw/cifar-10/train/39217.png,dog,train,5
data/raw/cifar-10/train/9522.png,frog,train,6
data/raw/cifar-10/train/8782.png,cat,train,3
data/raw/cifar-10/train/49413.png,frog,train,6
data/raw/cifar-10/train/22101.png,frog,train,6
data/raw/cifar-10/train/35203.png,airplane,train,0
data/raw/cifar-10/train/10279.png,horse,train,7
data/raw/cifar-10/train/37619.png,automobile,train,1
data/raw/cifar-10/train/23182.png,bird,train,2
data/raw/cifar-10/train/24531.png,truck,train,9
data/raw/cifar-10/train/9889.png,deer,train,4
data/raw/cifar-10/train/23201.png,deer,train,4
data/raw/cifar-10/train/27366.png,truck,train,9
data/raw/cifar-10/train/38163.png,ship,train,8
data/raw/cifar-10/train/24791.png,deer,train,4
data/raw/cifar-10/train/46794.png,dog,train,5
data/raw/cifar-10/train/28844.png,dog,train,5
data/raw/cifar-10/train/42969.png,frog,train,6
data/raw/cifar-10/train/21650.png,deer,train,4
data/raw/cifar-10/train/33923.png,airplane,train,0
data/raw/cifar-10/train/8022.png,frog,train,6
data/raw/cifar-10/train/11053.png,cat,train,3
data/raw/cifar-10/train/21427.png,bird,train,2
data/raw/cifar-10/train/45033.png,dog,train,5
data/raw/cifar-10/train/14296.png,truck,train,9
data/raw/cifar-10/train/20623.png,airplane,train,0
data/raw/cifar-10/train/10094.png,bird,train,2
data/raw/cifar-10/train/39601.png,truck,train,9
data/raw/cifar-10/train/46787.png,automobile,train,1
data/raw/cifar-10/train/37224.png,cat,train,3
data/raw/cifar-10/train/27486.png,cat,train,3
data/raw/cifar-10/train/27129.png,airplane,train,0
data/raw/cifar-10/train/49229.png,truck,train,9
data/raw/cifar-10/train/32355.png,horse,train,7
data/raw/cifar-10/train/44615.png,deer,train,4
data/raw/cifar-10/train/32741.png,horse,train,7
data/raw/cifar-10/train/49536.png,airplane,train,0
data/raw/cifar-10/train/9927.png,cat,train,3
data/raw/cifar-10/train/37309.png,ship,train,8
data/raw/cifar-10/train/1249.png,frog,train,6
data/raw/cifar-10/train/9514.png,truck,train,9
data/raw/cifar-10/train/11024.png,airplane,train,0
data/raw/cifar-10/train/40206.png,dog,train,5
data/raw/cifar-10/train/43322.png,dog,train,5
data/raw/cifar-10/train/46584.png,horse,train,7
data/raw/cifar-10/train/9274.png,deer,train,4
data/raw/cifar-10/train/16894.png,deer,train,4
data/raw/cifar-10/train/22266.png,automobile,train,1
data/raw/cifar-10/train/32756.png,truck,train,9
data/raw/cifar-10/train/31471.png,deer,train,4
data/raw/cifar-10/train/36663.png,deer,train,4
data/raw/cifar-10/train/24758.png,cat,train,3
data/raw/cifar-10/train/36115.png,horse,train,7
data/raw/cifar-10/train/16440.png,bird,train,2
data/raw/cifar-10/train/8432.png,frog,train,6
data/raw/cifar-10/train/16700.png,truck,train,9
data/raw/cifar-10/train/12346.png,airplane,train,0
data/raw/cifar-10/train/37968.png,cat,train,3
data/raw/cifar-10/train/39444.png,horse,train,7
data/raw/cifar-10/train/19334.png,truck,train,9
data/raw/cifar-10/train/24736.png,airplane,train,0
data/raw/cifar-10/train/12769.png,dog,train,5
data/raw/cifar-10/train/35834.png,bird,train,2
data/raw/cifar-10/train/12891.png,dog,train,5
data/raw/cifar-10/train/6411.png,deer,train,4
data/raw/cifar-10/train/19119.png,deer,train,4
data/raw/cifar-10/train/34712.png,airplane,train,0
data/raw/cifar-10/train/35129.png,cat,train,3
data/raw/cifar-10/train/33138.png,bird,train,2
data/raw/cifar-10/train/1150.png,horse,train,7
data/raw/cifar-10/train/36100.png,truck,train,9
data/raw/cifar-10/train/34961.png,bird,train,2
data/raw/cifar-10/train/9547.png,deer,train,4
data/raw/cifar-10/train/5384.png,truck,train,9
data/raw/cifar-10/train/43867.png,dog,train,5
data/raw/cifar-10/train/5457.png,frog,train,6
data/raw/cifar-10/train/31336.png,truck,train,9
data/raw/cifar-10/train/24091.png,horse,train,7
data/raw/cifar-10/train/30229.png,deer,train,4
data/raw/cifar-10/train/29512.png,bird,train,2
data/raw/cifar-10/train/45096.png,ship,train,8
data/raw/cifar-10/train/37603.png,deer,train,4
data/raw/cifar-10/train/25518.png,dog,train,5
data/raw/cifar-10/train/22747.png,frog,train,6
data/raw/cifar-10/train/16478.png,horse,train,7
data/raw/cifar-10/train/16309.png,cat,train,3
data/raw/cifar-10/train/15584.png,automobile,train,1
data/raw/cifar-10/train/39841.png,ship,train,8
data/raw/cifar-10/train/5414.png,dog,train,5
data/raw/cifar-10/train/19657.png,ship,train,8
data/raw/cifar-10/train/38503.png,bird,train,2
data/raw/cifar-10/train/27379.png,ship,train,8
data/raw/cifar-10/train/46909.png,automobile,train,1
data/raw/cifar-10/train/17257.png,horse,train,7
data/raw/cifar-10/train/47831.png,cat,train,3
data/raw/cifar-10/train/30456.png,horse,train,7
data/raw/cifar-10/train/27601.png,horse,train,7
data/raw/cifar-10/train/40709.png,airplane,train,0
data/raw/cifar-10/train/13844.png,automobile,train,1
data/raw/cifar-10/train/38136.png,deer,train,4
data/raw/cifar-10/train/15073.png,horse,train,7
data/raw/cifar-10/train/9322.png,frog,train,6
data/raw/cifar-10/train/43095.png,horse,train,7
data/raw/cifar-10/train/8670.png,bird,train,2
data/raw/cifar-10/train/4763.png,automobile,train,1
data/raw/cifar-10/train/14792.png,dog,train,5
data/raw/cifar-10/train/49928.png,dog,train,5
data/raw/cifar-10/train/4128.png,dog,train,5
data/raw/cifar-10/train/47138.png,horse,train,7
data/raw/cifar-10/train/13336.png,frog,train,6
data/raw/cifar-10/train/12951.png,truck,train,9
data/raw/cifar-10/train/24251.png,deer,train,4
data/raw/cifar-10/train/25493.png,cat,train,3
data/raw/cifar-10/train/8737.png,bird,train,2
data/raw/cifar-10/train/3302.png,bird,train,2
data/raw/cifar-10/train/24019.png,automobile,train,1
data/raw/cifar-10/train/14610.png,truck,train,9
data/raw/cifar-10/train/12751.png,cat,train,3
data/raw/cifar-10/train/3835.png,cat,train,3
data/raw/cifar-10/train/37698.png,cat,train,3
data/raw/cifar-10/train/31415.png,cat,train,3
data/raw/cifar-10/train/47270.png,truck,train,9
data/raw/cifar-10/train/33703.png,dog,train,5
data/raw/cifar-10/train/14663.png,automobile,train,1
data/raw/cifar-10/train/25961.png,truck,train,9
data/raw/cifar-10/train/8634.png,frog,train,6
data/raw/cifar-10/train/2103.png,horse,train,7
data/raw/cifar-10/train/18930.png,truck,train,9
data/raw/cifar-10/train/22522.png,airplane,train,0
data/raw/cifar-10/train/27405.png,automobile,train,1
data/raw/cifar-10/train/45591.png,cat,train,3
data/raw/cifar-10/train/14061.png,deer,train,4
data/raw/cifar-10/train/49909.png,truck,train,9
data/raw/cifar-10/train/22048.png,dog,train,5
data/raw/cifar-10/train/21958.png,dog,train,5
data/raw/cifar-10/train/43323.png,horse,train,7
data/raw/cifar-10/train/35424.png,truck,train,9
data/raw/cifar-10/train/1055.png,horse,train,7
data/raw/cifar-10/train/6231.png,bird,train,2
data/raw/cifar-10/train/20267.png,bird,train,2
data/raw/cifar-10/train/28233.png,deer,train,4
data/raw/cifar-10/train/8472.png,ship,train,8
data/raw/cifar-10/train/27162.png,horse,train,7
data/raw/cifar-10/train/19819.png,airplane,train,0
data/raw/cifar-10/train/28894.png,bird,train,2
data/raw/cifar-10/train/8629.png,automobile,train,1
data/raw/cifar-10/train/39311.png,bird,train,2
data/raw/cifar-10/train/49462.png,truck,train,9
data/raw/cifar-10/train/42352.png,cat,train,3
data/raw/cifar-10/train/47444.png,frog,train,6
data/raw/cifar-10/train/43165.png,automobile,train,1
data/raw/cifar-10/train/9886.png,deer,train,4
data/raw/cifar-10/train/30237.png,automobile,train,1
data/raw/cifar-10/train/21736.png,horse,train,7
data/raw/cifar-10/train/30064.png,dog,train,5
data/raw/cifar-10/train/47714.png,ship,train,8
data/raw/cifar-10/train/19785.png,deer,train,4
data/raw/cifar-10/train/37592.png,deer,train,4
data/raw/cifar-10/train/1361.png,frog,train,6
data/raw/cifar-10/train/25037.png,truck,train,9
data/raw/cifar-10/train/2657.png,automobile,train,1
data/raw/cifar-10/train/22128.png,truck,train,9
data/raw/cifar-10/train/38871.png,ship,train,8
data/raw/cifar-10/train/1657.png,dog,train,5
data/raw/cifar-10/train/10896.png,automobile,train,1
data/raw/cifar-10/train/1851.png,bird,train,2
data/raw/cifar-10/train/26328.png,cat,train,3
data/raw/cifar-10/train/44254.png,bird,train,2
data/raw/cifar-10/train/19800.png,cat,train,3
data/raw/cifar-10/train/46388.png,ship,train,8
data/raw/cifar-10/train/19505.png,bird,train,2
data/raw/cifar-10/train/8899.png,airplane,train,0
data/raw/cifar-10/train/19163.png,horse,train,7
data/raw/cifar-10/train/30766.png,bird,train,2
data/raw/cifar-10/train/4273.png,ship,train,8
data/raw/cifar-10/train/15793.png,automobile,train,1
data/raw/cifar-10/train/35401.png,horse,train,7
data/raw/cifar-10/train/48826.png,deer,train,4
data/raw/cifar-10/train/17172.png,truck,train,9
data/raw/cifar-10/train/4780.png,ship,train,8
data/raw/cifar-10/train/43708.png,cat,train,3
data/raw/cifar-10/train/26424.png,deer,train,4
data/raw/cifar-10/train/8761.png,cat,train,3
data/raw/cifar-10/train/1156.png,frog,train,6
data/raw/cifar-10/train/30056.png,cat,train,3
data/raw/cifar-10/train/27328.png,horse,train,7
data/raw/cifar-10/train/17167.png,airplane,train,0
data/raw/cifar-10/train/2398.png,horse,train,7
data/raw/cifar-10/train/2609.png,horse,train,7
data/raw/cifar-10/train/43083.png,bird,train,2
data/raw/cifar-10/train/11155.png,horse,train,7
data/raw/cifar-10/train/16394.png,frog,train,6
data/raw/cifar-10/train/9788.png,truck,train,9
data/raw/cifar-10/train/46967.png,automobile,train,1
data/raw/cifar-10/train/13221.png,frog,train,6
data/raw/cifar-10/train/6925.png,deer,train,4
data/raw/cifar-10/train/4187.png,bird,train,2
data/raw/cifar-10/train/35616.png,frog,train,6
data/raw/cifar-10/train/4525.png,airplane,train,0
data/raw/cifar-10/train/21024.png,airplane,train,0
data/raw/cifar-10/train/8086.png,automobile,train,1
data/raw/cifar-10/train/8852.png,dog,train,5
data/raw/cifar-10/train/8301.png,automobile,train,1
data/raw/cifar-10/train/3714.png,airplane,train,0
data/raw/cifar-10/train/22707.png,horse,train,7
data/raw/cifar-10/train/35354.png,bird,train,2
data/raw/cifar-10/train/2187.png,automobile,train,1
data/raw/cifar-10/train/43310.png,horse,train,7
data/raw/cifar-10/train/20438.png,frog,train,6
data/raw/cifar-10/train/42081.png,deer,train,4
data/raw/cifar-10/train/16769.png,frog,train,6
data/raw/cifar-10/train/1322.png,cat,train,3
data/raw/cifar-10/train/44776.png,truck,train,9
data/raw/cifar-10/train/30519.png,deer,train,4
data/raw/cifar-10/train/16768.png,dog,train,5
data/raw/cifar-10/train/16194.png,ship,train,8
data/raw/cifar-10/train/11137.png,horse,train,7
data/raw/cifar-10/train/23842.png,truck,train,9
data/raw/cifar-10/train/46939.png,ship,train,8
data/raw/cifar-10/train/26498.png,deer,train,4
data/raw/cifar-10/train/41773.png,airplane,train,0
data/raw/cifar-10/train/32007.png,cat,train,3
data/raw/cifar-10/train/19989.png,airplane,train,0
data/raw/cifar-10/train/17714.png,deer,train,4
data/raw/cifar-10/train/28620.png,airplane,train,0
data/raw/cifar-10/train/1101.png,cat,train,3
data/raw/cifar-10/train/20609.png,deer,train,4
data/raw/cifar-10/train/20726.png,automobile,train,1
data/raw/cifar-10/train/34205.png,cat,train,3
data/raw/cifar-10/train/44712.png,ship,train,8
data/raw/cifar-10/train/36195.png,automobile,train,1
data/raw/cifar-10/train/37260.png,automobile,train,1
data/raw/cifar-10/train/15591.png,airplane,train,0
data/raw/cifar-10/train/37279.png,bird,train,2
data/raw/cifar-10/train/18388.png,cat,train,3
data/raw/cifar-10/train/23235.png,dog,train,5
data/raw/cifar-10/train/43995.png,dog,train,5
data/raw/cifar-10/train/25349.png,ship,train,8
data/raw/cifar-10/train/35487.png,bird,train,2
data/raw/cifar-10/train/14470.png,deer,train,4
data/raw/cifar-10/train/37150.png,frog,train,6
data/raw/cifar-10/train/26059.png,bird,train,2
data/raw/cifar-10/train/35467.png,bird,train,2
data/raw/cifar-10/train/24766.png,ship,train,8
data/raw/cifar-10/train/32750.png,automobile,train,1
data/raw/cifar-10/train/2519.png,cat,train,3
data/raw/cifar-10/train/11673.png,frog,train,6
data/raw/cifar-10/train/24547.png,dog,train,5
data/raw/cifar-10/train/12494.png,airplane,train,0
data/raw/cifar-10/train/10604.png,dog,train,5
data/raw/cifar-10/train/4435.png,frog,train,6
data/raw/cifar-10/train/14026.png,airplane,train,0
data/raw/cifar-10/train/11457.png,bird,train,2
data/raw/cifar-10/train/35512.png,horse,train,7
data/raw/cifar-10/train/16049.png,airplane,train,0
data/raw/cifar-10/train/24690.png,ship,train,8
data/raw/cifar-10/train/38437.png,ship,train,8
data/raw/cifar-10/train/35956.png,bird,train,2
data/raw/cifar-10/train/22346.png,frog,train,6
data/raw/cifar-10/train/25618.png,horse,train,7
data/raw/cifar-10/train/38238.png,ship,train,8
data/raw/cifar-10/train/27376.png,airplane,train,0
data/raw/cifar-10/train/44537.png,frog,train,6
data/raw/cifar-10/train/25785.png,truck,train,9
data/raw/cifar-10/train/4136.png,dog,train,5
data/raw/cifar-10/train/2579.png,airplane,train,0
data/raw/cifar-10/train/29946.png,dog,train,5
data/raw/cifar-10/train/28456.png,horse,train,7
data/raw/cifar-10/train/24364.png,dog,train,5
data/raw/cifar-10/train/7152.png,bird,train,2
data/raw/cifar-10/train/46319.png,dog,train,5
data/raw/cifar-10/train/28925.png,airplane,train,0
data/raw/cifar-10/train/32520.png,deer,train,4
data/raw/cifar-10/train/35408.png,horse,train,7
data/raw/cifar-10/train/5798.png,cat,train,3
data/raw/cifar-10/train/41779.png,frog,train,6
data/raw/cifar-10/train/2599.png,airplane,train,0
data/raw/cifar-10/train/39732.png,truck,train,9
data/raw/cifar-10/train/18056.png,ship,train,8
data/raw/cifar-10/train/21491.png,bird,train,2
data/raw/cifar-10/train/37780.png,automobile,train,1
data/raw/cifar-10/train/36255.png,airplane,train,0
data/raw/cifar-10/train/35869.png,deer,train,4
data/raw/cifar-10/train/42533.png,bird,train,2
data/raw/cifar-10/train/49916.png,ship,train,8
data/raw/cifar-10/train/1352.png,cat,train,3
data/raw/cifar-10/train/29494.png,ship,train,8
data/raw/cifar-10/train/21584.png,truck,train,9
data/raw/cifar-10/train/47154.png,horse,train,7
data/raw/cifar-10/train/24225.png,automobile,train,1
data/raw/cifar-10/train/6062.png,cat,train,3
data/raw/cifar-10/train/29799.png,frog,train,6
data/raw/cifar-10/train/20601.png,truck,train,9
data/raw/cifar-10/train/43453.png,frog,train,6
data/raw/cifar-10/train/20012.png,deer,train,4
data/raw/cifar-10/train/1381.png,automobile,train,1
data/raw/cifar-10/train/9978.png,frog,train,6
data/raw/cifar-10/train/18845.png,automobile,train,1
data/raw/cifar-10/train/24740.png,bird,train,2
data/raw/cifar-10/train/19014.png,frog,train,6
data/raw/cifar-10/train/4102.png,automobile,train,1
data/raw/cifar-10/train/25198.png,horse,train,7
data/raw/cifar-10/train/19514.png,ship,train,8
data/raw/cifar-10/train/47929.png,deer,train,4
data/raw/cifar-10/train/7195.png,bird,train,2
data/raw/cifar-10/train/13923.png,automobile,train,1
data/raw/cifar-10/train/1048.png,frog,train,6
data/raw/cifar-10/train/8876.png,automobile,train,1
data/raw/cifar-10/train/21320.png,ship,train,8
data/raw/cifar-10/train/6603.png,cat,train,3
data/raw/cifar-10/train/21442.png,horse,train,7
data/raw/cifar-10/train/2619.png,frog,train,6
data/raw/cifar-10/train/31682.png,frog,train,6
data/raw/cifar-10/train/26797.png,horse,train,7
data/raw/cifar-10/train/16429.png,automobile,train,1
data/raw/cifar-10/train/15100.png,horse,train,7
data/raw/cifar-10/train/37979.png,airplane,train,0
data/raw/cifar-10/train/9048.png,bird,train,2
data/raw/cifar-10/train/45113.png,horse,train,7
data/raw/cifar-10/train/811.png,bird,train,2
data/raw/cifar-10/train/34015.png,cat,train,3
data/raw/cifar-10/train/20679.png,horse,train,7
data/raw/cifar-10/train/2138.png,cat,train,3
data/raw/cifar-10/train/7474.png,frog,train,6
data/raw/cifar-10/train/46549.png,airplane,train,0
data/raw/cifar-10/train/34882.png,deer,train,4
data/raw/cifar-10/train/33515.png,airplane,train,0
data/raw/cifar-10/train/21275.png,cat,train,3
data/raw/cifar-10/train/34329.png,deer,train,4
data/raw/cifar-10/train/9634.png,deer,train,4
data/raw/cifar-10/train/42382.png,horse,train,7
data/raw/cifar-10/train/41753.png,dog,train,5
data/raw/cifar-10/train/27756.png,truck,train,9
data/raw/cifar-10/train/48827.png,horse,train,7
data/raw/cifar-10/train/36921.png,bird,train,2
data/raw/cifar-10/train/48288.png,bird,train,2
data/raw/cifar-10/train/42124.png,truck,train,9
data/raw/cifar-10/train/32527.png,bird,train,2
data/raw/cifar-10/train/42608.png,ship,train,8
data/raw/cifar-10/train/12782.png,frog,train,6
data/raw/cifar-10/train/5106.png,ship,train,8
data/raw/cifar-10/train/15830.png,cat,train,3
data/raw/cifar-10/train/46043.png,frog,train,6
data/raw/cifar-10/train/49031.png,deer,train,4
data/raw/cifar-10/train/26268.png,automobile,train,1
data/raw/cifar-10/train/8848.png,dog,train,5
data/raw/cifar-10/train/4374.png,airplane,train,0
data/raw/cifar-10/train/7135.png,truck,train,9
data/raw/cifar-10/train/40831.png,airplane,train,0
data/raw/cifar-10/train/9581.png,bird,train,2
data/raw/cifar-10/train/5162.png,truck,train,9
data/raw/cifar-10/train/17249.png,frog,train,6
data/raw/cifar-10/train/3450.png,ship,train,8
data/raw/cifar-10/train/11764.png,cat,train,3
data/raw/cifar-10/train/17488.png,bird,train,2
data/raw/cifar-10/train/11773.png,airplane,train,0
data/raw/cifar-10/train/43103.png,automobile,train,1
data/raw/cifar-10/train/40536.png,airplane,train,0
data/raw/cifar-10/train/17457.png,airplane,train,0
data/raw/cifar-10/train/434.png,horse,train,7
data/raw/cifar-10/train/24741.png,ship,train,8
data/raw/cifar-10/train/19653.png,dog,train,5
data/raw/cifar-10/train/7574.png,airplane,train,0
data/raw/cifar-10/train/33519.png,bird,train,2
data/raw/cifar-10/train/21927.png,truck,train,9
data/raw/cifar-10/train/31427.png,ship,train,8
data/raw/cifar-10/train/35007.png,truck,train,9
data/raw/cifar-10/train/20108.png,automobile,train,1
data/raw/cifar-10/train/20986.png,airplane,train,0
data/raw/cifar-10/train/32807.png,automobile,train,1
data/raw/cifar-10/train/39315.png,horse,train,7
data/raw/cifar-10/train/16608.png,ship,train,8
data/raw/cifar-10/train/49546.png,cat,train,3
data/raw/cifar-10/train/31660.png,horse,train,7
data/raw/cifar-10/train/19379.png,deer,train,4
data/raw/cifar-10/train/29368.png,airplane,train,0
data/raw/cifar-10/train/10426.png,airplane,train,0
data/raw/cifar-10/train/11751.png,automobile,train,1
data/raw/cifar-10/train/6509.png,ship,train,8
data/raw/cifar-10/train/43019.png,cat,train,3
data/raw/cifar-10/train/10178.png,cat,train,3
data/raw/cifar-10/train/20368.png,cat,train,3
data/raw/cifar-10/train/37345.png,frog,train,6
data/raw/cifar-10/train/391.png,deer,train,4
data/raw/cifar-10/train/38253.png,horse,train,7
data/raw/cifar-10/train/30831.png,airplane,train,0
data/raw/cifar-10/train/30485.png,horse,train,7
data/raw/cifar-10/train/31134.png,frog,train,6
data/raw/cifar-10/train/22394.png,frog,train,6
data/raw/cifar-10/train/23045.png,dog,train,5
data/raw/cifar-10/train/7751.png,dog,train,5
data/raw/cifar-10/train/23631.png,frog,train,6
data/raw/cifar-10/train/32803.png,frog,train,6
data/raw/cifar-10/train/32829.png,frog,train,6
data/raw/cifar-10/train/1122.png,cat,train,3
data/raw/cifar-10/train/2628.png,cat,train,3
data/raw/cifar-10/train/43091.png,deer,train,4
data/raw/cifar-10/train/37267.png,horse,train,7
data/raw/cifar-10/train/30298.png,airplane,train,0
data/raw/cifar-10/train/28693.png,frog,train,6
data/raw/cifar-10/train/11726.png,dog,train,5
data/raw/cifar-10/train/27137.png,cat,train,3
data/raw/cifar-10/train/39948.png,deer,train,4
data/raw/cifar-10/train/44519.png,frog,train,6
data/raw/cifar-10/train/45809.png,horse,train,7
data/raw/cifar-10/train/27109.png,cat,train,3
data/raw/cifar-10/train/3468.png,automobile,train,1
data/raw/cifar-10/train/39916.png,ship,train,8
data/raw/cifar-10/train/37712.png,ship,train,8
data/raw/cifar-10/train/26488.png,ship,train,8
data/raw/cifar-10/train/15454.png,cat,train,3
data/raw/cifar-10/train/3077.png,airplane,train,0
data/raw/cifar-10/train/48961.png,horse,train,7
data/raw/cifar-10/train/41829.png,dog,train,5
data/raw/cifar-10/train/15229.png,cat,train,3
data/raw/cifar-10/train/15252.png,cat,train,3
data/raw/cifar-10/train/39779.png,cat,train,3
data/raw/cifar-10/train/22894.png,dog,train,5
data/raw/cifar-10/train/31565.png,frog,train,6
data/raw/cifar-10/train/31802.png,dog,train,5
data/raw/cifar-10/train/7564.png,deer,train,4
data/raw/cifar-10/train/48130.png,truck,train,9
data/raw/cifar-10/train/24281.png,automobile,train,1
data/raw/cifar-10/train/17332.png,automobile,train,1
data/raw/cifar-10/train/1286.png,bird,train,2
data/raw/cifar-10/train/19489.png,truck,train,9
data/raw/cifar-10/train/13529.png,dog,train,5
data/raw/cifar-10/train/2476.png,frog,train,6
data/raw/cifar-10/train/41506.png,truck,train,9
data/raw/cifar-10/train/16087.png,ship,train,8
data/raw/cifar-10/train/983.png,deer,train,4
data/raw/cifar-10/train/23061.png,automobile,train,1
data/raw/cifar-10/train/1535.png,cat,train,3
data/raw/cifar-10/train/35342.png,horse,train,7
data/raw/cifar-10/train/19886.png,deer,train,4
data/raw/cifar-10/train/7965.png,frog,train,6
data/raw/cifar-10/train/21161.png,ship,train,8
data/raw/cifar-10/train/12217.png,cat,train,3
data/raw/cifar-10/train/30020.png,automobile,train,1
data/raw/cifar-10/train/34127.png,horse,train,7
data/raw/cifar-10/train/23666.png,dog,train,5
data/raw/cifar-10/train/17013.png,ship,train,8
data/raw/cifar-10/train/33567.png,frog,train,6
data/raw/cifar-10/train/38402.png,frog,train,6
data/raw/cifar-10/train/38505.png,cat,train,3
data/raw/cifar-10/train/11991.png,horse,train,7
data/raw/cifar-10/train/7484.png,cat,train,3
data/raw/cifar-10/train/48074.png,bird,train,2
data/raw/cifar-10/train/20763.png,ship,train,8
data/raw/cifar-10/train/40991.png,ship,train,8
data/raw/cifar-10/train/7534.png,cat,train,3
data/raw/cifar-10/train/21302.png,horse,train,7
data/raw/cifar-10/train/3745.png,automobile,train,1
data/raw/cifar-10/train/25093.png,airplane,train,0
data/raw/cifar-10/train/25074.png,cat,train,3
data/raw/cifar-10/train/49633.png,cat,train,3
data/raw/cifar-10/train/13548.png,horse,train,7
data/raw/cifar-10/train/4033.png,deer,train,4
data/raw/cifar-10/train/25732.png,automobile,train,1
data/raw/cifar-10/train/44317.png,deer,train,4
data/raw/cifar-10/train/16106.png,deer,train,4
data/raw/cifar-10/train/40030.png,truck,train,9
data/raw/cifar-10/train/25639.png,frog,train,6
data/raw/cifar-10/train/39469.png,ship,train,8
data/raw/cifar-10/train/42724.png,frog,train,6
data/raw/cifar-10/train/3227.png,bird,train,2
data/raw/cifar-10/train/39034.png,cat,train,3
data/raw/cifar-10/train/27863.png,airplane,train,0
data/raw/cifar-10/train/45749.png,bird,train,2
data/raw/cifar-10/train/49278.png,horse,train,7
data/raw/cifar-10/train/38070.png,frog,train,6
data/raw/cifar-10/train/5727.png,deer,train,4
data/raw/cifar-10/train/48019.png,deer,train,4
data/raw/cifar-10/train/43426.png,dog,train,5
data/raw/cifar-10/train/4737.png,horse,train,7
data/raw/cifar-10/train/39714.png,truck,train,9
data/raw/cifar-10/train/8920.png,ship,train,8
data/raw/cifar-10/train/31691.png,truck,train,9
data/raw/cifar-10/train/6050.png,deer,train,4
data/raw/cifar-10/train/35955.png,deer,train,4
data/raw/cifar-10/train/11382.png,frog,train,6
data/raw/cifar-10/train/7455.png,dog,train,5
data/raw/cifar-10/train/23961.png,ship,train,8
data/raw/cifar-10/train/45901.png,frog,train,6
data/raw/cifar-10/train/36606.png,cat,train,3
data/raw/cifar-10/train/12564.png,truck,train,9
data/raw/cifar-10/train/30422.png,horse,train,7
data/raw/cifar-10/train/34080.png,bird,train,2
data/raw/cifar-10/train/35166.png,dog,train,5
data/raw/cifar-10/train/47918.png,deer,train,4
data/raw/cifar-10/train/555.png,ship,train,8
data/raw/cifar-10/train/44647.png,truck,train,9
data/raw/cifar-10/train/1089.png,dog,train,5
data/raw/cifar-10/train/44167.png,horse,train,7
data/raw/cifar-10/train/32491.png,horse,train,7
data/raw/cifar-10/train/48378.png,cat,train,3
data/raw/cifar-10/train/47899.png,horse,train,7
data/raw/cifar-10/train/16807.png,deer,train,4
data/raw/cifar-10/train/48147.png,bird,train,2
data/raw/cifar-10/train/15679.png,airplane,train,0
data/raw/cifar-10/train/48315.png,bird,train,2
data/raw/cifar-10/train/5597.png,frog,train,6
data/raw/cifar-10/train/10302.png,airplane,train,0
data/raw/cifar-10/train/9296.png,dog,train,5
data/raw/cifar-10/train/26018.png,horse,train,7
data/raw/cifar-10/train/59.png,deer,train,4
data/raw/cifar-10/train/33548.png,truck,train,9
data/raw/cifar-10/train/6470.png,bird,train,2
data/raw/cifar-10/train/27502.png,deer,train,4
data/raw/cifar-10/train/13533.png,dog,train,5
data/raw/cifar-10/train/5464.png,ship,train,8
data/raw/cifar-10/train/5272.png,truck,train,9
data/raw/cifar-10/train/28146.png,horse,train,7
data/raw/cifar-10/train/22699.png,deer,train,4
data/raw/cifar-10/train/32227.png,automobile,train,1
data/raw/cifar-10/train/26122.png,truck,train,9
data/raw/cifar-10/train/1859.png,horse,train,7
data/raw/cifar-10/train/39213.png,truck,train,9
data/raw/cifar-10/train/31658.png,automobile,train,1
data/raw/cifar-10/train/33299.png,frog,train,6
data/raw/cifar-10/train/39199.png,ship,train,8
data/raw/cifar-10/train/9834.png,frog,train,6
data/raw/cifar-10/train/13107.png,airplane,train,0
data/raw/cifar-10/train/10590.png,airplane,train,0
data/raw/cifar-10/train/47452.png,frog,train,6
data/raw/cifar-10/train/4982.png,horse,train,7
data/raw/cifar-10/train/38534.png,airplane,train,0
data/raw/cifar-10/train/42476.png,automobile,train,1
data/raw/cifar-10/train/29043.png,bird,train,2
data/raw/cifar-10/train/46742.png,automobile,train,1
data/raw/cifar-10/train/37408.png,truck,train,9
data/raw/cifar-10/train/31098.png,ship,train,8
data/raw/cifar-10/train/4613.png,truck,train,9
data/raw/cifar-10/train/10454.png,automobile,train,1
data/raw/cifar-10/train/19183.png,dog,train,5
data/raw/cifar-10/train/21683.png,dog,train,5
data/raw/cifar-10/train/35742.png,truck,train,9
data/raw/cifar-10/train/12713.png,truck,train,9
data/raw/cifar-10/train/16855.png,horse,train,7
data/raw/cifar-10/train/35732.png,airplane,train,0
data/raw/cifar-10/train/39136.png,cat,train,3
data/raw/cifar-10/train/13679.png,cat,train,3
data/raw/cifar-10/train/21352.png,cat,train,3
data/raw/cifar-10/train/7054.png,airplane,train,0
data/raw/cifar-10/train/24078.png,cat,train,3
data/raw/cifar-10/train/17688.png,truck,train,9
data/raw/cifar-10/train/1659.png,cat,train,3
data/raw/cifar-10/train/33074.png,deer,train,4
data/raw/cifar-10/train/7906.png,bird,train,2
data/raw/cifar-10/train/18452.png,airplane,train,0
data/raw/cifar-10/train/32838.png,automobile,train,1
data/raw/cifar-10/train/13478.png,bird,train,2
data/raw/cifar-10/train/15838.png,bird,train,2
data/raw/cifar-10/train/27322.png,automobile,train,1
data/raw/cifar-10/train/4192.png,ship,train,8
data/raw/cifar-10/train/32818.png,dog,train,5
data/raw/cifar-10/train/29111.png,dog,train,5
data/raw/cifar-10/train/46485.png,horse,train,7
data/raw/cifar-10/train/25240.png,ship,train,8
data/raw/cifar-10/train/5885.png,truck,train,9
data/raw/cifar-10/train/24201.png,automobile,train,1
data/raw/cifar-10/train/45336.png,bird,train,2
data/raw/cifar-10/train/24064.png,truck,train,9
data/raw/cifar-10/train/11162.png,deer,train,4
data/raw/cifar-10/train/44092.png,horse,train,7
data/raw/cifar-10/train/1201.png,horse,train,7
data/raw/cifar-10/train/6715.png,cat,train,3
data/raw/cifar-10/train/12383.png,cat,train,3
data/raw/cifar-10/train/9022.png,frog,train,6
data/raw/cifar-10/train/47393.png,bird,train,2
data/raw/cifar-10/train/44389.png,dog,train,5
data/raw/cifar-10/train/48665.png,frog,train,6
data/raw/cifar-10/train/8877.png,cat,train,3
data/raw/cifar-10/train/1073.png,dog,train,5
data/raw/cifar-10/train/8769.png,dog,train,5
data/raw/cifar-10/train/31985.png,frog,train,6
data/raw/cifar-10/train/2032.png,ship,train,8
data/raw/cifar-10/train/26310.png,frog,train,6
data/raw/cifar-10/train/31313.png,frog,train,6
data/raw/cifar-10/train/14108.png,cat,train,3
data/raw/cifar-10/train/22773.png,horse,train,7
data/raw/cifar-10/train/47523.png,horse,train,7
data/raw/cifar-10/train/14651.png,dog,train,5
data/raw/cifar-10/train/24623.png,airplane,train,0
data/raw/cifar-10/train/25156.png,frog,train,6
data/raw/cifar-10/train/9528.png,ship,train,8
data/raw/cifar-10/train/6259.png,truck,train,9
data/raw/cifar-10/train/38470.png,ship,train,8
data/raw/cifar-10/train/34569.png,airplane,train,0
data/raw/cifar-10/train/11097.png,truck,train,9
data/raw/cifar-10/train/23708.png,ship,train,8
data/raw/cifar-10/train/9827.png,ship,train,8
data/raw/cifar-10/train/23090.png,truck,train,9
data/raw/cifar-10/train/33230.png,airplane,train,0
data/raw/cifar-10/train/26245.png,cat,train,3
data/raw/cifar-10/train/16548.png,cat,train,3
data/raw/cifar-10/train/19449.png,automobile,train,1
data/raw/cifar-10/train/3025.png,airplane,train,0
data/raw/cifar-10/train/11352.png,dog,train,5
data/raw/cifar-10/train/42784.png,cat,train,3
data/raw/cifar-10/train/45174.png,truck,train,9
data/raw/cifar-10/train/34847.png,dog,train,5
data/raw/cifar-10/train/44471.png,airplane,train,0
data/raw/cifar-10/train/22228.png,automobile,train,1
data/raw/cifar-10/train/46845.png,truck,train,9
data/raw/cifar-10/train/23413.png,frog,train,6
data/raw/cifar-10/train/17752.png,frog,train,6
data/raw/cifar-10/train/1241.png,automobile,train,1
data/raw/cifar-10/train/48051.png,dog,train,5
data/raw/cifar-10/train/23616.png,truck,train,9
data/raw/cifar-10/train/29019.png,horse,train,7
data/raw/cifar-10/train/35451.png,deer,train,4
data/raw/cifar-10/train/27664.png,deer,train,4
data/raw/cifar-10/train/839.png,frog,train,6
data/raw/cifar-10/train/25910.png,automobile,train,1
data/raw/cifar-10/train/11185.png,truck,train,9
data/raw/cifar-10/train/7849.png,frog,train,6
data/raw/cifar-10/train/26793.png,bird,train,2
data/raw/cifar-10/train/30970.png,bird,train,2
data/raw/cifar-10/train/16143.png,truck,train,9
data/raw/cifar-10/train/41676.png,deer,train,4
data/raw/cifar-10/train/37870.png,airplane,train,0
data/raw/cifar-10/train/44702.png,ship,train,8
data/raw/cifar-10/train/26753.png,horse,train,7
data/raw/cifar-10/train/24440.png,horse,train,7
data/raw/cifar-10/train/34139.png,automobile,train,1
data/raw/cifar-10/train/45940.png,horse,train,7
data/raw/cifar-10/train/7194.png,horse,train,7
data/raw/cifar-10/train/13340.png,horse,train,7
data/raw/cifar-10/train/14818.png,cat,train,3
data/raw/cifar-10/train/41337.png,automobile,train,1
data/raw/cifar-10/train/40735.png,truck,train,9
data/raw/cifar-10/train/17742.png,bird,train,2
data/raw/cifar-10/train/25423.png,airplane,train,0
data/raw/cifar-10/train/19775.png,deer,train,4
data/raw/cifar-10/train/47552.png,horse,train,7
data/raw/cifar-10/train/34717.png,frog,train,6
data/raw/cifar-10/train/30620.png,truck,train,9
data/raw/cifar-10/train/38172.png,cat,train,3
data/raw/cifar-10/train/17836.png,cat,train,3
data/raw/cifar-10/train/30384.png,airplane,train,0
data/raw/cifar-10/train/42626.png,automobile,train,1
data/raw/cifar-10/train/40692.png,ship,train,8
data/raw/cifar-10/train/25680.png,horse,train,7
data/raw/cifar-10/train/38060.png,dog,train,5
data/raw/cifar-10/train/2598.png,automobile,train,1
data/raw/cifar-10/train/38659.png,automobile,train,1
data/raw/cifar-10/train/17509.png,dog,train,5
data/raw/cifar-10/train/26034.png,dog,train,5
data/raw/cifar-10/train/29089.png,automobile,train,1
data/raw/cifar-10/train/24827.png,dog,train,5
data/raw/cifar-10/train/48491.png,horse,train,7
data/raw/cifar-10/train/8711.png,cat,train,3
data/raw/cifar-10/train/49326.png,cat,train,3
data/raw/cifar-10/train/11330.png,horse,train,7
data/raw/cifar-10/train/24984.png,airplane,train,0
data/raw/cifar-10/train/22079.png,horse,train,7
data/raw/cifar-10/train/11469.png,frog,train,6
data/raw/cifar-10/train/28950.png,truck,train,9
data/raw/cifar-10/train/45988.png,deer,train,4
data/raw/cifar-10/train/36325.png,ship,train,8
data/raw/cifar-10/train/25976.png,automobile,train,1
data/raw/cifar-10/train/26324.png,cat,train,3
data/raw/cifar-10/train/33902.png,bird,train,2
data/raw/cifar-10/train/40975.png,deer,train,4
data/raw/cifar-10/train/102.png,cat,train,3
data/raw/cifar-10/train/29785.png,truck,train,9
data/raw/cifar-10/train/9145.png,bird,train,2
data/raw/cifar-10/train/7544.png,airplane,train,0
data/raw/cifar-10/train/27072.png,airplane,train,0
data/raw/cifar-10/train/48061.png,horse,train,7
data/raw/cifar-10/train/34464.png,bird,train,2
data/raw/cifar-10/train/24584.png,airplane,train,0
data/raw/cifar-10/train/43326.png,truck,train,9
data/raw/cifar-10/train/33852.png,bird,train,2
data/raw/cifar-10/train/2314.png,truck,train,9
data/raw/cifar-10/train/34476.png,truck,train,9
data/raw/cifar-10/train/6573.png,frog,train,6
data/raw/cifar-10/train/33305.png,dog,train,5
data/raw/cifar-10/train/49332.png,bird,train,2
data/raw/cifar-10/train/10409.png,ship,train,8
data/raw/cifar-10/train/23885.png,cat,train,3
data/raw/cifar-10/train/34913.png,frog,train,6
data/raw/cifar-10/train/10674.png,ship,train,8
data/raw/cifar-10/train/9446.png,dog,train,5
data/raw/cifar-10/train/2773.png,bird,train,2
data/raw/cifar-10/train/28222.png,dog,train,5
data/raw/cifar-10/train/25414.png,horse,train,7
data/raw/cifar-10/train/14210.png,automobile,train,1
data/raw/cifar-10/train/10890.png,frog,train,6
data/raw/cifar-10/train/38324.png,ship,train,8
data/raw/cifar-10/train/10887.png,horse,train,7
data/raw/cifar-10/train/13988.png,deer,train,4
data/raw/cifar-10/train/1527.png,deer,train,4
data/raw/cifar-10/train/17725.png,frog,train,6
data/raw/cifar-10/train/10446.png,ship,train,8
data/raw/cifar-10/train/32084.png,automobile,train,1
data/raw/cifar-10/train/43277.png,deer,train,4
data/raw/cifar-10/train/25050.png,bird,train,2
data/raw/cifar-10/train/12348.png,truck,train,9
data/raw/cifar-10/train/40117.png,deer,train,4
data/raw/cifar-10/train/5431.png,cat,train,3
data/raw/cifar-10/train/15165.png,ship,train,8
data/raw/cifar-10/train/9787.png,ship,train,8
data/raw/cifar-10/train/12736.png,frog,train,6
data/raw/cifar-10/train/8051.png,dog,train,5
data/raw/cifar-10/train/37643.png,ship,train,8
data/raw/cifar-10/train/7508.png,ship,train,8
data/raw/cifar-10/train/46866.png,automobile,train,1
data/raw/cifar-10/train/19193.png,horse,train,7
data/raw/cifar-10/train/12929.png,frog,train,6
data/raw/cifar-10/train/8746.png,horse,train,7
data/raw/cifar-10/train/42253.png,cat,train,3
data/raw/cifar-10/train/8138.png,deer,train,4
data/raw/cifar-10/train/30192.png,truck,train,9
data/raw/cifar-10/train/11430.png,frog,train,6
data/raw/cifar-10/train/21889.png,automobile,train,1
data/raw/cifar-10/train/17872.png,dog,train,5
data/raw/cifar-10/train/36937.png,horse,train,7
data/raw/cifar-10/train/12706.png,horse,train,7
data/raw/cifar-10/train/45173.png,horse,train,7
data/raw/cifar-10/train/22646.png,airplane,train,0
data/raw/cifar-10/train/286.png,dog,train,5
data/raw/cifar-10/train/16151.png,dog,train,5
data/raw/cifar-10/train/32568.png,ship,train,8
data/raw/cifar-10/train/30933.png,truck,train,9
data/raw/cifar-10/train/26267.png,bird,train,2
data/raw/cifar-10/train/30742.png,frog,train,6
data/raw/cifar-10/train/47157.png,truck,train,9
data/raw/cifar-10/train/21992.png,cat,train,3
data/raw/cifar-10/train/25694.png,dog,train,5
data/raw/cifar-10/train/13069.png,airplane,train,0
data/raw/cifar-10/train/37349.png,ship,train,8
data/raw/cifar-10/train/9595.png,dog,train,5
data/raw/cifar-10/train/41763.png,airplane,train,0
data/raw/cifar-10/train/13581.png,truck,train,9
data/raw/cifar-10/train/870.png,cat,train,3
data/raw/cifar-10/train/1937.png,bird,train,2
data/raw/cifar-10/train/16725.png,ship,train,8
data/raw/cifar-10/train/5512.png,truck,train,9
data/raw/cifar-10/train/473.png,truck,train,9
data/raw/cifar-10/train/18226.png,bird,train,2
data/raw/cifar-10/train/25319.png,airplane,train,0
data/raw/cifar-10/train/31258.png,frog,train,6
data/raw/cifar-10/train/29072.png,deer,train,4
data/raw/cifar-10/train/44577.png,cat,train,3
data/raw/cifar-10/train/39613.png,ship,train,8
data/raw/cifar-10/train/41460.png,bird,train,2
data/raw/cifar-10/train/36348.png,dog,train,5
data/raw/cifar-10/train/3779.png,dog,train,5
data/raw/cifar-10/train/31301.png,automobile,train,1
data/raw/cifar-10/train/26945.png,ship,train,8
data/raw/cifar-10/train/49813.png,deer,train,4
data/raw/cifar-10/train/10022.png,cat,train,3
data/raw/cifar-10/train/81.png,cat,train,3
data/raw/cifar-10/train/43291.png,automobile,train,1
data/raw/cifar-10/train/799.png,truck,train,9
data/raw/cifar-10/train/47096.png,dog,train,5
data/raw/cifar-10/train/37493.png,ship,train,8
data/raw/cifar-10/train/43999.png,airplane,train,0
data/raw/cifar-10/train/27974.png,bird,train,2
data/raw/cifar-10/train/10406.png,truck,train,9
data/raw/cifar-10/train/25469.png,truck,train,9
data/raw/cifar-10/train/17451.png,deer,train,4
data/raw/cifar-10/train/22976.png,automobile,train,1
data/raw/cifar-10/train/49638.png,truck,train,9
data/raw/cifar-10/train/32168.png,bird,train,2
data/raw/cifar-10/train/24305.png,truck,train,9
data/raw/cifar-10/train/25336.png,deer,train,4
data/raw/cifar-10/train/45332.png,dog,train,5
data/raw/cifar-10/train/36607.png,airplane,train,0
data/raw/cifar-10/train/18951.png,ship,train,8
data/raw/cifar-10/train/46375.png,cat,train,3
data/raw/cifar-10/train/37879.png,bird,train,2
data/raw/cifar-10/train/1524.png,bird,train,2
data/raw/cifar-10/train/42756.png,airplane,train,0
data/raw/cifar-10/train/41468.png,airplane,train,0
data/raw/cifar-10/train/7984.png,automobile,train,1
data/raw/cifar-10/train/38664.png,truck,train,9
data/raw/cifar-10/train/12688.png,dog,train,5
data/raw/cifar-10/train/6463.png,cat,train,3
data/raw/cifar-10/train/16557.png,dog,train,5
data/raw/cifar-10/train/25229.png,horse,train,7
data/raw/cifar-10/train/39371.png,frog,train,6
data/raw/cifar-10/train/1178.png,ship,train,8
data/raw/cifar-10/train/45929.png,cat,train,3
data/raw/cifar-10/train/42983.png,deer,train,4
data/raw/cifar-10/train/7993.png,automobile,train,1
data/raw/cifar-10/train/14151.png,horse,train,7
data/raw/cifar-10/train/668.png,frog,train,6
data/raw/cifar-10/train/49952.png,deer,train,4
data/raw/cifar-10/train/5155.png,airplane,train,0
data/raw/cifar-10/train/10413.png,bird,train,2
data/raw/cifar-10/train/29716.png,bird,train,2
data/raw/cifar-10/train/23049.png,cat,train,3
data/raw/cifar-10/train/12759.png,cat,train,3
data/raw/cifar-10/train/90.png,deer,train,4
data/raw/cifar-10/train/26216.png,bird,train,2
data/raw/cifar-10/train/1441.png,bird,train,2
data/raw/cifar-10/train/18822.png,deer,train,4
data/raw/cifar-10/train/23652.png,truck,train,9
data/raw/cifar-10/train/22908.png,airplane,train,0
data/raw/cifar-10/train/6149.png,frog,train,6
data/raw/cifar-10/train/41046.png,frog,train,6
data/raw/cifar-10/train/45722.png,deer,train,4
data/raw/cifar-10/train/45025.png,ship,train,8
data/raw/cifar-10/train/4839.png,dog,train,5
data/raw/cifar-10/train/19125.png,ship,train,8
data/raw/cifar-10/train/1619.png,dog,train,5
data/raw/cifar-10/train/32242.png,horse,train,7
data/raw/cifar-10/train/27354.png,frog,train,6
data/raw/cifar-10/train/48385.png,bird,train,2
data/raw/cifar-10/train/48258.png,airplane,train,0
data/raw/cifar-10/train/41451.png,ship,train,8
data/raw/cifar-10/train/36457.png,truck,train,9
data/raw/cifar-10/train/37496.png,airplane,train,0
data/raw/cifar-10/train/41312.png,frog,train,6
data/raw/cifar-10/train/3129.png,airplane,train,0
data/raw/cifar-10/train/36428.png,airplane,train,0
data/raw/cifar-10/train/4978.png,automobile,train,1
data/raw/cifar-10/train/33421.png,frog,train,6
data/raw/cifar-10/train/27911.png,horse,train,7
data/raw/cifar-10/train/24289.png,automobile,train,1
data/raw/cifar-10/train/27588.png,bird,train,2
data/raw/cifar-10/train/19847.png,deer,train,4
data/raw/cifar-10/train/2717.png,horse,train,7
data/raw/cifar-10/train/27870.png,dog,train,5
data/raw/cifar-10/train/49458.png,bird,train,2
data/raw/cifar-10/train/34437.png,dog,train,5
data/raw/cifar-10/train/38791.png,dog,train,5
data/raw/cifar-10/train/13798.png,frog,train,6
data/raw/cifar-10/train/39521.png,bird,train,2
data/raw/cifar-10/train/48921.png,ship,train,8
data/raw/cifar-10/train/1002.png,deer,train,4
data/raw/cifar-10/train/28021.png,cat,train,3
data/raw/cifar-10/train/15657.png,deer,train,4
data/raw/cifar-10/train/12761.png,truck,train,9
data/raw/cifar-10/train/34035.png,truck,train,9
data/raw/cifar-10/train/48722.png,bird,train,2
data/raw/cifar-10/train/12489.png,dog,train,5
data/raw/cifar-10/train/38828.png,truck,train,9
data/raw/cifar-10/train/40746.png,deer,train,4
data/raw/cifar-10/train/41737.png,automobile,train,1
data/raw/cifar-10/train/12253.png,airplane,train,0
data/raw/cifar-10/train/15465.png,bird,train,2
data/raw/cifar-10/train/35246.png,cat,train,3
data/raw/cifar-10/train/19668.png,automobile,train,1
data/raw/cifar-10/train/41000.png,horse,train,7
data/raw/cifar-10/train/8784.png,truck,train,9
data/raw/cifar-10/train/17763.png,airplane,train,0
data/raw/cifar-10/train/31152.png,automobile,train,1
data/raw/cifar-10/train/38076.png,automobile,train,1
data/raw/cifar-10/train/40236.png,frog,train,6
data/raw/cifar-10/train/13788.png,deer,train,4
data/raw/cifar-10/train/24729.png,frog,train,6
data/raw/cifar-10/train/29156.png,horse,train,7
data/raw/cifar-10/train/32107.png,bird,train,2
data/raw/cifar-10/train/38202.png,horse,train,7
data/raw/cifar-10/train/392.png,horse,train,7
data/raw/cifar-10/train/37951.png,airplane,train,0
data/raw/cifar-10/train/28669.png,frog,train,6
data/raw/cifar-10/train/9619.png,deer,train,4
data/raw/cifar-10/train/11271.png,bird,train,2
data/raw/cifar-10/train/43875.png,deer,train,4
data/raw/cifar-10/train/3238.png,truck,train,9
data/raw/cifar-10/train/9425.png,bird,train,2
data/raw/cifar-10/train/8777.png,bird,train,2
data/raw/cifar-10/train/35436.png,frog,train,6
data/raw/cifar-10/train/16134.png,automobile,train,1
data/raw/cifar-10/train/37916.png,dog,train,5
data/raw/cifar-10/train/13735.png,frog,train,6
data/raw/cifar-10/train/8850.png,airplane,train,0
data/raw/cifar-10/train/33358.png,deer,train,4
data/raw/cifar-10/train/19365.png,bird,train,2
data/raw/cifar-10/train/24612.png,cat,train,3
data/raw/cifar-10/train/43093.png,airplane,train,0
data/raw/cifar-10/train/21893.png,airplane,train,0
data/raw/cifar-10/train/30132.png,deer,train,4
data/raw/cifar-10/train/4587.png,truck,train,9
data/raw/cifar-10/train/31348.png,dog,train,5
data/raw/cifar-10/train/28544.png,truck,train,9
data/raw/cifar-10/train/27573.png,deer,train,4
data/raw/cifar-10/train/49401.png,ship,train,8
data/raw/cifar-10/train/43109.png,truck,train,9
data/raw/cifar-10/train/30416.png,airplane,train,0
data/raw/cifar-10/train/9289.png,dog,train,5
data/raw/cifar-10/train/5330.png,cat,train,3
data/raw/cifar-10/train/40625.png,cat,train,3
data/raw/cifar-10/train/35442.png,ship,train,8
data/raw/cifar-10/train/19350.png,horse,train,7
data/raw/cifar-10/train/26348.png,truck,train,9
data/raw/cifar-10/train/14153.png,deer,train,4
data/raw/cifar-10/train/49281.png,cat,train,3
data/raw/cifar-10/train/31654.png,horse,train,7
data/raw/cifar-10/train/48246.png,dog,train,5
data/raw/cifar-10/train/44499.png,airplane,train,0
data/raw/cifar-10/train/3337.png,airplane,train,0
data/raw/cifar-10/train/33856.png,horse,train,7
data/raw/cifar-10/train/19232.png,bird,train,2
data/raw/cifar-10/train/44737.png,bird,train,2
data/raw/cifar-10/train/43680.png,truck,train,9
data/raw/cifar-10/train/39122.png,airplane,train,0
data/raw/cifar-10/train/16164.png,truck,train,9
data/raw/cifar-10/train/6974.png,airplane,train,0
data/raw/cifar-10/train/17683.png,bird,train,2
data/raw/cifar-10/train/40931.png,horse,train,7
data/raw/cifar-10/train/20685.png,dog,train,5
data/raw/cifar-10/train/47319.png,deer,train,4
data/raw/cifar-10/train/44360.png,automobile,train,1
data/raw/cifar-10/train/32203.png,automobile,train,1
data/raw/cifar-10/train/32563.png,ship,train,8
data/raw/cifar-10/train/32644.png,deer,train,4
data/raw/cifar-10/train/30574.png,cat,train,3
data/raw/cifar-10/train/10296.png,horse,train,7
data/raw/cifar-10/train/7371.png,automobile,train,1
data/raw/cifar-10/train/36945.png,dog,train,5
data/raw/cifar-10/train/16565.png,airplane,train,0
data/raw/cifar-10/train/20070.png,truck,train,9
data/raw/cifar-10/train/21575.png,cat,train,3
data/raw/cifar-10/train/37942.png,bird,train,2
data/raw/cifar-10/train/24728.png,cat,train,3
data/raw/cifar-10/train/23993.png,cat,train,3
data/raw/cifar-10/train/7253.png,frog,train,6
data/raw/cifar-10/train/39710.png,airplane,train,0
data/raw/cifar-10/train/42546.png,cat,train,3
data/raw/cifar-10/train/36418.png,horse,train,7
data/raw/cifar-10/train/13553.png,cat,train,3
data/raw/cifar-10/train/34219.png,bird,train,2
data/raw/cifar-10/train/40664.png,deer,train,4
data/raw/cifar-10/train/5584.png,frog,train,6
data/raw/cifar-10/train/24267.png,frog,train,6
data/raw/cifar-10/train/49689.png,truck,train,9
data/raw/cifar-10/train/38515.png,automobile,train,1
data/raw/cifar-10/train/3320.png,ship,train,8
data/raw/cifar-10/train/34312.png,frog,train,6
data/raw/cifar-10/train/24629.png,dog,train,5
data/raw/cifar-10/train/24652.png,dog,train,5
data/raw/cifar-10/train/21602.png,horse,train,7
data/raw/cifar-10/train/21303.png,horse,train,7
data/raw/cifar-10/train/48639.png,cat,train,3
data/raw/cifar-10/train/42734.png,truck,train,9
data/raw/cifar-10/train/17026.png,frog,train,6
data/raw/cifar-10/train/19977.png,truck,train,9
data/raw/cifar-10/train/23211.png,automobile,train,1
data/raw/cifar-10/train/27014.png,cat,train,3
data/raw/cifar-10/train/33198.png,deer,train,4
data/raw/cifar-10/train/14101.png,truck,train,9
data/raw/cifar-10/train/26530.png,dog,train,5
data/raw/cifar-10/train/17196.png,cat,train,3
data/raw/cifar-10/train/26432.png,frog,train,6
data/raw/cifar-10/train/47664.png,truck,train,9
data/raw/cifar-10/train/24337.png,automobile,train,1
data/raw/cifar-10/train/48673.png,truck,train,9
data/raw/cifar-10/train/28129.png,ship,train,8
data/raw/cifar-10/train/44841.png,deer,train,4
data/raw/cifar-10/train/18529.png,horse,train,7
data/raw/cifar-10/train/10904.png,ship,train,8
data/raw/cifar-10/train/16983.png,frog,train,6
data/raw/cifar-10/train/27971.png,automobile,train,1
data/raw/cifar-10/train/12133.png,deer,train,4
data/raw/cifar-10/train/46640.png,truck,train,9
data/raw/cifar-10/train/34872.png,automobile,train,1
data/raw/cifar-10/train/7241.png,truck,train,9
data/raw/cifar-10/train/48149.png,airplane,train,0
data/raw/cifar-10/train/24303.png,dog,train,5
data/raw/cifar-10/train/48013.png,bird,train,2
data/raw/cifar-10/train/48521.png,airplane,train,0
data/raw/cifar-10/train/3107.png,frog,train,6
data/raw/cifar-10/train/8756.png,dog,train,5
data/raw/cifar-10/train/45845.png,truck,train,9
data/raw/cifar-10/train/30489.png,ship,train,8
data/raw/cifar-10/train/25669.png,airplane,train,0
data/raw/cifar-10/train/38957.png,cat,train,3
data/raw/cifar-10/train/16597.png,airplane,train,0
data/raw/cifar-10/train/30792.png,bird,train,2
data/raw/cifar-10/train/44501.png,airplane,train,0
data/raw/cifar-10/train/8188.png,horse,train,7
data/raw/cifar-10/train/42596.png,horse,train,7
data/raw/cifar-10/train/11269.png,cat,train,3
data/raw/cifar-10/train/41981.png,ship,train,8
data/raw/cifar-10/train/29273.png,horse,train,7
data/raw/cifar-10/train/44667.png,airplane,train,0
data/raw/cifar-10/train/47104.png,dog,train,5
data/raw/cifar-10/train/23574.png,ship,train,8
data/raw/cifar-10/train/21750.png,cat,train,3
data/raw/cifar-10/train/39143.png,ship,train,8
data/raw/cifar-10/train/46032.png,ship,train,8
data/raw/cifar-10/train/31624.png,bird,train,2
data/raw/cifar-10/train/3754.png,ship,train,8
data/raw/cifar-10/train/14530.png,ship,train,8
data/raw/cifar-10/train/45592.png,deer,train,4
data/raw/cifar-10/train/556.png,airplane,train,0
data/raw/cifar-10/train/46812.png,dog,train,5
data/raw/cifar-10/train/34739.png,dog,train,5
data/raw/cifar-10/train/38030.png,airplane,train,0
data/raw/cifar-10/train/9138.png,bird,train,2
data/raw/cifar-10/train/15112.png,ship,train,8
data/raw/cifar-10/train/25712.png,horse,train,7
data/raw/cifar-10/train/25175.png,bird,train,2
data/raw/cifar-10/train/13325.png,airplane,train,0
data/raw/cifar-10/train/28869.png,horse,train,7
data/raw/cifar-10/train/18496.png,automobile,train,1
data/raw/cifar-10/train/10882.png,truck,train,9
data/raw/cifar-10/train/46925.png,dog,train,5
data/raw/cifar-10/train/13087.png,airplane,train,0
data/raw/cifar-10/train/30025.png,automobile,train,1
data/raw/cifar-10/train/27276.png,cat,train,3
data/raw/cifar-10/train/29081.png,frog,train,6
data/raw/cifar-10/train/10113.png,automobile,train,1
data/raw/cifar-10/train/42984.png,deer,train,4
data/raw/cifar-10/train/10959.png,cat,train,3
data/raw/cifar-10/train/13997.png,automobile,train,1
data/raw/cifar-10/train/44839.png,dog,train,5
data/raw/cifar-10/train/37030.png,ship,train,8
data/raw/cifar-10/train/25127.png,ship,train,8
data/raw/cifar-10/train/12574.png,dog,train,5
data/raw/cifar-10/train/37139.png,truck,train,9
data/raw/cifar-10/train/27598.png,bird,train,2
data/raw/cifar-10/train/8676.png,dog,train,5
data/raw/cifar-10/train/18107.png,airplane,train,0
data/raw/cifar-10/train/42938.png,dog,train,5
data/raw/cifar-10/train/24850.png,truck,train,9
data/raw/cifar-10/train/49652.png,airplane,train,0
data/raw/cifar-10/train/42305.png,horse,train,7
data/raw/cifar-10/train/31294.png,bird,train,2
data/raw/cifar-10/train/4115.png,horse,train,7
data/raw/cifar-10/train/15739.png,automobile,train,1
data/raw/cifar-10/train/35858.png,bird,train,2
data/raw/cifar-10/train/30661.png,ship,train,8
data/raw/cifar-10/train/31991.png,horse,train,7
data/raw/cifar-10/train/15985.png,automobile,train,1
data/raw/cifar-10/train/41895.png,bird,train,2
data/raw/cifar-10/train/4168.png,frog,train,6
data/raw/cifar-10/train/45755.png,cat,train,3
data/raw/cifar-10/train/2066.png,ship,train,8
data/raw/cifar-10/train/23190.png,cat,train,3
data/raw/cifar-10/train/15640.png,bird,train,2
data/raw/cifar-10/train/17493.png,automobile,train,1
data/raw/cifar-10/train/10146.png,automobile,train,1
data/raw/cifar-10/train/20719.png,truck,train,9
data/raw/cifar-10/train/35.png,deer,train,4
data/raw/cifar-10/train/33643.png,cat,train,3
data/raw/cifar-10/train/1232.png,truck,train,9
data/raw/cifar-10/train/30391.png,frog,train,6
data/raw/cifar-10/train/33343.png,deer,train,4
data/raw/cifar-10/train/26019.png,airplane,train,0
data/raw/cifar-10/train/8903.png,dog,train,5
data/raw/cifar-10/train/41064.png,automobile,train,1
data/raw/cifar-10/train/32623.png,ship,train,8
data/raw/cifar-10/train/44073.png,truck,train,9
data/raw/cifar-10/train/15171.png,deer,train,4
data/raw/cifar-10/train/1540.png,cat,train,3
data/raw/cifar-10/train/36754.png,truck,train,9
data/raw/cifar-10/train/29661.png,dog,train,5
data/raw/cifar-10/train/2820.png,ship,train,8
data/raw/cifar-10/train/25040.png,frog,train,6
data/raw/cifar-10/train/15694.png,truck,train,9
data/raw/cifar-10/train/42731.png,ship,train,8
data/raw/cifar-10/train/42818.png,dog,train,5
data/raw/cifar-10/train/44022.png,dog,train,5
data/raw/cifar-10/train/41924.png,frog,train,6
data/raw/cifar-10/train/13704.png,horse,train,7
data/raw/cifar-10/train/43444.png,bird,train,2
data/raw/cifar-10/train/38114.png,horse,train,7
data/raw/cifar-10/train/28503.png,horse,train,7
data/raw/cifar-10/train/22809.png,bird,train,2
data/raw/cifar-10/train/40418.png,dog,train,5
data/raw/cifar-10/train/1302.png,automobile,train,1
data/raw/cifar-10/train/29919.png,truck,train,9
data/raw/cifar-10/train/7972.png,airplane,train,0
data/raw/cifar-10/train/46291.png,cat,train,3
data/raw/cifar-10/train/6749.png,horse,train,7
data/raw/cifar-10/train/9655.png,truck,train,9
data/raw/cifar-10/train/20324.png,bird,train,2
data/raw/cifar-10/train/21489.png,airplane,train,0
data/raw/cifar-10/train/33463.png,bird,train,2
data/raw/cifar-10/train/27419.png,cat,train,3
data/raw/cifar-10/train/12152.png,frog,train,6
data/raw/cifar-10/train/14595.png,airplane,train,0
data/raw/cifar-10/train/27918.png,truck,train,9
data/raw/cifar-10/train/13224.png,airplane,train,0
data/raw/cifar-10/train/4765.png,automobile,train,1
data/raw/cifar-10/train/44720.png,airplane,train,0
data/raw/cifar-10/train/5670.png,deer,train,4
data/raw/cifar-10/train/43383.png,cat,train,3
data/raw/cifar-10/train/42386.png,truck,train,9
data/raw/cifar-10/train/30971.png,deer,train,4
data/raw/cifar-10/train/37127.png,truck,train,9
data/raw/cifar-10/train/33584.png,horse,train,7
data/raw/cifar-10/train/38335.png,airplane,train,0
data/raw/cifar-10/train/49727.png,cat,train,3
data/raw/cifar-10/train/35185.png,truck,train,9
data/raw/cifar-10/train/48656.png,automobile,train,1
data/raw/cifar-10/train/27688.png,frog,train,6
data/raw/cifar-10/train/46894.png,automobile,train,1
data/raw/cifar-10/train/2957.png,truck,train,9
data/raw/cifar-10/train/26717.png,cat,train,3
data/raw/cifar-10/train/18729.png,ship,train,8
data/raw/cifar-10/train/23084.png,cat,train,3
data/raw/cifar-10/train/46260.png,automobile,train,1
data/raw/cifar-10/train/43738.png,cat,train,3
data/raw/cifar-10/train/28110.png,cat,train,3
data/raw/cifar-10/train/6770.png,automobile,train,1
data/raw/cifar-10/train/40684.png,ship,train,8
data/raw/cifar-10/train/41999.png,cat,train,3
data/raw/cifar-10/train/9315.png,airplane,train,0
data/raw/cifar-10/train/22621.png,cat,train,3
data/raw/cifar-10/train/49024.png,deer,train,4
data/raw/cifar-10/train/28867.png,airplane,train,0
data/raw/cifar-10/train/24086.png,ship,train,8
data/raw/cifar-10/train/22544.png,truck,train,9
data/raw/cifar-10/train/34389.png,frog,train,6
data/raw/cifar-10/train/42529.png,dog,train,5
data/raw/cifar-10/train/35353.png,ship,train,8
data/raw/cifar-10/train/8105.png,cat,train,3
data/raw/cifar-10/train/29945.png,airplane,train,0
data/raw/cifar-10/train/43994.png,airplane,train,0
data/raw/cifar-10/train/30081.png,truck,train,9
data/raw/cifar-10/train/46778.png,truck,train,9
data/raw/cifar-10/train/36247.png,dog,train,5
data/raw/cifar-10/train/22053.png,horse,train,7
data/raw/cifar-10/train/4676.png,truck,train,9
data/raw/cifar-10/train/10546.png,airplane,train,0
data/raw/cifar-10/train/32197.png,dog,train,5
data/raw/cifar-10/train/25740.png,truck,train,9
data/raw/cifar-10/train/28254.png,cat,train,3
data/raw/cifar-10/train/4573.png,dog,train,5
data/raw/cifar-10/train/11246.png,dog,train,5
data/raw/cifar-10/train/47672.png,frog,train,6
data/raw/cifar-10/train/18490.png,bird,train,2
data/raw/cifar-10/train/3968.png,ship,train,8
data/raw/cifar-10/train/35073.png,deer,train,4
data/raw/cifar-10/train/15920.png,deer,train,4
data/raw/cifar-10/train/18701.png,ship,train,8
data/raw/cifar-10/train/47554.png,cat,train,3
data/raw/cifar-10/train/22260.png,deer,train,4
data/raw/cifar-10/train/33540.png,automobile,train,1
data/raw/cifar-10/train/6499.png,deer,train,4
data/raw/cifar-10/train/16995.png,deer,train,4
data/raw/cifar-10/train/32352.png,ship,train,8
data/raw/cifar-10/train/28948.png,dog,train,5
data/raw/cifar-10/train/10325.png,dog,train,5
data/raw/cifar-10/train/38752.png,frog,train,6
data/raw/cifar-10/train/30203.png,frog,train,6
data/raw/cifar-10/train/2566.png,cat,train,3
data/raw/cifar-10/train/19292.png,cat,train,3
data/raw/cifar-10/train/16852.png,cat,train,3
data/raw/cifar-10/train/30564.png,frog,train,6
data/raw/cifar-10/train/45376.png,ship,train,8
data/raw/cifar-10/train/13608.png,frog,train,6
data/raw/cifar-10/train/28729.png,ship,train,8
data/raw/cifar-10/train/28018.png,airplane,train,0
data/raw/cifar-10/train/35579.png,ship,train,8
data/raw/cifar-10/train/47763.png,ship,train,8
data/raw/cifar-10/train/23872.png,ship,train,8
data/raw/cifar-10/train/1782.png,automobile,train,1
data/raw/cifar-10/train/37703.png,automobile,train,1
data/raw/cifar-10/train/49452.png,horse,train,7
data/raw/cifar-10/train/18250.png,airplane,train,0
data/raw/cifar-10/train/15146.png,cat,train,3
data/raw/cifar-10/train/44929.png,truck,train,9
data/raw/cifar-10/train/9924.png,frog,train,6
data/raw/cifar-10/train/49586.png,automobile,train,1
data/raw/cifar-10/train/10087.png,deer,train,4
data/raw/cifar-10/train/12973.png,truck,train,9
data/raw/cifar-10/train/14497.png,bird,train,2
data/raw/cifar-10/train/36604.png,dog,train,5
data/raw/cifar-10/train/4595.png,ship,train,8
data/raw/cifar-10/train/23172.png,airplane,train,0
data/raw/cifar-10/train/18355.png,automobile,train,1
data/raw/cifar-10/train/20953.png,dog,train,5
data/raw/cifar-10/train/41903.png,ship,train,8
data/raw/cifar-10/train/40471.png,ship,train,8
data/raw/cifar-10/train/49079.png,cat,train,3
data/raw/cifar-10/train/34735.png,bird,train,2
data/raw/cifar-10/train/26103.png,dog,train,5
data/raw/cifar-10/train/34220.png,bird,train,2
data/raw/cifar-10/train/18928.png,automobile,train,1
data/raw/cifar-10/train/38351.png,deer,train,4
data/raw/cifar-10/train/37613.png,dog,train,5
data/raw/cifar-10/train/45137.png,deer,train,4
data/raw/cifar-10/train/36192.png,dog,train,5
data/raw/cifar-10/train/17730.png,ship,train,8
data/raw/cifar-10/train/38285.png,horse,train,7
data/raw/cifar-10/train/26987.png,automobile,train,1
data/raw/cifar-10/train/194.png,ship,train,8
data/raw/cifar-10/train/14088.png,deer,train,4
data/raw/cifar-10/train/47818.png,horse,train,7
data/raw/cifar-10/train/14384.png,bird,train,2
data/raw/cifar-10/train/12748.png,ship,train,8
data/raw/cifar-10/train/48135.png,cat,train,3
data/raw/cifar-10/train/48610.png,cat,train,3
data/raw/cifar-10/train/35464.png,cat,train,3
data/raw/cifar-10/train/19863.png,automobile,train,1
data/raw/cifar-10/train/12238.png,cat,train,3
data/raw/cifar-10/train/18065.png,dog,train,5
data/raw/cifar-10/train/14346.png,frog,train,6
data/raw/cifar-10/train/39620.png,airplane,train,0
data/raw/cifar-10/train/39978.png,deer,train,4
data/raw/cifar-10/train/18917.png,horse,train,7
data/raw/cifar-10/train/40427.png,horse,train,7
data/raw/cifar-10/train/13086.png,cat,train,3
data/raw/cifar-10/train/42510.png,frog,train,6
data/raw/cifar-10/train/14625.png,ship,train,8
data/raw/cifar-10/train/15360.png,horse,train,7
data/raw/cifar-10/train/9009.png,cat,train,3
data/raw/cifar-10/train/10891.png,deer,train,4
data/raw/cifar-10/train/24388.png,airplane,train,0
data/raw/cifar-10/train/33862.png,ship,train,8
data/raw/cifar-10/train/33529.png,frog,train,6
data/raw/cifar-10/train/12731.png,airplane,train,0
data/raw/cifar-10/train/46053.png,frog,train,6
data/raw/cifar-10/train/8044.png,bird,train,2
data/raw/cifar-10/train/24016.png,dog,train,5
data/raw/cifar-10/train/2830.png,truck,train,9
data/raw/cifar-10/train/12454.png,deer,train,4
data/raw/cifar-10/train/19086.png,horse,train,7
data/raw/cifar-10/train/49082.png,cat,train,3
data/raw/cifar-10/train/1970.png,cat,train,3
data/raw/cifar-10/train/3430.png,cat,train,3
data/raw/cifar-10/train/9663.png,frog,train,6
data/raw/cifar-10/train/40210.png,bird,train,2
data/raw/cifar-10/train/44048.png,cat,train,3
data/raw/cifar-10/train/15471.png,cat,train,3
data/raw/cifar-10/train/2421.png,airplane,train,0
data/raw/cifar-10/train/10922.png,dog,train,5
data/raw/cifar-10/train/19852.png,ship,train,8
data/raw/cifar-10/train/45613.png,truck,train,9
data/raw/cifar-10/train/34458.png,bird,train,2
data/raw/cifar-10/train/48959.png,airplane,train,0
data/raw/cifar-10/train/42282.png,automobile,train,1
data/raw/cifar-10/train/5008.png,cat,train,3
data/raw/cifar-10/train/3762.png,deer,train,4
data/raw/cifar-10/train/28547.png,ship,train,8
data/raw/cifar-10/train/21922.png,cat,train,3
data/raw/cifar-10/train/9017.png,bird,train,2
data/raw/cifar-10/train/711.png,frog,train,6
data/raw/cifar-10/train/7184.png,airplane,train,0
data/raw/cifar-10/train/36505.png,truck,train,9
data/raw/cifar-10/train/6236.png,horse,train,7
data/raw/cifar-10/train/25498.png,horse,train,7
data/raw/cifar-10/train/37984.png,cat,train,3
data/raw/cifar-10/train/23951.png,bird,train,2
data/raw/cifar-10/train/8872.png,bird,train,2
data/raw/cifar-10/train/14811.png,deer,train,4
data/raw/cifar-10/train/27036.png,horse,train,7
data/raw/cifar-10/train/48241.png,dog,train,5
data/raw/cifar-10/train/17533.png,horse,train,7
data/raw/cifar-10/train/32252.png,airplane,train,0
data/raw/cifar-10/train/21926.png,bird,val,2
data/raw/cifar-10/train/7050.png,cat,val,3
data/raw/cifar-10/train/47365.png,automobile,val,1
data/raw/cifar-10/train/35703.png,truck,val,9
data/raw/cifar-10/train/40697.png,frog,val,6
data/raw/cifar-10/train/23934.png,automobile,val,1
data/raw/cifar-10/train/42191.png,airplane,val,0
data/raw/cifar-10/train/38504.png,dog,val,5
data/raw/cifar-10/train/32717.png,ship,val,8
data/raw/cifar-10/train/44700.png,truck,val,9
data/raw/cifar-10/train/46217.png,bird,val,2
data/raw/cifar-10/train/49820.png,cat,val,3
data/raw/cifar-10/train/31836.png,frog,val,6
data/raw/cifar-10/train/1096.png,automobile,val,1
data/raw/cifar-10/train/26907.png,cat,val,3
data/raw/cifar-10/train/25413.png,ship,val,8
data/raw/cifar-10/train/2806.png,ship,val,8
data/raw/cifar-10/train/819.png,frog,val,6
data/raw/cifar-10/train/8915.png,horse,val,7
data/raw/cifar-10/train/14693.png,horse,val,7
data/raw/cifar-10/train/19074.png,truck,val,9
data/raw/cifar-10/train/21435.png,ship,val,8
data/raw/cifar-10/train/13526.png,horse,val,7
data/raw/cifar-10/train/613.png,truck,val,9
data/raw/cifar-10/train/9243.png,truck,val,9
data/raw/cifar-10/train/49178.png,ship,val,8
data/raw/cifar-10/train/33413.png,bird,val,2
data/raw/cifar-10/train/5454.png,truck,val,9
data/raw/cifar-10/train/12567.png,horse,val,7
data/raw/cifar-10/train/33917.png,cat,val,3
data/raw/cifar-10/train/18800.png,dog,val,5
data/raw/cifar-10/train/41636.png,deer,val,4
data/raw/cifar-10/train/20997.png,bird,val,2
data/raw/cifar-10/train/26100.png,deer,val,4
data/raw/cifar-10/train/45477.png,horse,val,7
data/raw/cifar-10/train/3340.png,bird,val,2
data/raw/cifar-10/train/23485.png,horse,val,7
data/raw/cifar-10/train/8295.png,automobile,val,1
data/raw/cifar-10/train/3954.png,horse,val,7
data/raw/cifar-10/train/37881.png,dog,val,5
data/raw/cifar-10/train/26106.png,ship,val,8
data/raw/cifar-10/train/9597.png,airplane,val,0
data/raw/cifar-10/train/37406.png,horse,val,7
data/raw/cifar-10/train/26199.png,ship,val,8
data/raw/cifar-10/train/4040.png,automobile,val,1
data/raw/cifar-10/train/39141.png,cat,val,3
data/raw/cifar-10/train/16220.png,airplane,val,0
data/raw/cifar-10/train/38750.png,horse,val,7
data/raw/cifar-10/train/27635.png,horse,val,7
data/raw/cifar-10/train/8825.png,dog,val,5
data/raw/cifar-10/train/1734.png,frog,val,6
data/raw/cifar-10/train/15752.png,bird,val,2
data/raw/cifar-10/train/30455.png,bird,val,2
data/raw/cifar-10/train/29208.png,truck,val,9
data/raw/cifar-10/train/32765.png,dog,val,5
data/raw/cifar-10/train/16968.png,deer,val,4
data/raw/cifar-10/train/38436.png,horse,val,7
data/raw/cifar-10/train/44322.png,truck,val,9
data/raw/cifar-10/train/665.png,truck,val,9
data/raw/cifar-10/train/11541.png,cat,val,3
data/raw/cifar-10/train/24679.png,automobile,val,1
data/raw/cifar-10/train/684.png,truck,val,9
data/raw/cifar-10/train/29986.png,truck,val,9
data/raw/cifar-10/train/15585.png,bird,val,2
data/raw/cifar-10/train/2967.png,bird,val,2
data/raw/cifar-10/train/35850.png,bird,val,2
data/raw/cifar-10/train/20712.png,ship,val,8
data/raw/cifar-10/train/31882.png,truck,val,9
data/raw/cifar-10/train/19419.png,horse,val,7
data/raw/cifar-10/train/49922.png,airplane,val,0
data/raw/cifar-10/train/27513.png,automobile,val,1
data/raw/cifar-10/train/8310.png,frog,val,6
data/raw/cifar-10/train/41414.png,ship,val,8
data/raw/cifar-10/train/40748.png,airplane,val,0
data/raw/cifar-10/train/15277.png,ship,val,8
data/raw/cifar-10/train/25408.png,truck,val,9
data/raw/cifar-10/train/25558.png,ship,val,8
data/raw/cifar-10/train/7887.png,ship,val,8
data/raw/cifar-10/train/11154.png,dog,val,5
data/raw/cifar-10/train/6856.png,cat,val,3
data/raw/cifar-10/train/44406.png,frog,val,6
data/raw/cifar-10/train/32591.png,deer,val,4
data/raw/cifar-10/train/3120.png,bird,val,2
data/raw/cifar-10/train/35598.png,bird,val,2
data/raw/cifar-10/train/44708.png,cat,val,3
data/raw/cifar-10/train/2381.png,truck,val,9
data/raw/cifar-10/train/14751.png,dog,val,5
data/raw/cifar-10/train/47840.png,automobile,val,1
data/raw/cifar-10/train/20991.png,bird,val,2
data/raw/cifar-10/train/25708.png,dog,val,5
data/raw/cifar-10/train/31042.png,bird,val,2
data/raw/cifar-10/train/36638.png,horse,val,7
data/raw/cifar-10/train/32420.png,bird,val,2
data/raw/cifar-10/train/19247.png,cat,val,3
data/raw/cifar-10/train/14385.png,automobile,val,1
data/raw/cifar-10/train/32081.png,frog,val,6
data/raw/cifar-10/train/5726.png,cat,val,3
data/raw/cifar-10/train/14646.png,deer,val,4
data/raw/cifar-10/train/6422.png,deer,val,4
data/raw/cifar-10/train/12075.png,bird,val,2
data/raw/cifar-10/train/18149.png,cat,val,3
data/raw/cifar-10/train/37329.png,airplane,val,0
data/raw/cifar-10/train/21357.png,dog,val,5
data/raw/cifar-10/train/34460.png,airplane,val,0
data/raw/cifar-10/train/24178.png,cat,val,3
data/raw/cifar-10/train/13287.png,bird,val,2
data/raw/cifar-10/train/42194.png,bird,val,2
data/raw/cifar-10/train/26291.png,automobile,val,1
data/raw/cifar-10/train/16834.png,bird,val,2
data/raw/cifar-10/train/28902.png,truck,val,9
data/raw/cifar-10/train/15991.png,deer,val,4
data/raw/cifar-10/train/13043.png,bird,val,2
data/raw/cifar-10/train/8085.png,frog,val,6
data/raw/cifar-10/train/45626.png,cat,val,3
data/raw/cifar-10/train/5624.png,airplane,val,0
data/raw/cifar-10/train/22508.png,cat,val,3
data/raw/cifar-10/train/2777.png,horse,val,7
data/raw/cifar-10/train/40823.png,automobile,val,1
data/raw/cifar-10/train/35552.png,airplane,val,0
data/raw/cifar-10/train/24667.png,cat,val,3
data/raw/cifar-10/train/30949.png,ship,val,8
data/raw/cifar-10/train/28636.png,truck,val,9
data/raw/cifar-10/train/18318.png,dog,val,5
data/raw/cifar-10/train/31892.png,frog,val,6
data/raw/cifar-10/train/5344.png,bird,val,2
data/raw/cifar-10/train/49701.png,bird,val,2
data/raw/cifar-10/train/47567.png,automobile,val,1
data/raw/cifar-10/train/11248.png,dog,val,5
data/raw/cifar-10/train/46462.png,automobile,val,1
data/raw/cifar-10/train/38529.png,horse,val,7
data/raw/cifar-10/train/40642.png,ship,val,8
data/raw/cifar-10/train/4817.png,airplane,val,0
data/raw/cifar-10/train/13204.png,dog,val,5
data/raw/cifar-10/train/24480.png,frog,val,6
data/raw/cifar-10/train/28.png,dog,val,5
data/raw/cifar-10/train/10049.png,cat,val,3
data/raw/cifar-10/train/33171.png,bird,val,2
data/raw/cifar-10/train/37786.png,cat,val,3
data/raw/cifar-10/train/37350.png,truck,val,9
data/raw/cifar-10/train/15492.png,ship,val,8
data/raw/cifar-10/train/4761.png,cat,val,3
data/raw/cifar-10/train/9952.png,ship,val,8
data/raw/cifar-10/train/39873.png,truck,val,9
data/raw/cifar-10/train/49181.png,ship,val,8
data/raw/cifar-10/train/47097.png,frog,val,6
data/raw/cifar-10/train/34955.png,dog,val,5
data/raw/cifar-10/train/47290.png,dog,val,5
data/raw/cifar-10/train/16469.png,horse,val,7
data/raw/cifar-10/train/35570.png,bird,val,2
data/raw/cifar-10/train/46252.png,deer,val,4
data/raw/cifar-10/train/1552.png,automobile,val,1
data/raw/cifar-10/train/32612.png,ship,val,8
data/raw/cifar-10/train/37931.png,horse,val,7
data/raw/cifar-10/train/46054.png,bird,val,2
data/raw/cifar-10/train/17666.png,dog,val,5
data/raw/cifar-10/train/49367.png,cat,val,3
data/raw/cifar-10/train/22261.png,frog,val,6
data/raw/cifar-10/train/49340.png,airplane,val,0
data/raw/cifar-10/train/31094.png,horse,val,7
data/raw/cifar-10/train/41257.png,ship,val,8
data/raw/cifar-10/train/47426.png,deer,val,4
data/raw/cifar-10/train/4141.png,ship,val,8
data/raw/cifar-10/train/28515.png,truck,val,9
data/raw/cifar-10/train/13510.png,automobile,val,1
data/raw/cifar-10/train/48763.png,cat,val,3
data/raw/cifar-10/train/30073.png,dog,val,5
data/raw/cifar-10/train/32639.png,horse,val,7
data/raw/cifar-10/train/49764.png,horse,val,7
data/raw/cifar-10/train/2846.png,truck,val,9
data/raw/cifar-10/train/28642.png,bird,val,2
data/raw/cifar-10/train/49507.png,deer,val,4
data/raw/cifar-10/train/4865.png,deer,val,4
data/raw/cifar-10/train/19188.png,cat,val,3
data/raw/cifar-10/train/18929.png,dog,val,5
data/raw/cifar-10/train/4781.png,ship,val,8
data/raw/cifar-10/train/26102.png,truck,val,9
data/raw/cifar-10/train/34459.png,dog,val,5
data/raw/cifar-10/train/31387.png,ship,val,8
data/raw/cifar-10/train/22517.png,automobile,val,1
data/raw/cifar-10/train/990.png,airplane,val,0
data/raw/cifar-10/train/39085.png,truck,val,9
data/raw/cifar-10/train/22941.png,frog,val,6
data/raw/cifar-10/train/39618.png,frog,val,6
data/raw/cifar-10/train/23576.png,truck,val,9
data/raw/cifar-10/train/27182.png,deer,val,4
data/raw/cifar-10/train/24434.png,dog,val,5
data/raw/cifar-10/train/41102.png,deer,val,4
data/raw/cifar-10/train/13555.png,frog,val,6
data/raw/cifar-10/train/5861.png,automobile,val,1
data/raw/cifar-10/train/24167.png,bird,val,2
data/raw/cifar-10/train/39054.png,horse,val,7
data/raw/cifar-10/train/38526.png,ship,val,8
data/raw/cifar-10/train/645.png,automobile,val,1
data/raw/cifar-10/train/21959.png,frog,val,6
data/raw/cifar-10/train/37082.png,automobile,val,1
data/raw/cifar-10/train/35691.png,airplane,val,0
data/raw/cifar-10/train/49075.png,truck,val,9
data/raw/cifar-10/train/39876.png,airplane,val,0
data/raw/cifar-10/train/20786.png,deer,val,4
data/raw/cifar-10/train/4091.png,bird,val,2
data/raw/cifar-10/train/49498.png,airplane,val,0
data/raw/cifar-10/train/49620.png,cat,val,3
data/raw/cifar-10/train/20176.png,horse,val,7
data/raw/cifar-10/train/15592.png,dog,val,5
data/raw/cifar-10/train/31639.png,truck,val,9
data/raw/cifar-10/train/19317.png,dog,val,5
data/raw/cifar-10/train/13122.png,dog,val,5
data/raw/cifar-10/train/16003.png,airplane,val,0
data/raw/cifar-10/train/3756.png,truck,val,9
data/raw/cifar-10/train/49199.png,horse,val,7
data/raw/cifar-10/train/31091.png,bird,val,2
data/raw/cifar-10/train/36319.png,frog,val,6
data/raw/cifar-10/train/11548.png,truck,val,9
data/raw/cifar-10/train/9095.png,airplane,val,0
data/raw/cifar-10/train/22347.png,truck,val,9
data/raw/cifar-10/train/41491.png,airplane,val,0
data/raw/cifar-10/train/11908.png,ship,val,8
data/raw/cifar-10/train/40919.png,bird,val,2
data/raw/cifar-10/train/32365.png,dog,val,5
data/raw/cifar-10/train/44817.png,deer,val,4
data/raw/cifar-10/train/37812.png,bird,val,2
data/raw/cifar-10/train/32079.png,airplane,val,0
data/raw/cifar-10/train/36012.png,bird,val,2
data/raw/cifar-10/train/3280.png,horse,val,7
data/raw/cifar-10/train/3884.png,ship,val,8
data/raw/cifar-10/train/10849.png,ship,val,8
data/raw/cifar-10/train/40995.png,bird,val,2
data/raw/cifar-10/train/46817.png,horse,val,7
data/raw/cifar-10/train/34347.png,bird,val,2
data/raw/cifar-10/train/35273.png,cat,val,3
data/raw/cifar-10/train/22288.png,bird,val,2
data/raw/cifar-10/train/16755.png,cat,val,3
data/raw/cifar-10/train/6539.png,horse,val,7
data/raw/cifar-10/train/11443.png,dog,val,5
data/raw/cifar-10/train/373.png,deer,val,4
data/raw/cifar-10/train/11400.png,truck,val,9
data/raw/cifar-10/train/14472.png,truck,val,9
data/raw/cifar-10/train/25267.png,horse,val,7
data/raw/cifar-10/train/45184.png,truck,val,9
data/raw/cifar-10/train/48360.png,airplane,val,0
data/raw/cifar-10/train/11244.png,automobile,val,1
data/raw/cifar-10/train/6021.png,automobile,val,1
data/raw/cifar-10/train/43168.png,automobile,val,1
data/raw/cifar-10/train/40663.png,dog,val,5
data/raw/cifar-10/train/49568.png,ship,val,8
data/raw/cifar-10/train/18650.png,automobile,val,1
data/raw/cifar-10/train/48583.png,frog,val,6
data/raw/cifar-10/train/22297.png,truck,val,9
data/raw/cifar-10/train/19565.png,automobile,val,1
data/raw/cifar-10/train/7507.png,horse,val,7
data/raw/cifar-10/train/13498.png,airplane,val,0
data/raw/cifar-10/train/32.png,truck,val,9
data/raw/cifar-10/train/34785.png,deer,val,4
data/raw/cifar-10/train/17202.png,truck,val,9
data/raw/cifar-10/train/35531.png,automobile,val,1
data/raw/cifar-10/train/8204.png,horse,val,7
data/raw/cifar-10/train/49308.png,frog,val,6
data/raw/cifar-10/train/35733.png,frog,val,6
data/raw/cifar-10/train/42056.png,truck,val,9
data/raw/cifar-10/train/33945.png,cat,val,3
data/raw/cifar-10/train/46170.png,dog,val,5
data/raw/cifar-10/train/14049.png,automobile,val,1
data/raw/cifar-10/train/38875.png,dog,val,5
data/raw/cifar-10/train/31370.png,airplane,val,0
data/raw/cifar-10/train/30398.png,horse,val,7
data/raw/cifar-10/train/15050.png,ship,val,8
data/raw/cifar-10/train/14496.png,dog,val,5
data/raw/cifar-10/train/16035.png,bird,val,2
data/raw/cifar-10/train/47603.png,dog,val,5
data/raw/cifar-10/train/5343.png,deer,val,4
data/raw/cifar-10/train/45263.png,airplane,val,0
data/raw/cifar-10/train/27794.png,frog,val,6
data/raw/cifar-10/train/876.png,dog,val,5
data/raw/cifar-10/train/34480.png,cat,val,3
data/raw/cifar-10/train/25048.png,ship,val,8
data/raw/cifar-10/train/16677.png,ship,val,8
data/raw/cifar-10/train/24010.png,truck,val,9
data/raw/cifar-10/train/36978.png,horse,val,7
data/raw/cifar-10/train/13532.png,truck,val,9
data/raw/cifar-10/train/13597.png,frog,val,6
data/raw/cifar-10/train/28316.png,deer,val,4
data/raw/cifar-10/train/35994.png,dog,val,5
data/raw/cifar-10/train/29867.png,cat,val,3
data/raw/cifar-10/train/35639.png,bird,val,2
data/raw/cifar-10/train/23827.png,deer,val,4
data/raw/cifar-10/train/44128.png,cat,val,3
data/raw/cifar-10/train/11515.png,airplane,val,0
data/raw/cifar-10/train/24757.png,bird,val,2
data/raw/cifar-10/train/10809.png,deer,val,4
data/raw/cifar-10/train/8871.png,ship,val,8
data/raw/cifar-10/train/19182.png,automobile,val,1
data/raw/cifar-10/train/25718.png,ship,val,8
data/raw/cifar-10/train/29040.png,airplane,val,0
data/raw/cifar-10/train/44337.png,deer,val,4
data/raw/cifar-10/train/36231.png,cat,val,3
data/raw/cifar-10/train/28389.png,deer,val,4
data/raw/cifar-10/train/49293.png,deer,val,4
data/raw/cifar-10/train/10868.png,airplane,val,0
data/raw/cifar-10/train/28785.png,automobile,val,1
data/raw/cifar-10/train/7243.png,frog,val,6
data/raw/cifar-10/train/3919.png,airplane,val,0
data/raw/cifar-10/train/37595.png,bird,val,2
data/raw/cifar-10/train/18708.png,ship,val,8
data/raw/cifar-10/train/21896.png,truck,val,9
data/raw/cifar-10/train/46542.png,bird,val,2
data/raw/cifar-10/train/45208.png,dog,val,5
data/raw/cifar-10/train/38443.png,cat,val,3
data/raw/cifar-10/train/4200.png,deer,val,4
data/raw/cifar-10/train/36107.png,airplane,val,0
data/raw/cifar-10/train/49213.png,frog,val,6
data/raw/cifar-10/train/33893.png,ship,val,8
data/raw/cifar-10/train/47291.png,automobile,val,1
data/raw/cifar-10/train/11690.png,airplane,val,0
data/raw/cifar-10/train/462.png,automobile,val,1
data/raw/cifar-10/train/29642.png,airplane,val,0
data/raw/cifar-10/train/19065.png,horse,val,7
data/raw/cifar-10/train/46159.png,horse,val,7
data/raw/cifar-10/train/1397.png,deer,val,4
data/raw/cifar-10/train/36719.png,horse,val,7
data/raw/cifar-10/train/48307.png,cat,val,3
data/raw/cifar-10/train/2576.png,bird,val,2
data/raw/cifar-10/train/3144.png,truck,val,9
data/raw/cifar-10/train/4285.png,frog,val,6
data/raw/cifar-10/train/32083.png,frog,val,6
data/raw/cifar-10/train/2637.png,truck,val,9
data/raw/cifar-10/train/7592.png,frog,val,6
data/raw/cifar-10/train/47815.png,ship,val,8
data/raw/cifar-10/train/30908.png,deer,val,4
data/raw/cifar-10/train/6814.png,automobile,val,1
data/raw/cifar-10/train/30754.png,cat,val,3
data/raw/cifar-10/train/3636.png,deer,val,4
data/raw/cifar-10/train/19329.png,bird,val,2
data/raw/cifar-10/train/48286.png,cat,val,3
data/raw/cifar-10/train/17080.png,dog,val,5
data/raw/cifar-10/train/4274.png,airplane,val,0
data/raw/cifar-10/train/36290.png,airplane,val,0
data/raw/cifar-10/train/47683.png,horse,val,7
data/raw/cifar-10/train/8246.png,truck,val,9
data/raw/cifar-10/train/48759.png,cat,val,3
data/raw/cifar-10/train/28731.png,dog,val,5
data/raw/cifar-10/train/32936.png,dog,val,5
data/raw/cifar-10/train/31858.png,frog,val,6
data/raw/cifar-10/train/9629.png,horse,val,7
data/raw/cifar-10/train/1247.png,frog,val,6
data/raw/cifar-10/train/26209.png,horse,val,7
data/raw/cifar-10/train/23275.png,truck,val,9
data/raw/cifar-10/train/21541.png,automobile,val,1
data/raw/cifar-10/train/49088.png,truck,val,9
data/raw/cifar-10/train/7483.png,horse,val,7
data/raw/cifar-10/train/48460.png,ship,val,8
data/raw/cifar-10/train/8232.png,frog,val,6
data/raw/cifar-10/train/49997.png,frog,val,6
data/raw/cifar-10/train/30894.png,bird,val,2
data/raw/cifar-10/train/12072.png,automobile,val,1
data/raw/cifar-10/train/29158.png,truck,val,9
data/raw/cifar-10/train/23891.png,ship,val,8
data/raw/cifar-10/train/16339.png,automobile,val,1
data/raw/cifar-10/train/37198.png,truck,val,9
data/raw/cifar-10/train/6806.png,bird,val,2
data/raw/cifar-10/train/15042.png,frog,val,6
data/raw/cifar-10/train/23646.png,truck,val,9
data/raw/cifar-10/train/31648.png,dog,val,5
data/raw/cifar-10/train/27120.png,truck,val,9
data/raw/cifar-10/train/41061.png,cat,val,3
data/raw/cifar-10/train/16027.png,horse,val,7
data/raw/cifar-10/train/20808.png,dog,val,5
data/raw/cifar-10/train/5444.png,frog,val,6
data/raw/cifar-10/train/17662.png,cat,val,3
data/raw/cifar-10/train/8679.png,ship,val,8
data/raw/cifar-10/train/48316.png,cat,val,3
data/raw/cifar-10/train/36443.png,deer,val,4
data/raw/cifar-10/train/7651.png,frog,val,6
data/raw/cifar-10/train/31547.png,bird,val,2
data/raw/cifar-10/train/15194.png,frog,val,6
data/raw/cifar-10/train/39556.png,frog,val,6
data/raw/cifar-10/train/1067.png,dog,val,5
data/raw/cifar-10/train/40528.png,bird,val,2
data/raw/cifar-10/train/35146.png,automobile,val,1
data/raw/cifar-10/train/1242.png,truck,val,9
data/raw/cifar-10/train/36437.png,bird,val,2
data/raw/cifar-10/train/10603.png,horse,val,7
data/raw/cifar-10/train/21370.png,automobile,val,1
data/raw/cifar-10/train/21361.png,airplane,val,0
data/raw/cifar-10/train/23394.png,deer,val,4
data/raw/cifar-10/train/23864.png,airplane,val,0
data/raw/cifar-10/train/35634.png,airplane,val,0
data/raw/cifar-10/train/43299.png,frog,val,6
data/raw/cifar-10/train/10164.png,truck,val,9
data/raw/cifar-10/train/37007.png,dog,val,5
data/raw/cifar-10/train/29193.png,deer,val,4
data/raw/cifar-10/train/6559.png,bird,val,2
data/raw/cifar-10/train/6475.png,ship,val,8
data/raw/cifar-10/train/17490.png,horse,val,7
data/raw/cifar-10/train/48590.png,bird,val,2
data/raw/cifar-10/train/5285.png,ship,val,8
data/raw/cifar-10/train/35431.png,airplane,val,0
data/raw/cifar-10/train/37442.png,dog,val,5
data/raw/cifar-10/train/38307.png,dog,val,5
data/raw/cifar-10/train/47775.png,automobile,val,1
data/raw/cifar-10/train/30127.png,dog,val,5
data/raw/cifar-10/train/49007.png,airplane,val,0
data/raw/cifar-10/train/17960.png,airplane,val,0
data/raw/cifar-10/train/34796.png,frog,val,6
data/raw/cifar-10/train/48440.png,truck,val,9
data/raw/cifar-10/train/7020.png,automobile,val,1
data/raw/cifar-10/train/18477.png,deer,val,4
data/raw/cifar-10/train/43827.png,bird,val,2
data/raw/cifar-10/train/13315.png,bird,val,2
data/raw/cifar-10/train/13105.png,dog,val,5
data/raw/cifar-10/train/40338.png,frog,val,6
data/raw/cifar-10/train/4913.png,cat,val,3
data/raw/cifar-10/train/43251.png,frog,val,6
data/raw/cifar-10/train/24275.png,dog,val,5
data/raw/cifar-10/train/10598.png,dog,val,5
data/raw/cifar-10/train/22928.png,horse,val,7
data/raw/cifar-10/train/9593.png,deer,val,4
data/raw/cifar-10/train/49098.png,deer,val,4
data/raw/cifar-10/train/49574.png,bird,val,2
data/raw/cifar-10/train/12635.png,airplane,val,0
data/raw/cifar-10/train/7188.png,airplane,val,0
data/raw/cifar-10/train/47997.png,horse,val,7
data/raw/cifar-10/train/39580.png,ship,val,8
data/raw/cifar-10/train/19837.png,ship,val,8
data/raw/cifar-10/train/22287.png,airplane,val,0
data/raw/cifar-10/train/48739.png,deer,val,4
data/raw/cifar-10/train/35101.png,cat,val,3
data/raw/cifar-10/train/14992.png,ship,val,8
data/raw/cifar-10/train/46520.png,automobile,val,1
data/raw/cifar-10/train/24025.png,automobile,val,1
data/raw/cifar-10/train/18229.png,automobile,val,1
data/raw/cifar-10/train/6367.png,automobile,val,1
data/raw/cifar-10/train/40351.png,truck,val,9
data/raw/cifar-10/train/45824.png,frog,val,6
data/raw/cifar-10/train/29917.png,horse,val,7
data/raw/cifar-10/train/45100.png,automobile,val,1
data/raw/cifar-10/train/21772.png,deer,val,4
data/raw/cifar-10/train/31709.png,dog,val,5
data/raw/cifar-10/train/19231.png,frog,val,6
data/raw/cifar-10/train/35682.png,bird,val,2
data/raw/cifar-10/train/11444.png,bird,val,2
data/raw/cifar-10/train/24063.png,ship,val,8
data/raw/cifar-10/train/5580.png,horse,val,7
data/raw/cifar-10/train/3751.png,deer,val,4
data/raw/cifar-10/train/36145.png,horse,val,7
data/raw/cifar-10/train/8513.png,ship,val,8
data/raw/cifar-10/train/32170.png,deer,val,4
data/raw/cifar-10/train/2137.png,bird,val,2
data/raw/cifar-10/train/12616.png,ship,val,8
data/raw/cifar-10/train/18805.png,horse,val,7
data/raw/cifar-10/train/48162.png,dog,val,5
data/raw/cifar-10/train/37362.png,bird,val,2
data/raw/cifar-10/train/14937.png,cat,val,3
data/raw/cifar-10/train/30353.png,bird,val,2
data/raw/cifar-10/train/49084.png,cat,val,3
data/raw/cifar-10/train/37288.png,frog,val,6
data/raw/cifar-10/train/36249.png,horse,val,7
data/raw/cifar-10/train/14458.png,frog,val,6
data/raw/cifar-10/train/7987.png,horse,val,7
data/raw/cifar-10/train/43652.png,dog,val,5
data/raw/cifar-10/train/17871.png,deer,val,4
data/raw/cifar-10/train/10898.png,dog,val,5
data/raw/cifar-10/train/25380.png,bird,val,2
data/raw/cifar-10/train/23716.png,cat,val,3
data/raw/cifar-10/train/32976.png,frog,val,6
data/raw/cifar-10/train/12259.png,ship,val,8
data/raw/cifar-10/train/21848.png,truck,val,9
data/raw/cifar-10/train/36487.png,frog,val,6
data/raw/cifar-10/train/41908.png,airplane,val,0
data/raw/cifar-10/train/5434.png,automobile,val,1
data/raw/cifar-10/train/4311.png,cat,val,3
data/raw/cifar-10/train/14292.png,frog,val,6
data/raw/cifar-10/train/15861.png,cat,val,3
data/raw/cifar-10/train/28447.png,horse,val,7
data/raw/cifar-10/train/24912.png,bird,val,2
data/raw/cifar-10/train/47155.png,truck,val,9
data/raw/cifar-10/train/15932.png,airplane,val,0
data/raw/cifar-10/train/4207.png,automobile,val,1
data/raw/cifar-10/train/48818.png,dog,val,5
data/raw/cifar-10/train/22635.png,cat,val,3
data/raw/cifar-10/train/15077.png,frog,val,6
data/raw/cifar-10/train/38556.png,dog,val,5
data/raw/cifar-10/train/32879.png,truck,val,9
data/raw/cifar-10/train/6092.png,dog,val,5
data/raw/cifar-10/train/44765.png,airplane,val,0
data/raw/cifar-10/train/27266.png,dog,val,5
data/raw/cifar-10/train/8438.png,airplane,val,0
data/raw/cifar-10/train/21536.png,horse,val,7
data/raw/cifar-10/train/7974.png,ship,val,8
data/raw/cifar-10/train/18159.png,frog,val,6
data/raw/cifar-10/train/18099.png,frog,val,6
data/raw/cifar-10/train/38018.png,truck,val,9
data/raw/cifar-10/train/26666.png,cat,val,3
data/raw/cifar-10/train/12580.png,horse,val,7
data/raw/cifar-10/train/29703.png,horse,val,7
data/raw/cifar-10/train/41365.png,cat,val,3
data/raw/cifar-10/train/44944.png,cat,val,3
data/raw/cifar-10/train/3899.png,ship,val,8
data/raw/cifar-10/train/28270.png,ship,val,8
data/raw/cifar-10/train/38601.png,dog,val,5
data/raw/cifar-10/train/23150.png,ship,val,8
data/raw/cifar-10/train/47629.png,ship,val,8
data/raw/cifar-10/train/24218.png,automobile,val,1
data/raw/cifar-10/train/49220.png,airplane,val,0
data/raw/cifar-10/train/36133.png,dog,val,5
data/raw/cifar-10/train/24176.png,truck,val,9
data/raw/cifar-10/train/16931.png,ship,val,8
data/raw/cifar-10/train/22304.png,automobile,val,1
data/raw/cifar-10/train/16977.png,dog,val,5
data/raw/cifar-10/train/756.png,frog,val,6
data/raw/cifar-10/train/8294.png,frog,val,6
data/raw/cifar-10/train/40922.png,frog,val,6
data/raw/cifar-10/train/38434.png,airplane,val,0
data/raw/cifar-10/train/3328.png,automobile,val,1
data/raw/cifar-10/train/12092.png,cat,val,3
data/raw/cifar-10/train/7339.png,automobile,val,1
data/raw/cifar-10/train/49874.png,automobile,val,1
data/raw/cifar-10/train/19784.png,automobile,val,1
data/raw/cifar-10/train/24209.png,cat,val,3
data/raw/cifar-10/train/9402.png,airplane,val,0
data/raw/cifar-10/train/11274.png,frog,val,6
data/raw/cifar-10/train/44483.png,bird,val,2
data/raw/cifar-10/train/23098.png,frog,val,6
data/raw/cifar-10/train/33147.png,airplane,val,0
data/raw/cifar-10/train/8980.png,frog,val,6
data/raw/cifar-10/train/17108.png,airplane,val,0
data/raw/cifar-10/train/32631.png,cat,val,3
data/raw/cifar-10/train/46972.png,frog,val,6
data/raw/cifar-10/train/7808.png,bird,val,2
data/raw/cifar-10/train/29870.png,deer,val,4
data/raw/cifar-10/train/27535.png,deer,val,4
data/raw/cifar-10/train/15263.png,bird,val,2
data/raw/cifar-10/train/3164.png,dog,val,5
data/raw/cifar-10/train/7442.png,truck,val,9
data/raw/cifar-10/train/37297.png,automobile,val,1
data/raw/cifar-10/train/8859.png,airplane,val,0
data/raw/cifar-10/train/2708.png,airplane,val,0
data/raw/cifar-10/train/25425.png,cat,val,3
data/raw/cifar-10/train/4833.png,ship,val,8
data/raw/cifar-10/train/7019.png,automobile,val,1
data/raw/cifar-10/train/20414.png,cat,val,3
data/raw/cifar-10/train/49441.png,frog,val,6
data/raw/cifar-10/train/42680.png,frog,val,6
data/raw/cifar-10/train/6826.png,ship,val,8
data/raw/cifar-10/train/22467.png,truck,val,9
data/raw/cifar-10/train/16916.png,frog,val,6
data/raw/cifar-10/train/17656.png,cat,val,3
data/raw/cifar-10/train/47.png,automobile,val,1
data/raw/cifar-10/train/49895.png,automobile,val,1
data/raw/cifar-10/train/31.png,airplane,val,0
data/raw/cifar-10/train/46281.png,truck,val,9
data/raw/cifar-10/train/32183.png,ship,val,8
data/raw/cifar-10/train/9700.png,ship,val,8
data/raw/cifar-10/train/13382.png,truck,val,9
data/raw/cifar-10/train/35574.png,deer,val,4
data/raw/cifar-10/train/29204.png,automobile,val,1
data/raw/cifar-10/train/24717.png,ship,val,8
data/raw/cifar-10/train/5557.png,ship,val,8
data/raw/cifar-10/train/36330.png,truck,val,9
data/raw/cifar-10/train/16954.png,automobile,val,1
data/raw/cifar-10/train/17389.png,dog,val,5
data/raw/cifar-10/train/44793.png,dog,val,5
data/raw/cifar-10/train/24700.png,bird,val,2
data/raw/cifar-10/train/41127.png,truck,val,9
data/raw/cifar-10/train/4533.png,dog,val,5
data/raw/cifar-10/train/42936.png,automobile,val,1
data/raw/cifar-10/train/16186.png,dog,val,5
data/raw/cifar-10/train/20715.png,cat,val,3
data/raw/cifar-10/train/1575.png,automobile,val,1
data/raw/cifar-10/train/26738.png,automobile,val,1
data/raw/cifar-10/train/3545.png,horse,val,7
data/raw/cifar-10/train/6428.png,bird,val,2
data/raw/cifar-10/train/11103.png,horse,val,7
data/raw/cifar-10/train/15297.png,horse,val,7
data/raw/cifar-10/train/20801.png,frog,val,6
data/raw/cifar-10/train/14131.png,horse,val,7
data/raw/cifar-10/train/13247.png,dog,val,5
data/raw/cifar-10/train/25631.png,truck,val,9
data/raw/cifar-10/train/40794.png,deer,val,4
data/raw/cifar-10/train/8739.png,cat,val,3
data/raw/cifar-10/train/5072.png,truck,val,9
data/raw/cifar-10/train/38062.png,frog,val,6
data/raw/cifar-10/train/18396.png,ship,val,8
data/raw/cifar-10/train/5776.png,airplane,val,0
data/raw/cifar-10/train/1032.png,frog,val,6
data/raw/cifar-10/train/39237.png,airplane,val,0
data/raw/cifar-10/train/25392.png,airplane,val,0
data/raw/cifar-10/train/8772.png,automobile,val,1
data/raw/cifar-10/train/15283.png,horse,val,7
data/raw/cifar-10/train/25169.png,frog,val,6
data/raw/cifar-10/train/46803.png,airplane,val,0
data/raw/cifar-10/train/43538.png,horse,val,7
data/raw/cifar-10/train/35433.png,deer,val,4
data/raw/cifar-10/train/5963.png,dog,val,5
data/raw/cifar-10/train/25482.png,deer,val,4
data/raw/cifar-10/train/2832.png,frog,val,6
data/raw/cifar-10/train/26976.png,deer,val,4
data/raw/cifar-10/train/1108.png,bird,val,2
data/raw/cifar-10/train/23515.png,automobile,val,1
data/raw/cifar-10/train/3394.png,deer,val,4
data/raw/cifar-10/train/7345.png,airplane,val,0
data/raw/cifar-10/train/28892.png,cat,val,3
data/raw/cifar-10/train/48380.png,ship,val,8
data/raw/cifar-10/train/30883.png,ship,val,8
data/raw/cifar-10/train/45598.png,frog,val,6
data/raw/cifar-10/train/3976.png,horse,val,7
data/raw/cifar-10/train/13600.png,truck,val,9
data/raw/cifar-10/train/39555.png,cat,val,3
data/raw/cifar-10/train/3437.png,bird,val,2
data/raw/cifar-10/train/43037.png,horse,val,7
data/raw/cifar-10/train/19015.png,deer,val,4
data/raw/cifar-10/train/14180.png,truck,val,9
data/raw/cifar-10/train/8571.png,automobile,val,1
data/raw/cifar-10/train/8562.png,truck,val,9
data/raw/cifar-10/train/14767.png,ship,val,8
data/raw/cifar-10/train/25145.png,airplane,val,0
data/raw/cifar-10/train/45062.png,horse,val,7
data/raw/cifar-10/train/46805.png,frog,val,6
data/raw/cifar-10/train/28756.png,deer,val,4
data/raw/cifar-10/train/30833.png,deer,val,4
data/raw/cifar-10/train/9805.png,dog,val,5
data/raw/cifar-10/train/42845.png,airplane,val,0
data/raw/cifar-10/train/3126.png,cat,val,3
data/raw/cifar-10/train/3359.png,horse,val,7
data/raw/cifar-10/train/10469.png,cat,val,3
data/raw/cifar-10/train/46523.png,bird,val,2
data/raw/cifar-10/train/2992.png,truck,val,9
data/raw/cifar-10/train/44543.png,bird,val,2
data/raw/cifar-10/train/44415.png,ship,val,8
data/raw/cifar-10/train/47496.png,automobile,val,1
data/raw/cifar-10/train/40464.png,bird,val,2
data/raw/cifar-10/train/23336.png,dog,val,5
data/raw/cifar-10/train/46641.png,horse,val,7
data/raw/cifar-10/train/38805.png,automobile,val,1
data/raw/cifar-10/train/22652.png,truck,val,9
data/raw/cifar-10/train/28519.png,bird,val,2
data/raw/cifar-10/train/41441.png,ship,val,8
data/raw/cifar-10/train/18045.png,deer,val,4
data/raw/cifar-10/train/19705.png,deer,val,4
data/raw/cifar-10/train/37059.png,truck,val,9
data/raw/cifar-10/train/1720.png,dog,val,5
data/raw/cifar-10/train/12640.png,cat,val,3
data/raw/cifar-10/train/17618.png,ship,val,8
data/raw/cifar-10/train/21065.png,airplane,val,0
data/raw/cifar-10/train/33918.png,cat,val,3
data/raw/cifar-10/train/27147.png,truck,val,9
data/raw/cifar-10/train/35167.png,dog,val,5
data/raw/cifar-10/train/6520.png,dog,val,5
data/raw/cifar-10/train/43367.png,dog,val,5
data/raw/cifar-10/train/42427.png,horse,val,7
data/raw/cifar-10/train/31292.png,truck,val,9
data/raw/cifar-10/train/8837.png,dog,val,5
data/raw/cifar-10/train/6985.png,truck,val,9
data/raw/cifar-10/train/22837.png,frog,val,6
data/raw/cifar-10/train/19901.png,dog,val,5
data/raw/cifar-10/train/1710.png,airplane,val,0
data/raw/cifar-10/train/8588.png,truck,val,9
data/raw/cifar-10/train/47865.png,horse,val,7
data/raw/cifar-10/train/13089.png,automobile,val,1
data/raw/cifar-10/train/31165.png,airplane,val,0
data/raw/cifar-10/train/10.png,cat,val,3
data/raw/cifar-10/train/41607.png,airplane,val,0
data/raw/cifar-10/train/20217.png,bird,val,2
data/raw/cifar-10/train/17565.png,horse,val,7
data/raw/cifar-10/train/7843.png,airplane,val,0
data/raw/cifar-10/train/1341.png,airplane,val,0
data/raw/cifar-10/train/33448.png,airplane,val,0
data/raw/cifar-10/train/1022.png,automobile,val,1
data/raw/cifar-10/train/45575.png,automobile,val,1
data/raw/cifar-10/train/19402.png,dog,val,5
data/raw/cifar-10/train/22993.png,ship,val,8
data/raw/cifar-10/train/34674.png,automobile,val,1
data/raw/cifar-10/train/6986.png,deer,val,4
data/raw/cifar-10/train/38631.png,automobile,val,1
data/raw/cifar-10/train/32614.png,airplane,val,0
data/raw/cifar-10/train/14710.png,cat,val,3
data/raw/cifar-10/train/12524.png,automobile,val,1
data/raw/cifar-10/train/33626.png,automobile,val,1
data/raw/cifar-10/train/49099.png,deer,val,4
data/raw/cifar-10/train/49203.png,horse,val,7
data/raw/cifar-10/train/23922.png,automobile,val,1
data/raw/cifar-10/train/551.png,cat,val,3
data/raw/cifar-10/train/5520.png,truck,val,9
data/raw/cifar-10/train/43415.png,frog,val,6
data/raw/cifar-10/train/28115.png,bird,val,2
data/raw/cifar-10/train/28930.png,ship,val,8
data/raw/cifar-10/train/8583.png,deer,val,4
data/raw/cifar-10/train/15087.png,airplane,val,0
data/raw/cifar-10/train/38823.png,automobile,val,1
data/raw/cifar-10/train/17825.png,ship,val,8
data/raw/cifar-10/train/23518.png,frog,val,6
data/raw/cifar-10/train/11247.png,frog,val,6
data/raw/cifar-10/train/22236.png,dog,val,5
data/raw/cifar-10/train/36374.png,frog,val,6
data/raw/cifar-10/train/518.png,cat,val,3
data/raw/cifar-10/train/39629.png,airplane,val,0
data/raw/cifar-10/train/49929.png,frog,val,6
data/raw/cifar-10/train/8215.png,ship,val,8
data/raw/cifar-10/train/40406.png,dog,val,5
data/raw/cifar-10/train/29296.png,airplane,val,0
data/raw/cifar-10/train/32360.png,frog,val,6
data/raw/cifar-10/train/5460.png,automobile,val,1
data/raw/cifar-10/train/41656.png,horse,val,7
data/raw/cifar-10/train/36447.png,airplane,val,0
data/raw/cifar-10/train/842.png,automobile,val,1
data/raw/cifar-10/train/7148.png,automobile,val,1
data/raw/cifar-10/train/8359.png,ship,val,8
data/raw/cifar-10/train/43484.png,airplane,val,0
data/raw/cifar-10/train/5477.png,truck,val,9
data/raw/cifar-10/train/43186.png,horse,val,7
data/raw/cifar-10/train/11342.png,dog,val,5
data/raw/cifar-10/train/21836.png,cat,val,3
data/raw/cifar-10/train/8815.png,horse,val,7
data/raw/cifar-10/train/38084.png,airplane,val,0
data/raw/cifar-10/train/19813.png,airplane,val,0
data/raw/cifar-10/train/4907.png,airplane,val,0
data/raw/cifar-10/train/3161.png,ship,val,8
data/raw/cifar-10/train/11913.png,airplane,val,0
data/raw/cifar-10/train/10954.png,automobile,val,1
data/raw/cifar-10/train/38260.png,deer,val,4
data/raw/cifar-10/train/49292.png,ship,val,8
data/raw/cifar-10/train/49721.png,dog,val,5
data/raw/cifar-10/train/23838.png,automobile,val,1
data/raw/cifar-10/train/2206.png,bird,val,2
data/raw/cifar-10/train/2921.png,truck,val,9
data/raw/cifar-10/train/20196.png,automobile,val,1
data/raw/cifar-10/train/37714.png,bird,val,2
data/raw/cifar-10/train/11788.png,automobile,val,1
data/raw/cifar-10/train/34138.png,ship,val,8
data/raw/cifar-10/train/19851.png,horse,val,7
data/raw/cifar-10/train/12730.png,truck,val,9
data/raw/cifar-10/train/38960.png,frog,val,6
data/raw/cifar-10/train/9061.png,cat,val,3
data/raw/cifar-10/train/15248.png,cat,val,3
data/raw/cifar-10/train/18838.png,bird,val,2
data/raw/cifar-10/train/27066.png,dog,val,5
data/raw/cifar-10/train/1798.png,ship,val,8
data/raw/cifar-10/train/9913.png,cat,val,3
data/raw/cifar-10/train/18225.png,frog,val,6
data/raw/cifar-10/train/44767.png,bird,val,2
data/raw/cifar-10/train/40440.png,horse,val,7
data/raw/cifar-10/train/27805.png,dog,val,5
data/raw/cifar-10/train/8475.png,frog,val,6
data/raw/cifar-10/train/29689.png,horse,val,7
data/raw/cifar-10/train/29377.png,deer,val,4
data/raw/cifar-10/train/17123.png,bird,val,2
data/raw/cifar-10/train/26068.png,horse,val,7
data/raw/cifar-10/train/12335.png,deer,val,4
data/raw/cifar-10/train/44719.png,horse,val,7
data/raw/cifar-10/train/30584.png,frog,val,6
data/raw/cifar-10/train/10204.png,frog,val,6
data/raw/cifar-10/train/13512.png,frog,val,6
data/raw/cifar-10/train/47694.png,airplane,val,0
data/raw/cifar-10/train/43085.png,cat,val,3
data/raw/cifar-10/train/9699.png,dog,val,5
data/raw/cifar-10/train/15095.png,bird,val,2
data/raw/cifar-10/train/20021.png,dog,val,5
data/raw/cifar-10/train/14873.png,ship,val,8
data/raw/cifar-10/train/25909.png,ship,val,8
data/raw/cifar-10/train/25937.png,truck,val,9
data/raw/cifar-10/train/11594.png,ship,val,8
data/raw/cifar-10/train/33199.png,automobile,val,1
data/raw/cifar-10/train/36917.png,deer,val,4
data/raw/cifar-10/train/12719.png,truck,val,9
data/raw/cifar-10/train/972.png,ship,val,8
data/raw/cifar-10/train/39545.png,frog,val,6
data/raw/cifar-10/train/21351.png,truck,val,9
data/raw/cifar-10/train/6339.png,dog,val,5
data/raw/cifar-10/train/15851.png,horse,val,7
data/raw/cifar-10/train/44405.png,truck,val,9
data/raw/cifar-10/train/8662.png,airplane,val,0
data/raw/cifar-10/train/14677.png,automobile,val,1
data/raw/cifar-10/train/12637.png,deer,val,4
data/raw/cifar-10/train/42643.png,dog,val,5
data/raw/cifar-10/train/23218.png,bird,val,2
data/raw/cifar-10/train/5492.png,deer,val,4
data/raw/cifar-10/train/13052.png,airplane,val,0
data/raw/cifar-10/train/4562.png,deer,val,4
data/raw/cifar-10/train/45341.png,deer,val,4
data/raw/cifar-10/train/13801.png,airplane,val,0
data/raw/cifar-10/train/47635.png,frog,val,6
data/raw/cifar-10/train/19229.png,frog,val,6
data/raw/cifar-10/train/16247.png,ship,val,8
data/raw/cifar-10/train/29937.png,cat,val,3
data/raw/cifar-10/train/1258.png,cat,val,3
data/raw/cifar-10/train/3531.png,frog,val,6
data/raw/cifar-10/train/39631.png,frog,val,6
data/raw/cifar-10/train/2328.png,deer,val,4
data/raw/cifar-10/train/29875.png,automobile,val,1
data/raw/cifar-10/train/44059.png,truck,val,9
data/raw/cifar-10/train/44231.png,bird,val,2
data/raw/cifar-10/train/35553.png,dog,val,5
data/raw/cifar-10/train/8406.png,deer,val,4
data/raw/cifar-10/train/33032.png,cat,val,3
data/raw/cifar-10/train/28234.png,truck,val,9
data/raw/cifar-10/train/1566.png,automobile,val,1
data/raw/cifar-10/train/37458.png,frog,val,6
data/raw/cifar-10/train/31135.png,cat,val,3
data/raw/cifar-10/train/18493.png,ship,val,8
data/raw/cifar-10/train/4291.png,deer,val,4
data/raw/cifar-10/train/22269.png,ship,val,8
data/raw/cifar-10/train/10456.png,airplane,val,0
data/raw/cifar-10/train/20517.png,truck,val,9
data/raw/cifar-10/train/14716.png,bird,val,2
data/raw/cifar-10/train/5097.png,bird,val,2
data/raw/cifar-10/train/13819.png,horse,val,7
data/raw/cifar-10/train/7059.png,deer,val,4
data/raw/cifar-10/train/38417.png,ship,val,8
data/raw/cifar-10/train/28702.png,truck,val,9
data/raw/cifar-10/train/33722.png,cat,val,3
data/raw/cifar-10/train/25314.png,deer,val,4
data/raw/cifar-10/train/17431.png,cat,val,3
data/raw/cifar-10/train/11677.png,ship,val,8
data/raw/cifar-10/train/33608.png,cat,val,3
data/raw/cifar-10/train/26063.png,deer,val,4
data/raw/cifar-10/train/14848.png,truck,val,9
data/raw/cifar-10/train/25359.png,frog,val,6
data/raw/cifar-10/train/212.png,horse,val,7
data/raw/cifar-10/train/32877.png,ship,val,8
data/raw/cifar-10/train/47202.png,airplane,val,0
data/raw/cifar-10/train/25111.png,airplane,val,0
data/raw/cifar-10/train/22282.png,bird,val,2
data/raw/cifar-10/train/34463.png,ship,val,8
data/raw/cifar-10/train/16446.png,deer,val,4
data/raw/cifar-10/train/14519.png,automobile,val,1
data/raw/cifar-10/train/3613.png,deer,val,4
data/raw/cifar-10/train/24861.png,ship,val,8
data/raw/cifar-10/train/27092.png,bird,val,2
data/raw/cifar-10/train/5661.png,bird,val,2
data/raw/cifar-10/train/42197.png,frog,val,6
data/raw/cifar-10/train/16153.png,truck,val,9
data/raw/cifar-10/train/39079.png,horse,val,7
data/raw/cifar-10/train/42829.png,dog,val,5
data/raw/cifar-10/train/42690.png,truck,val,9
data/raw/cifar-10/train/36642.png,automobile,val,1
data/raw/cifar-10/train/36666.png,deer,val,4
data/raw/cifar-10/train/33551.png,bird,val,2
data/raw/cifar-10/train/2923.png,deer,val,4
data/raw/cifar-10/train/48817.png,truck,val,9
data/raw/cifar-10/train/40375.png,horse,val,7
data/raw/cifar-10/train/39172.png,cat,val,3
data/raw/cifar-10/train/17596.png,dog,val,5
data/raw/cifar-10/train/8484.png,ship,val,8
data/raw/cifar-10/train/49766.png,horse,val,7
data/raw/cifar-10/train/21058.png,bird,val,2
data/raw/cifar-10/train/31308.png,bird,val,2
data/raw/cifar-10/train/17086.png,bird,val,2
data/raw/cifar-10/train/4825.png,frog,val,6
data/raw/cifar-10/train/7390.png,cat,val,3
data/raw/cifar-10/train/11447.png,horse,val,7
data/raw/cifar-10/train/36739.png,cat,val,3
data/raw/cifar-10/train/25805.png,horse,val,7
data/raw/cifar-10/train/36569.png,automobile,val,1
data/raw/cifar-10/train/2003.png,truck,val,9
data/raw/cifar-10/train/12033.png,cat,val,3
data/raw/cifar-10/train/16625.png,airplane,val,0
data/raw/cifar-10/train/28429.png,airplane,val,0
data/raw/cifar-10/train/33189.png,automobile,val,1
data/raw/cifar-10/train/19646.png,frog,val,6
data/raw/cifar-10/train/47789.png,cat,val,3
data/raw/cifar-10/train/43518.png,deer,val,4
data/raw/cifar-10/train/22491.png,automobile,val,1
data/raw/cifar-10/train/13602.png,cat,val,3
data/raw/cifar-10/train/32454.png,automobile,val,1
data/raw/cifar-10/train/43208.png,automobile,val,1
data/raw/cifar-10/train/2393.png,horse,val,7
data/raw/cifar-10/train/49694.png,bird,val,2
data/raw/cifar-10/train/44121.png,cat,val,3
data/raw/cifar-10/train/15896.png,bird,val,2
data/raw/cifar-10/train/10324.png,airplane,val,0
data/raw/cifar-10/train/5281.png,ship,val,8
data/raw/cifar-10/train/14455.png,cat,val,3
data/raw/cifar-10/train/5987.png,ship,val,8
data/raw/cifar-10/train/13625.png,dog,val,5
data/raw/cifar-10/train/41117.png,cat,val,3
data/raw/cifar-10/train/38884.png,bird,val,2
data/raw/cifar-10/train/39540.png,dog,val,5
data/raw/cifar-10/train/43223.png,deer,val,4
data/raw/cifar-10/train/29557.png,ship,val,8
data/raw/cifar-10/train/20432.png,cat,val,3
data/raw/cifar-10/train/10685.png,horse,val,7
data/raw/cifar-10/train/4990.png,deer,val,4
data/raw/cifar-10/train/31620.png,automobile,val,1
data/raw/cifar-10/train/42141.png,truck,val,9
data/raw/cifar-10/train/49706.png,automobile,val,1
data/raw/cifar-10/train/2430.png,airplane,val,0
data/raw/cifar-10/train/15284.png,horse,val,7
data/raw/cifar-10/train/5002.png,horse,val,7
data/raw/cifar-10/train/7412.png,cat,val,3
data/raw/cifar-10/train/6748.png,frog,val,6
data/raw/cifar-10/train/2668.png,truck,val,9
data/raw/cifar-10/train/17998.png,horse,val,7
data/raw/cifar-10/train/31224.png,bird,val,2
data/raw/cifar-10/train/35585.png,horse,val,7
data/raw/cifar-10/train/39926.png,bird,val,2
data/raw/cifar-10/train/29954.png,automobile,val,1
data/raw/cifar-10/train/34289.png,frog,val,6
data/raw/cifar-10/train/43639.png,automobile,val,1
data/raw/cifar-10/train/44100.png,frog,val,6
data/raw/cifar-10/train/562.png,automobile,val,1
data/raw/cifar-10/train/44489.png,automobile,val,1
data/raw/cifar-10/train/2592.png,deer,val,4
data/raw/cifar-10/train/8366.png,airplane,val,0
data/raw/cifar-10/train/35581.png,dog,val,5
data/raw/cifar-10/train/29733.png,airplane,val,0
data/raw/cifar-10/train/44255.png,deer,val,4
data/raw/cifar-10/train/1092.png,dog,val,5
data/raw/cifar-10/train/43397.png,horse,val,7
data/raw/cifar-10/train/3994.png,dog,val,5
data/raw/cifar-10/train/33864.png,deer,val,4
data/raw/cifar-10/train/19548.png,ship,val,8
data/raw/cifar-10/train/28573.png,truck,val,9
data/raw/cifar-10/train/29823.png,automobile,val,1
data/raw/cifar-10/train/20829.png,deer,val,4
data/raw/cifar-10/train/48332.png,cat,val,3
data/raw/cifar-10/train/20348.png,horse,val,7
data/raw/cifar-10/train/28918.png,airplane,val,0
data/raw/cifar-10/train/27254.png,bird,val,2
data/raw/cifar-10/train/41678.png,airplane,val,0
data/raw/cifar-10/train/25958.png,horse,val,7
data/raw/cifar-10/train/8404.png,deer,val,4
data/raw/cifar-10/train/29167.png,horse,val,7
data/raw/cifar-10/train/580.png,truck,val,9
data/raw/cifar-10/train/19422.png,frog,val,6
data/raw/cifar-10/train/18565.png,bird,val,2
data/raw/cifar-10/train/30136.png,automobile,val,1
data/raw/cifar-10/train/39794.png,airplane,val,0
data/raw/cifar-10/train/46312.png,frog,val,6
data/raw/cifar-10/train/46546.png,frog,val,6
data/raw/cifar-10/train/34748.png,bird,val,2
data/raw/cifar-10/train/519.png,ship,val,8
data/raw/cifar-10/train/37331.png,airplane,val,0
data/raw/cifar-10/train/37779.png,deer,val,4
data/raw/cifar-10/train/35175.png,automobile,val,1
data/raw/cifar-10/train/13902.png,bird,val,2
data/raw/cifar-10/train/12988.png,dog,val,5
data/raw/cifar-10/train/17911.png,horse,val,7
data/raw/cifar-10/train/10912.png,airplane,val,0
data/raw/cifar-10/train/13539.png,truck,val,9
data/raw/cifar-10/train/4161.png,dog,val,5
data/raw/cifar-10/train/24739.png,truck,val,9
data/raw/cifar-10/train/24445.png,ship,val,8
data/raw/cifar-10/train/30753.png,automobile,val,1
data/raw/cifar-10/train/4004.png,ship,val,8
data/raw/cifar-10/train/40397.png,frog,val,6
data/raw/cifar-10/train/23180.png,deer,val,4
data/raw/cifar-10/train/18505.png,horse,val,7
data/raw/cifar-10/train/39883.png,bird,val,2
data/raw/cifar-10/train/27747.png,bird,val,2
data/raw/cifar-10/train/39934.png,automobile,val,1
data/raw/cifar-10/train/46200.png,ship,val,8
data/raw/cifar-10/train/5853.png,airplane,val,0
data/raw/cifar-10/train/9078.png,airplane,val,0
data/raw/cifar-10/train/25986.png,frog,val,6
data/raw/cifar-10/train/27258.png,dog,val,5
data/raw/cifar-10/train/7004.png,frog,val,6
data/raw/cifar-10/train/11782.png,horse,val,7
data/raw/cifar-10/train/4733.png,bird,val,2
data/raw/cifar-10/train/12203.png,dog,val,5
data/raw/cifar-10/train/19363.png,dog,val,5
data/raw/cifar-10/train/17980.png,horse,val,7
data/raw/cifar-10/train/25861.png,deer,val,4
data/raw/cifar-10/train/24380.png,bird,val,2
data/raw/cifar-10/train/24371.png,horse,val,7
data/raw/cifar-10/train/20952.png,automobile,val,1
data/raw/cifar-10/train/34462.png,cat,val,3
data/raw/cifar-10/train/19754.png,airplane,val,0
data/raw/cifar-10/train/3439.png,airplane,val,0
data/raw/cifar-10/train/27966.png,truck,val,9
data/raw/cifar-10/train/41276.png,frog,val,6
data/raw/cifar-10/train/32243.png,truck,val,9
data/raw/cifar-10/train/38052.png,airplane,val,0
data/raw/cifar-10/train/9574.png,truck,val,9
data/raw/cifar-10/train/33797.png,deer,val,4
data/raw/cifar-10/train/33695.png,airplane,val,0
data/raw/cifar-10/train/29685.png,cat,val,3
data/raw/cifar-10/train/22537.png,deer,val,4
data/raw/cifar-10/train/48009.png,deer,val,4
data/raw/cifar-10/train/48888.png,truck,val,9
data/raw/cifar-10/train/34986.png,bird,val,2
data/raw/cifar-10/train/41025.png,bird,val,2
data/raw/cifar-10/train/4158.png,horse,val,7
data/raw/cifar-10/train/4052.png,ship,val,8
data/raw/cifar-10/train/8665.png,horse,val,7
data/raw/cifar-10/train/15256.png,airplane,val,0
data/raw/cifar-10/train/5154.png,ship,val,8
data/raw/cifar-10/train/8861.png,deer,val,4
data/raw/cifar-10/train/24944.png,airplane,val,0
data/raw/cifar-10/train/31146.png,dog,val,5
data/raw/cifar-10/train/14033.png,cat,val,3
data/raw/cifar-10/train/33796.png,dog,val,5
data/raw/cifar-10/train/19133.png,ship,val,8
data/raw/cifar-10/train/24653.png,cat,val,3
data/raw/cifar-10/train/48228.png,ship,val,8
data/raw/cifar-10/train/586.png,ship,val,8
data/raw/cifar-10/train/30900.png,truck,val,9
data/raw/cifar-10/train/8921.png,automobile,val,1
data/raw/cifar-10/train/5352.png,truck,val,9
data/raw/cifar-10/train/5471.png,airplane,val,0
data/raw/cifar-10/train/5844.png,airplane,val,0
data/raw/cifar-10/train/15881.png,ship,val,8
data/raw/cifar-10/train/9598.png,bird,test,2
data/raw/cifar-10/train/24089.png,horse,test,7
data/raw/cifar-10/train/20747.png,automobile,test,1
data/raw/cifar-10/train/18667.png,truck,test,9
data/raw/cifar-10/train/17575.png,frog,test,6
data/raw/cifar-10/train/7441.png,ship,test,8
data/raw/cifar-10/train/22256.png,ship,test,8
data/raw/cifar-10/train/15996.png,bird,test,2
data/raw/cifar-10/train/45347.png,bird,test,2
data/raw/cifar-10/train/7605.png,horse,test,7
data/raw/cifar-10/train/5262.png,automobile,test,1
data/raw/cifar-10/train/40430.png,ship,test,8
data/raw/cifar-10/train/46997.png,horse,test,7
data/raw/cifar-10/train/17098.png,truck,test,9
data/raw/cifar-10/train/26093.png,airplane,test,0
data/raw/cifar-10/train/26086.png,frog,test,6
data/raw/cifar-10/train/12619.png,cat,test,3
data/raw/cifar-10/train/43339.png,dog,test,5
data/raw/cifar-10/train/48220.png,horse,test,7
data/raw/cifar-10/train/3723.png,truck,test,9
data/raw/cifar-10/train/10210.png,cat,test,3
data/raw/cifar-10/train/43774.png,cat,test,3
data/raw/cifar-10/train/9884.png,ship,test,8
data/raw/cifar-10/train/18227.png,truck,test,9
data/raw/cifar-10/train/28164.png,automobile,test,1
data/raw/cifar-10/train/20896.png,automobile,test,1
data/raw/cifar-10/train/40656.png,automobile,test,1
data/raw/cifar-10/train/6317.png,ship,test,8
data/raw/cifar-10/train/21798.png,dog,test,5
data/raw/cifar-10/train/34019.png,airplane,test,0
data/raw/cifar-10/train/12479.png,deer,test,4
data/raw/cifar-10/train/9143.png,frog,test,6
data/raw/cifar-10/train/4191.png,frog,test,6
data/raw/cifar-10/train/3011.png,frog,test,6
data/raw/cifar-10/train/7228.png,dog,test,5
data/raw/cifar-10/train/39662.png,bird,test,2
data/raw/cifar-10/train/1803.png,frog,test,6
data/raw/cifar-10/train/2498.png,truck,test,9
data/raw/cifar-10/train/39709.png,horse,test,7
data/raw/cifar-10/train/23624.png,dog,test,5
data/raw/cifar-10/train/40331.png,horse,test,7
data/raw/cifar-10/train/12756.png,automobile,test,1
data/raw/cifar-10/train/27556.png,bird,test,2
data/raw/cifar-10/train/94.png,airplane,test,0
data/raw/cifar-10/train/19915.png,bird,test,2
data/raw/cifar-10/train/46142.png,cat,test,3
data/raw/cifar-10/train/19835.png,frog,test,6
data/raw/cifar-10/train/16662.png,cat,test,3
data/raw/cifar-10/train/30379.png,airplane,test,0
data/raw/cifar-10/train/5857.png,cat,test,3
data/raw/cifar-10/train/36877.png,ship,test,8
data/raw/cifar-10/train/23376.png,frog,test,6
data/raw/cifar-10/train/29316.png,automobile,test,1
data/raw/cifar-10/train/31413.png,airplane,test,0
data/raw/cifar-10/train/37122.png,bird,test,2
data/raw/cifar-10/train/27017.png,dog,test,5
data/raw/cifar-10/train/28598.png,cat,test,3
data/raw/cifar-10/train/6896.png,automobile,test,1
data/raw/cifar-10/train/18253.png,truck,test,9
data/raw/cifar-10/train/7850.png,horse,test,7
data/raw/cifar-10/train/12351.png,automobile,test,1
data/raw/cifar-10/train/9077.png,ship,test,8
data/raw/cifar-10/train/4622.png,airplane,test,0
data/raw/cifar-10/train/9283.png,ship,test,8
data/raw/cifar-10/train/48696.png,horse,test,7
data/raw/cifar-10/train/11111.png,frog,test,6
data/raw/cifar-10/train/2415.png,cat,test,3
data/raw/cifar-10/train/19409.png,horse,test,7
data/raw/cifar-10/train/17266.png,dog,test,5
data/raw/cifar-10/train/9786.png,frog,test,6
data/raw/cifar-10/train/46111.png,cat,test,3
data/raw/cifar-10/train/5436.png,frog,test,6
data/raw/cifar-10/train/25203.png,dog,test,5
data/raw/cifar-10/train/32648.png,automobile,test,1
data/raw/cifar-10/train/18436.png,horse,test,7
data/raw/cifar-10/train/35594.png,ship,test,8
data/raw/cifar-10/train/29254.png,frog,test,6
data/raw/cifar-10/train/45759.png,horse,test,7
data/raw/cifar-10/train/25324.png,automobile,test,1
data/raw/cifar-10/train/23550.png,frog,test,6
data/raw/cifar-10/train/39565.png,truck,test,9
data/raw/cifar-10/train/42740.png,truck,test,9
data/raw/cifar-10/train/49991.png,deer,test,4
data/raw/cifar-10/train/28946.png,horse,test,7
data/raw/cifar-10/train/27243.png,horse,test,7
data/raw/cifar-10/train/48926.png,frog,test,6
data/raw/cifar-10/train/44986.png,frog,test,6
data/raw/cifar-10/train/44152.png,horse,test,7
data/raw/cifar-10/train/1556.png,cat,test,3
data/raw/cifar-10/train/39730.png,bird,test,2
data/raw/cifar-10/train/27183.png,horse,test,7
data/raw/cifar-10/train/28538.png,ship,test,8
data/raw/cifar-10/train/48994.png,cat,test,3
data/raw/cifar-10/train/36337.png,deer,test,4
data/raw/cifar-10/train/30759.png,truck,test,9
data/raw/cifar-10/train/43626.png,horse,test,7
data/raw/cifar-10/train/14995.png,frog,test,6
data/raw/cifar-10/train/39941.png,automobile,test,1
data/raw/cifar-10/train/17833.png,bird,test,2
data/raw/cifar-10/train/26874.png,bird,test,2
data/raw/cifar-10/train/48379.png,airplane,test,0
data/raw/cifar-10/train/33574.png,airplane,test,0
data/raw/cifar-10/train/2123.png,deer,test,4
data/raw/cifar-10/train/32128.png,bird,test,2
data/raw/cifar-10/train/39135.png,frog,test,6
data/raw/cifar-10/train/23478.png,automobile,test,1
data/raw/cifar-10/train/14268.png,frog,test,6
data/raw/cifar-10/train/16401.png,automobile,test,1
data/raw/cifar-10/train/182.png,horse,test,7
data/raw/cifar-10/train/47729.png,frog,test,6
data/raw/cifar-10/train/33612.png,automobile,test,1
data/raw/cifar-10/train/7662.png,bird,test,2
data/raw/cifar-10/train/46351.png,dog,test,5
data/raw/cifar-10/train/13965.png,airplane,test,0
data/raw/cifar-10/train/2632.png,frog,test,6
data/raw/cifar-10/train/37156.png,truck,test,9
data/raw/cifar-10/train/29862.png,cat,test,3
data/raw/cifar-10/train/24603.png,automobile,test,1
data/raw/cifar-10/train/33751.png,airplane,test,0
data/raw/cifar-10/train/49018.png,dog,test,5
data/raw/cifar-10/train/23123.png,cat,test,3
data/raw/cifar-10/train/13722.png,dog,test,5
data/raw/cifar-10/train/36618.png,dog,test,5
data/raw/cifar-10/train/38541.png,ship,test,8
data/raw/cifar-10/train/48887.png,frog,test,6
data/raw/cifar-10/train/13373.png,horse,test,7
data/raw/cifar-10/train/42254.png,truck,test,9
data/raw/cifar-10/train/9211.png,automobile,test,1
data/raw/cifar-10/train/5305.png,ship,test,8
data/raw/cifar-10/train/18532.png,cat,test,3
data/raw/cifar-10/train/43435.png,frog,test,6
data/raw/cifar-10/train/7871.png,dog,test,5
data/raw/cifar-10/train/6383.png,airplane,test,0
data/raw/cifar-10/train/17570.png,horse,test,7
data/raw/cifar-10/train/36109.png,ship,test,8
data/raw/cifar-10/train/46948.png,deer,test,4
data/raw/cifar-10/train/31782.png,dog,test,5
data/raw/cifar-10/train/27347.png,frog,test,6
data/raw/cifar-10/train/44718.png,deer,test,4
data/raw/cifar-10/train/41391.png,horse,test,7
data/raw/cifar-10/train/12709.png,truck,test,9
data/raw/cifar-10/train/16976.png,truck,test,9
data/raw/cifar-10/train/26319.png,horse,test,7
data/raw/cifar-10/train/4288.png,ship,test,8
data/raw/cifar-10/train/29568.png,cat,test,3
data/raw/cifar-10/train/29827.png,ship,test,8
data/raw/cifar-10/train/43854.png,automobile,test,1
data/raw/cifar-10/train/9409.png,bird,test,2
data/raw/cifar-10/train/5638.png,truck,test,9
data/raw/cifar-10/train/14660.png,automobile,test,1
data/raw/cifar-10/train/3293.png,airplane,test,0
data/raw/cifar-10/train/30172.png,airplane,test,0
data/raw/cifar-10/train/30419.png,automobile,test,1
data/raw/cifar-10/train/39303.png,deer,test,4
data/raw/cifar-10/train/13715.png,airplane,test,0
data/raw/cifar-10/train/37579.png,bird,test,2
data/raw/cifar-10/train/9468.png,ship,test,8
data/raw/cifar-10/train/37228.png,frog,test,6
data/raw/cifar-10/train/38774.png,frog,test,6
data/raw/cifar-10/train/41834.png,ship,test,8
data/raw/cifar-10/train/26232.png,frog,test,6
data/raw/cifar-10/train/1639.png,truck,test,9
data/raw/cifar-10/train/44747.png,airplane,test,0
data/raw/cifar-10/train/16785.png,frog,test,6
data/raw/cifar-10/train/43605.png,truck,test,9
data/raw/cifar-10/train/11007.png,bird,test,2
data/raw/cifar-10/train/29812.png,ship,test,8
data/raw/cifar-10/train/3512.png,bird,test,2
data/raw/cifar-10/train/36216.png,automobile,test,1
data/raw/cifar-10/train/49690.png,horse,test,7
data/raw/cifar-10/train/17719.png,automobile,test,1
data/raw/cifar-10/train/17511.png,deer,test,4
data/raw/cifar-10/train/36707.png,airplane,test,0
data/raw/cifar-10/train/30151.png,horse,test,7
data/raw/cifar-10/train/42308.png,automobile,test,1
data/raw/cifar-10/train/10743.png,bird,test,2
data/raw/cifar-10/train/40715.png,bird,test,2
data/raw/cifar-10/train/37594.png,frog,test,6
data/raw/cifar-10/train/29276.png,automobile,test,1
data/raw/cifar-10/train/23390.png,cat,test,3
data/raw/cifar-10/train/33141.png,deer,test,4
data/raw/cifar-10/train/25605.png,truck,test,9
data/raw/cifar-10/train/26466.png,automobile,test,1
data/raw/cifar-10/train/4420.png,dog,test,5
data/raw/cifar-10/train/44989.png,dog,test,5
data/raw/cifar-10/train/49892.png,airplane,test,0
data/raw/cifar-10/train/11511.png,deer,test,4
data/raw/cifar-10/train/31922.png,horse,test,7
data/raw/cifar-10/train/8935.png,airplane,test,0
data/raw/cifar-10/train/38313.png,airplane,test,0
data/raw/cifar-10/train/15908.png,bird,test,2
data/raw/cifar-10/train/48458.png,ship,test,8
data/raw/cifar-10/train/35538.png,bird,test,2
data/raw/cifar-10/train/12368.png,frog,test,6
data/raw/cifar-10/train/35601.png,frog,test,6
data/raw/cifar-10/train/25972.png,cat,test,3
data/raw/cifar-10/train/120.png,automobile,test,1
data/raw/cifar-10/train/26773.png,deer,test,4
data/raw/cifar-10/train/21841.png,ship,test,8
data/raw/cifar-10/train/13091.png,airplane,test,0
data/raw/cifar-10/train/43409.png,ship,test,8
data/raw/cifar-10/train/9974.png,cat,test,3
data/raw/cifar-10/train/25172.png,dog,test,5
data/raw/cifar-10/train/12689.png,ship,test,8
data/raw/cifar-10/train/21390.png,deer,test,4
data/raw/cifar-10/train/35237.png,ship,test,8
data/raw/cifar-10/train/788.png,bird,test,2
data/raw/cifar-10/train/36061.png,frog,test,6
data/raw/cifar-10/train/6225.png,frog,test,6
data/raw/cifar-10/train/43124.png,cat,test,3
data/raw/cifar-10/train/3427.png,dog,test,5
data/raw/cifar-10/train/2845.png,automobile,test,1
data/raw/cifar-10/train/46077.png,deer,test,4
data/raw/cifar-10/train/21487.png,bird,test,2
data/raw/cifar-10/train/22667.png,dog,test,5
data/raw/cifar-10/train/39903.png,automobile,test,1
data/raw/cifar-10/train/38535.png,frog,test,6
data/raw/cifar-10/train/49670.png,deer,test,4
data/raw/cifar-10/train/30470.png,frog,test,6
data/raw/cifar-10/train/24464.png,automobile,test,1
data/raw/cifar-10/train/38428.png,dog,test,5
data/raw/cifar-10/train/28029.png,cat,test,3
data/raw/cifar-10/train/23062.png,airplane,test,0
data/raw/cifar-10/train/28251.png,deer,test,4
data/raw/cifar-10/train/9887.png,truck,test,9
data/raw/cifar-10/train/16955.png,airplane,test,0
data/raw/cifar-10/train/22095.png,ship,test,8
data/raw/cifar-10/train/31717.png,dog,test,5
data/raw/cifar-10/train/16411.png,automobile,test,1
data/raw/cifar-10/train/35266.png,dog,test,5
data/raw/cifar-10/train/46757.png,airplane,test,0
data/raw/cifar-10/train/22664.png,truck,test,9
data/raw/cifar-10/train/38972.png,bird,test,2
data/raw/cifar-10/train/47845.png,horse,test,7
data/raw/cifar-10/train/45561.png,truck,test,9
data/raw/cifar-10/train/31532.png,bird,test,2
data/raw/cifar-10/train/12847.png,deer,test,4
data/raw/cifar-10/train/27888.png,ship,test,8
data/raw/cifar-10/train/20050.png,deer,test,4
data/raw/cifar-10/train/35191.png,dog,test,5
data/raw/cifar-10/train/44858.png,deer,test,4
data/raw/cifar-10/train/11603.png,frog,test,6
data/raw/cifar-10/train/44898.png,cat,test,3
data/raw/cifar-10/train/17747.png,automobile,test,1
data/raw/cifar-10/train/28017.png,ship,test,8
data/raw/cifar-10/train/29970.png,dog,test,5
data/raw/cifar-10/train/16410.png,frog,test,6
data/raw/cifar-10/train/48027.png,airplane,test,0
data/raw/cifar-10/train/30514.png,bird,test,2
data/raw/cifar-10/train/21788.png,horse,test,7
data/raw/cifar-10/train/20015.png,airplane,test,0
data/raw/cifar-10/train/41840.png,deer,test,4
data/raw/cifar-10/train/30745.png,airplane,test,0
data/raw/cifar-10/train/43169.png,horse,test,7
data/raw/cifar-10/train/14867.png,ship,test,8
data/raw/cifar-10/train/23630.png,airplane,test,0
data/raw/cifar-10/train/272.png,bird,test,2
data/raw/cifar-10/train/8714.png,bird,test,2
data/raw/cifar-10/train/24159.png,airplane,test,0
data/raw/cifar-10/train/43459.png,airplane,test,0
data/raw/cifar-10/train/24776.png,cat,test,3
data/raw/cifar-10/train/18354.png,frog,test,6
data/raw/cifar-10/train/31845.png,cat,test,3
data/raw/cifar-10/train/4694.png,frog,test,6
data/raw/cifar-10/train/35519.png,ship,test,8
data/raw/cifar-10/train/36327.png,deer,test,4
data/raw/cifar-10/train/41424.png,bird,test,2
data/raw/cifar-10/train/23811.png,dog,test,5
data/raw/cifar-10/train/15442.png,deer,test,4
data/raw/cifar-10/train/49245.png,truck,test,9
data/raw/cifar-10/train/28911.png,automobile,test,1
data/raw/cifar-10/train/22078.png,truck,test,9
data/raw/cifar-10/train/48148.png,airplane,test,0
data/raw/cifar-10/train/14580.png,dog,test,5
data/raw/cifar-10/train/21138.png,automobile,test,1
data/raw/cifar-10/train/33090.png,truck,test,9
data/raw/cifar-10/train/46333.png,automobile,test,1
data/raw/cifar-10/train/44183.png,truck,test,9
data/raw/cifar-10/train/42768.png,truck,test,9
data/raw/cifar-10/train/10981.png,ship,test,8
data/raw/cifar-10/train/19647.png,frog,test,6
data/raw/cifar-10/train/34770.png,bird,test,2
data/raw/cifar-10/train/37186.png,bird,test,2
data/raw/cifar-10/train/46990.png,cat,test,3
data/raw/cifar-10/train/30966.png,dog,test,5
data/raw/cifar-10/train/25064.png,automobile,test,1
data/raw/cifar-10/train/31919.png,truck,test,9
data/raw/cifar-10/train/20856.png,truck,test,9
data/raw/cifar-10/train/23501.png,automobile,test,1
data/raw/cifar-10/train/48936.png,dog,test,5
data/raw/cifar-10/train/30814.png,frog,test,6
data/raw/cifar-10/train/32402.png,airplane,test,0
data/raw/cifar-10/train/21046.png,truck,test,9
data/raw/cifar-10/train/38439.png,frog,test,6
data/raw/cifar-10/train/3464.png,truck,test,9
data/raw/cifar-10/train/44629.png,cat,test,3
data/raw/cifar-10/train/30241.png,airplane,test,0
data/raw/cifar-10/train/44673.png,ship,test,8
data/raw/cifar-10/train/22023.png,ship,test,8
data/raw/cifar-10/train/9818.png,cat,test,3
data/raw/cifar-10/train/41782.png,horse,test,7
data/raw/cifar-10/train/26905.png,cat,test,3
data/raw/cifar-10/train/20146.png,bird,test,2
data/raw/cifar-10/train/25075.png,cat,test,3
data/raw/cifar-10/train/4891.png,dog,test,5
data/raw/cifar-10/train/11224.png,automobile,test,1
data/raw/cifar-10/train/44492.png,bird,test,2
data/raw/cifar-10/train/39930.png,dog,test,5
data/raw/cifar-10/train/3044.png,cat,test,3
data/raw/cifar-10/train/47475.png,frog,test,6
data/raw/cifar-10/train/11056.png,cat,test,3
data/raw/cifar-10/train/36017.png,dog,test,5
data/raw/cifar-10/train/41821.png,deer,test,4
data/raw/cifar-10/train/47588.png,bird,test,2
data/raw/cifar-10/train/49143.png,cat,test,3
data/raw/cifar-10/train/38390.png,bird,test,2
data/raw/cifar-10/train/35669.png,automobile,test,1
data/raw/cifar-10/train/49429.png,dog,test,5
data/raw/cifar-10/train/33665.png,deer,test,4
data/raw/cifar-10/train/22879.png,frog,test,6
data/raw/cifar-10/train/41960.png,horse,test,7
data/raw/cifar-10/train/6357.png,automobile,test,1
data/raw/cifar-10/train/288.png,cat,test,3
data/raw/cifar-10/train/39661.png,dog,test,5
data/raw/cifar-10/train/27575.png,horse,test,7
data/raw/cifar-10/train/36502.png,airplane,test,0
data/raw/cifar-10/train/6409.png,bird,test,2
data/raw/cifar-10/train/10131.png,airplane,test,0
data/raw/cifar-10/train/29662.png,ship,test,8
data/raw/cifar-10/train/2556.png,dog,test,5
data/raw/cifar-10/train/20298.png,frog,test,6
data/raw/cifar-10/train/39360.png,truck,test,9
data/raw/cifar-10/train/21654.png,automobile,test,1
data/raw/cifar-10/train/13274.png,bird,test,2
data/raw/cifar-10/train/21939.png,automobile,test,1
data/raw/cifar-10/train/19570.png,deer,test,4
data/raw/cifar-10/train/44612.png,frog,test,6
data/raw/cifar-10/train/44237.png,ship,test,8
data/raw/cifar-10/train/22120.png,dog,test,5
data/raw/cifar-10/train/31571.png,frog,test,6
data/raw/cifar-10/train/19975.png,airplane,test,0
data/raw/cifar-10/train/43633.png,deer,test,4
data/raw/cifar-10/train/35099.png,frog,test,6
data/raw/cifar-10/train/2300.png,frog,test,6
data/raw/cifar-10/train/31522.png,airplane,test,0
data/raw/cifar-10/train/14692.png,dog,test,5
data/raw/cifar-10/train/5663.png,truck,test,9
data/raw/cifar-10/train/41732.png,airplane,test,0
data/raw/cifar-10/train/22904.png,bird,test,2
data/raw/cifar-10/train/7624.png,deer,test,4
data/raw/cifar-10/train/24151.png,ship,test,8
data/raw/cifar-10/train/10287.png,ship,test,8
data/raw/cifar-10/train/13874.png,cat,test,3
data/raw/cifar-10/train/24246.png,truck,test,9
data/raw/cifar-10/train/16296.png,cat,test,3
data/raw/cifar-10/train/20174.png,deer,test,4
data/raw/cifar-10/train/18982.png,dog,test,5
data/raw/cifar-10/train/12543.png,airplane,test,0
data/raw/cifar-10/train/45241.png,ship,test,8
data/raw/cifar-10/train/13906.png,deer,test,4
data/raw/cifar-10/train/44910.png,bird,test,2
data/raw/cifar-10/train/12085.png,deer,test,4
data/raw/cifar-10/train/1367.png,deer,test,4
data/raw/cifar-10/train/9113.png,frog,test,6
data/raw/cifar-10/train/16512.png,airplane,test,0
data/raw/cifar-10/train/46419.png,frog,test,6
data/raw/cifar-10/train/49509.png,dog,test,5
data/raw/cifar-10/train/15262.png,automobile,test,1
data/raw/cifar-10/train/7257.png,airplane,test,0
data/raw/cifar-10/train/16673.png,deer,test,4
data/raw/cifar-10/train/46389.png,frog,test,6
data/raw/cifar-10/train/7881.png,deer,test,4
data/raw/cifar-10/train/37521.png,horse,test,7
data/raw/cifar-10/train/26474.png,dog,test,5
data/raw/cifar-10/train/12586.png,ship,test,8
data/raw/cifar-10/train/23623.png,cat,test,3
data/raw/cifar-10/train/45116.png,ship,test,8
data/raw/cifar-10/train/47880.png,ship,test,8
data/raw/cifar-10/train/20000.png,dog,test,5
data/raw/cifar-10/train/4375.png,truck,test,9
data/raw/cifar-10/train/11351.png,horse,test,7
data/raw/cifar-10/train/10266.png,airplane,test,0
data/raw/cifar-10/train/38567.png,airplane,test,0
data/raw/cifar-10/train/40916.png,truck,test,9
data/raw/cifar-10/train/41728.png,ship,test,8
data/raw/cifar-10/train/47607.png,automobile,test,1
data/raw/cifar-10/train/44752.png,automobile,test,1
data/raw/cifar-10/train/17502.png,dog,test,5
data/raw/cifar-10/train/10408.png,dog,test,5
data/raw/cifar-10/train/29523.png,automobile,test,1
data/raw/cifar-10/train/22345.png,horse,test,7
data/raw/cifar-10/train/23964.png,cat,test,3
data/raw/cifar-10/train/20948.png,truck,test,9
data/raw/cifar-10/train/28755.png,dog,test,5
data/raw/cifar-10/train/18723.png,frog,test,6
data/raw/cifar-10/train/2497.png,automobile,test,1
data/raw/cifar-10/train/39465.png,frog,test,6
data/raw/cifar-10/train/16836.png,dog,test,5
data/raw/cifar-10/train/49761.png,horse,test,7
data/raw/cifar-10/train/35313.png,frog,test,6
data/raw/cifar-10/train/10395.png,airplane,test,0
data/raw/cifar-10/train/43065.png,automobile,test,1
data/raw/cifar-10/train/46365.png,horse,test,7
data/raw/cifar-10/train/1667.png,deer,test,4
data/raw/cifar-10/train/45331.png,cat,test,3
data/raw/cifar-10/train/22342.png,horse,test,7
data/raw/cifar-10/train/45216.png,dog,test,5
data/raw/cifar-10/train/16732.png,cat,test,3
data/raw/cifar-10/train/30367.png,ship,test,8
data/raw/cifar-10/train/824.png,automobile,test,1
data/raw/cifar-10/train/2399.png,dog,test,5
data/raw/cifar-10/train/20815.png,frog,test,6
data/raw/cifar-10/train/20522.png,deer,test,4
data/raw/cifar-10/train/9454.png,horse,test,7
data/raw/cifar-10/train/9487.png,horse,test,7
data/raw/cifar-10/train/24841.png,dog,test,5
data/raw/cifar-10/train/28797.png,deer,test,4
data/raw/cifar-10/train/43948.png,airplane,test,0
data/raw/cifar-10/train/23685.png,airplane,test,0
data/raw/cifar-10/train/42919.png,automobile,test,1
data/raw/cifar-10/train/36175.png,horse,test,7
data/raw/cifar-10/train/11079.png,airplane,test,0
data/raw/cifar-10/train/39554.png,airplane,test,0
data/raw/cifar-10/train/39145.png,horse,test,7
data/raw/cifar-10/train/27361.png,truck,test,9
data/raw/cifar-10/train/39071.png,dog,test,5
data/raw/cifar-10/train/25379.png,cat,test,3
data/raw/cifar-10/train/3525.png,cat,test,3
data/raw/cifar-10/train/24995.png,bird,test,2
data/raw/cifar-10/train/40258.png,truck,test,9
data/raw/cifar-10/train/29539.png,frog,test,6
data/raw/cifar-10/train/33012.png,airplane,test,0
data/raw/cifar-10/train/15784.png,automobile,test,1
data/raw/cifar-10/train/945.png,dog,test,5
data/raw/cifar-10/train/32493.png,automobile,test,1
data/raw/cifar-10/train/5489.png,deer,test,4
data/raw/cifar-10/train/34669.png,deer,test,4
data/raw/cifar-10/train/46308.png,frog,test,6
data/raw/cifar-10/train/45368.png,bird,test,2
data/raw/cifar-10/train/21913.png,deer,test,4
data/raw/cifar-10/train/2159.png,truck,test,9
data/raw/cifar-10/train/48803.png,frog,test,6
data/raw/cifar-10/train/8367.png,bird,test,2
data/raw/cifar-10/train/32482.png,dog,test,5
data/raw/cifar-10/train/9822.png,horse,test,7
data/raw/cifar-10/train/43744.png,deer,test,4
data/raw/cifar-10/train/40994.png,frog,test,6
data/raw/cifar-10/train/16470.png,dog,test,5
data/raw/cifar-10/train/26439.png,ship,test,8
data/raw/cifar-10/train/25522.png,ship,test,8
data/raw/cifar-10/train/34544.png,frog,test,6
data/raw/cifar-10/train/3177.png,deer,test,4
data/raw/cifar-10/train/735.png,dog,test,5
data/raw/cifar-10/train/37402.png,automobile,test,1
data/raw/cifar-10/train/38097.png,bird,test,2
data/raw/cifar-10/train/12126.png,ship,test,8
data/raw/cifar-10/train/32484.png,airplane,test,0
data/raw/cifar-10/train/12478.png,airplane,test,0
data/raw/cifar-10/train/11545.png,cat,test,3
data/raw/cifar-10/train/38235.png,bird,test,2
data/raw/cifar-10/train/22735.png,bird,test,2
data/raw/cifar-10/train/17827.png,bird,test,2
data/raw/cifar-10/train/45432.png,truck,test,9
data/raw/cifar-10/train/2203.png,bird,test,2
data/raw/cifar-10/train/47392.png,ship,test,8
data/raw/cifar-10/train/47786.png,truck,test,9
data/raw/cifar-10/train/42689.png,airplane,test,0
data/raw/cifar-10/train/6552.png,frog,test,6
data/raw/cifar-10/train/43997.png,airplane,test,0
data/raw/cifar-10/train/42676.png,deer,test,4
data/raw/cifar-10/train/28418.png,automobile,test,1
data/raw/cifar-10/train/8093.png,bird,test,2
data/raw/cifar-10/train/12533.png,dog,test,5
data/raw/cifar-10/train/41715.png,ship,test,8
data/raw/cifar-10/train/33049.png,horse,test,7
data/raw/cifar-10/train/24641.png,truck,test,9
data/raw/cifar-10/train/27461.png,airplane,test,0
data/raw/cifar-10/train/41511.png,airplane,test,0
data/raw/cifar-10/train/10422.png,truck,test,9
data/raw/cifar-10/train/32069.png,horse,test,7
data/raw/cifar-10/train/15823.png,horse,test,7
data/raw/cifar-10/train/10467.png,horse,test,7
data/raw/cifar-10/train/35161.png,ship,test,8
data/raw/cifar-10/train/17158.png,horse,test,7
data/raw/cifar-10/train/22653.png,truck,test,9
data/raw/cifar-10/train/18275.png,ship,test,8
data/raw/cifar-10/train/8813.png,automobile,test,1
data/raw/cifar-10/train/12170.png,automobile,test,1
data/raw/cifar-10/train/35201.png,dog,test,5
data/raw/cifar-10/train/29894.png,airplane,test,0
data/raw/cifar-10/train/33118.png,airplane,test,0
data/raw/cifar-10/train/16950.png,dog,test,5
data/raw/cifar-10/train/7996.png,ship,test,8
data/raw/cifar-10/train/27503.png,airplane,test,0
data/raw/cifar-10/train/16998.png,automobile,test,1
data/raw/cifar-10/train/24461.png,cat,test,3
data/raw/cifar-10/train/29220.png,airplane,test,0
data/raw/cifar-10/train/47253.png,bird,test,2
data/raw/cifar-10/train/1391.png,truck,test,9
data/raw/cifar-10/train/41320.png,horse,test,7
data/raw/cifar-10/train/7632.png,airplane,test,0
data/raw/cifar-10/train/7696.png,ship,test,8
data/raw/cifar-10/train/12626.png,horse,test,7
data/raw/cifar-10/train/8227.png,truck,test,9
data/raw/cifar-10/train/7617.png,bird,test,2
data/raw/cifar-10/train/10778.png,airplane,test,0
data/raw/cifar-10/train/8047.png,deer,test,4
data/raw/cifar-10/train/19581.png,cat,test,3
data/raw/cifar-10/train/19136.png,frog,test,6
data/raw/cifar-10/train/38312.png,bird,test,2
data/raw/cifar-10/train/13080.png,ship,test,8
data/raw/cifar-10/train/33659.png,automobile,test,1
data/raw/cifar-10/train/3321.png,cat,test,3
data/raw/cifar-10/train/22324.png,horse,test,7
data/raw/cifar-10/train/25436.png,deer,test,4
data/raw/cifar-10/train/19808.png,airplane,test,0
data/raw/cifar-10/train/36368.png,bird,test,2
data/raw/cifar-10/train/2055.png,dog,test,5
data/raw/cifar-10/train/16718.png,truck,test,9
data/raw/cifar-10/train/29608.png,cat,test,3
data/raw/cifar-10/train/38036.png,truck,test,9
data/raw/cifar-10/train/28790.png,deer,test,4
data/raw/cifar-10/train/2597.png,frog,test,6
data/raw/cifar-10/train/28666.png,airplane,test,0
data/raw/cifar-10/train/33384.png,deer,test,4
data/raw/cifar-10/train/1248.png,truck,test,9
data/raw/cifar-10/train/3708.png,frog,test,6
data/raw/cifar-10/train/48015.png,bird,test,2
data/raw/cifar-10/train/37499.png,dog,test,5
data/raw/cifar-10/train/5335.png,automobile,test,1
data/raw/cifar-10/train/5388.png,automobile,test,1
data/raw/cifar-10/train/40306.png,bird,test,2
data/raw/cifar-10/train/14147.png,bird,test,2
data/raw/cifar-10/train/48323.png,automobile,test,1
data/raw/cifar-10/train/31159.png,automobile,test,1
data/raw/cifar-10/train/46761.png,frog,test,6
data/raw/cifar-10/train/9.png,ship,test,8
data/raw/cifar-10/train/22104.png,dog,test,5
data/raw/cifar-10/train/4432.png,bird,test,2
data/raw/cifar-10/train/3461.png,deer,test,4
data/raw/cifar-10/train/32315.png,frog,test,6
data/raw/cifar-10/train/187.png,truck,test,9
data/raw/cifar-10/train/4053.png,bird,test,2
data/raw/cifar-10/train/18871.png,frog,test,6
data/raw/cifar-10/train/13725.png,truck,test,9
data/raw/cifar-10/train/41922.png,frog,test,6
data/raw/cifar-10/train/14879.png,automobile,test,1
data/raw/cifar-10/train/14379.png,automobile,test,1
data/raw/cifar-10/train/19252.png,ship,test,8
data/raw/cifar-10/train/46078.png,deer,test,4
data/raw/cifar-10/train/30565.png,airplane,test,0
data/raw/cifar-10/train/35945.png,dog,test,5
data/raw/cifar-10/train/32459.png,automobile,test,1
data/raw/cifar-10/train/24428.png,horse,test,7
data/raw/cifar-10/train/2412.png,frog,test,6
data/raw/cifar-10/train/7692.png,truck,test,9
data/raw/cifar-10/train/8307.png,horse,test,7
data/raw/cifar-10/train/14603.png,bird,test,2
data/raw/cifar-10/train/8992.png,frog,test,6
data/raw/cifar-10/train/1197.png,cat,test,3
data/raw/cifar-10/train/31594.png,airplane,test,0
data/raw/cifar-10/train/29850.png,deer,test,4
data/raw/cifar-10/train/3818.png,horse,test,7
data/raw/cifar-10/train/43480.png,airplane,test,0
data/raw/cifar-10/train/47389.png,dog,test,5
data/raw/cifar-10/train/21951.png,deer,test,4
data/raw/cifar-10/train/14570.png,bird,test,2
data/raw/cifar-10/train/28008.png,dog,test,5
data/raw/cifar-10/train/17029.png,ship,test,8
data/raw/cifar-10/train/38742.png,bird,test,2
data/raw/cifar-10/train/48480.png,cat,test,3
data/raw/cifar-10/train/37696.png,horse,test,7
data/raw/cifar-10/train/38122.png,horse,test,7
data/raw/cifar-10/train/44507.png,dog,test,5
data/raw/cifar-10/train/24319.png,deer,test,4
data/raw/cifar-10/train/48325.png,airplane,test,0
data/raw/cifar-10/train/35863.png,bird,test,2
data/raw/cifar-10/train/29319.png,automobile,test,1
data/raw/cifar-10/train/2953.png,ship,test,8
data/raw/cifar-10/train/13857.png,bird,test,2
data/raw/cifar-10/train/20654.png,truck,test,9
data/raw/cifar-10/train/44380.png,frog,test,6
data/raw/cifar-10/train/12518.png,cat,test,3
data/raw/cifar-10/train/16831.png,ship,test,8
data/raw/cifar-10/train/43219.png,truck,test,9
data/raw/cifar-10/train/9854.png,airplane,test,0
data/raw/cifar-10/train/47542.png,cat,test,3
data/raw/cifar-10/train/34488.png,horse,test,7
data/raw/cifar-10/train/26623.png,truck,test,9
data/raw/cifar-10/train/994.png,dog,test,5
data/raw/cifar-10/train/23271.png,cat,test,3
data/raw/cifar-10/train/2406.png,horse,test,7
data/raw/cifar-10/train/30283.png,deer,test,4
data/raw/cifar-10/train/18615.png,airplane,test,0
data/raw/cifar-10/train/20611.png,deer,test,4
data/raw/cifar-10/train/32045.png,dog,test,5
data/raw/cifar-10/train/29847.png,frog,test,6
data/raw/cifar-10/train/19948.png,automobile,test,1
data/raw/cifar-10/train/38971.png,airplane,test,0
data/raw/cifar-10/train/37144.png,bird,test,2
data/raw/cifar-10/train/47422.png,airplane,test,0
data/raw/cifar-10/train/45139.png,ship,test,8
data/raw/cifar-10/train/14605.png,frog,test,6
data/raw/cifar-10/train/46554.png,airplane,test,0
data/raw/cifar-10/train/39187.png,deer,test,4
data/raw/cifar-10/train/8467.png,frog,test,6
data/raw/cifar-10/train/27303.png,deer,test,4
data/raw/cifar-10/train/46823.png,airplane,test,0
data/raw/cifar-10/train/42594.png,horse,test,7
data/raw/cifar-10/train/41233.png,dog,test,5
data/raw/cifar-10/train/42025.png,ship,test,8
data/raw/cifar-10/train/3546.png,truck,test,9
data/raw/cifar-10/train/32843.png,deer,test,4
data/raw/cifar-10/train/20649.png,cat,test,3
data/raw/cifar-10/train/38161.png,dog,test,5
data/raw/cifar-10/train/49384.png,automobile,test,1
data/raw/cifar-10/train/11479.png,bird,test,2
data/raw/cifar-10/train/16372.png,airplane,test,0
data/raw/cifar-10/train/16666.png,horse,test,7
data/raw/cifar-10/train/3566.png,cat,test,3
data/raw/cifar-10/train/37147.png,airplane,test,0
data/raw/cifar-10/train/27116.png,cat,test,3
data/raw/cifar-10/train/41347.png,bird,test,2
data/raw/cifar-10/train/40878.png,cat,test,3
data/raw/cifar-10/train/46452.png,bird,test,2
data/raw/cifar-10/train/27506.png,horse,test,7
data/raw/cifar-10/train/48387.png,horse,test,7
data/raw/cifar-10/train/29362.png,deer,test,4
data/raw/cifar-10/train/33443.png,bird,test,2
data/raw/cifar-10/train/46616.png,ship,test,8
data/raw/cifar-10/train/23849.png,airplane,test,0
data/raw/cifar-10/train/35832.png,frog,test,6
data/raw/cifar-10/train/17229.png,truck,test,9
data/raw/cifar-10/train/34169.png,airplane,test,0
data/raw/cifar-10/train/16276.png,automobile,test,1
data/raw/cifar-10/train/19421.png,frog,test,6
data/raw/cifar-10/train/30770.png,airplane,test,0
data/raw/cifar-10/train/16853.png,dog,test,5
data/raw/cifar-10/train/49896.png,deer,test,4
data/raw/cifar-10/train/24712.png,dog,test,5
data/raw/cifar-10/train/13856.png,deer,test,4
data/raw/cifar-10/train/17118.png,bird,test,2
data/raw/cifar-10/train/49828.png,ship,test,8
data/raw/cifar-10/train/28236.png,truck,test,9
data/raw/cifar-10/train/12585.png,bird,test,2
data/raw/cifar-10/train/46718.png,automobile,test,1
data/raw/cifar-10/train/1796.png,deer,test,4
data/raw/cifar-10/train/21781.png,dog,test,5
data/raw/cifar-10/train/47836.png,horse,test,7
data/raw/cifar-10/train/10771.png,cat,test,3
data/raw/cifar-10/train/3448.png,cat,test,3
data/raw/cifar-10/train/29738.png,deer,test,4
data/raw/cifar-10/train/31023.png,cat,test,3
data/raw/cifar-10/train/47273.png,horse,test,7
data/raw/cifar-10/train/15156.png,deer,test,4
data/raw/cifar-10/train/39401.png,horse,test,7
data/raw/cifar-10/train/14838.png,horse,test,7
data/raw/cifar-10/train/6384.png,automobile,test,1
data/raw/cifar-10/train/34725.png,airplane,test,0
data/raw/cifar-10/train/41453.png,airplane,test,0
data/raw/cifar-10/train/42708.png,automobile,test,1
data/raw/cifar-10/train/23833.png,automobile,test,1
data/raw/cifar-10/train/5080.png,truck,test,9
data/raw/cifar-10/train/13839.png,frog,test,6
data/raw/cifar-10/train/27432.png,airplane,test,0
data/raw/cifar-10/train/11388.png,cat,test,3
data/raw/cifar-10/train/5218.png,ship,test,8
data/raw/cifar-10/train/12971.png,truck,test,9
data/raw/cifar-10/train/21141.png,ship,test,8
data/raw/cifar-10/train/32293.png,truck,test,9
data/raw/cifar-10/train/30744.png,airplane,test,0
data/raw/cifar-10/train/3744.png,automobile,test,1
data/raw/cifar-10/train/8793.png,deer,test,4
data/raw/cifar-10/train/32229.png,frog,test,6
data/raw/cifar-10/train/16389.png,ship,test,8
data/raw/cifar-10/train/31049.png,airplane,test,0
data/raw/cifar-10/train/13232.png,deer,test,4
data/raw/cifar-10/train/48525.png,cat,test,3
data/raw/cifar-10/train/49852.png,ship,test,8
data/raw/cifar-10/train/22592.png,bird,test,2
data/raw/cifar-10/train/39020.png,bird,test,2
data/raw/cifar-10/train/21011.png,truck,test,9
data/raw/cifar-10/train/31221.png,ship,test,8
data/raw/cifar-10/train/2057.png,deer,test,4
data/raw/cifar-10/train/35654.png,bird,test,2
data/raw/cifar-10/train/27104.png,bird,test,2
data/raw/cifar-10/train/42789.png,horse,test,7
data/raw/cifar-10/train/29370.png,horse,test,7
data/raw/cifar-10/train/30355.png,deer,test,4
data/raw/cifar-10/train/22389.png,automobile,test,1
data/raw/cifar-10/train/39634.png,horse,test,7
data/raw/cifar-10/train/23553.png,bird,test,2
data/raw/cifar-10/train/43666.png,bird,test,2
data/raw/cifar-10/train/3325.png,ship,test,8
data/raw/cifar-10/train/40084.png,truck,test,9
data/raw/cifar-10/train/23877.png,frog,test,6
data/raw/cifar-10/train/48122.png,truck,test,9
data/raw/cifar-10/train/23801.png,dog,test,5
data/raw/cifar-10/train/1654.png,dog,test,5
data/raw/cifar-10/train/46263.png,cat,test,3
data/raw/cifar-10/train/37950.png,airplane,test,0
data/raw/cifar-10/train/48670.png,automobile,test,1
data/raw/cifar-10/train/21249.png,airplane,test,0
data/raw/cifar-10/train/6951.png,deer,test,4
data/raw/cifar-10/train/41260.png,automobile,test,1
data/raw/cifar-10/train/47380.png,airplane,test,0
data/raw/cifar-10/train/6496.png,automobile,test,1
data/raw/cifar-10/train/49435.png,ship,test,8
data/raw/cifar-10/train/24594.png,horse,test,7
data/raw/cifar-10/train/31238.png,bird,test,2
data/raw/cifar-10/train/41823.png,deer,test,4
data/raw/cifar-10/train/48453.png,cat,test,3
data/raw/cifar-10/train/46306.png,truck,test,9
data/raw/cifar-10/train/21947.png,deer,test,4
data/raw/cifar-10/train/31345.png,cat,test,3
data/raw/cifar-10/train/31115.png,truck,test,9
data/raw/cifar-10/train/38457.png,bird,test,2
data/raw/cifar-10/train/5247.png,ship,test,8
data/raw/cifar-10/train/17625.png,ship,test,8
data/raw/cifar-10/train/47933.png,bird,test,2
data/raw/cifar-10/train/30996.png,cat,test,3
data/raw/cifar-10/train/48952.png,bird,test,2
data/raw/cifar-10/train/33203.png,airplane,test,0
data/raw/cifar-10/train/4620.png,airplane,test,0
data/raw/cifar-10/train/7052.png,ship,test,8
data/raw/cifar-10/train/28536.png,automobile,test,1
data/raw/cifar-10/train/18316.png,airplane,test,0
data/raw/cifar-10/train/12374.png,automobile,test,1
data/raw/cifar-10/train/17088.png,frog,test,6
data/raw/cifar-10/train/26539.png,ship,test,8
data/raw/cifar-10/train/26026.png,frog,test,6
data/raw/cifar-10/train/19576.png,automobile,test,1
data/raw/cifar-10/train/38754.png,airplane,test,0
data/raw/cifar-10/train/30612.png,cat,test,3
data/raw/cifar-10/train/14777.png,automobile,test,1
data/raw/cifar-10/train/45994.png,truck,test,9
data/raw/cifar-10/train/46511.png,dog,test,5
data/raw/cifar-10/train/47785.png,ship,test,8
data/raw/cifar-10/train/29939.png,truck,test,9
data/raw/cifar-10/train/3348.png,airplane,test,0
data/raw/cifar-10/train/13115.png,bird,test,2
data/raw/cifar-10/train/18110.png,cat,test,3
data/raw/cifar-10/train/19859.png,airplane,test,0
data/raw/cifar-10/train/16680.png,automobile,test,1
data/raw/cifar-10/train/36562.png,frog,test,6
data/raw/cifar-10/train/30655.png,bird,test,2
data/raw/cifar-10/train/48117.png,truck,test,9
data/raw/cifar-10/train/3627.png,bird,test,2
data/raw/cifar-10/train/15232.png,frog,test,6
data/raw/cifar-10/train/29918.png,airplane,test,0
data/raw/cifar-10/train/14402.png,truck,test,9
data/raw/cifar-10/train/32970.png,deer,test,4
data/raw/cifar-10/train/8775.png,airplane,test,0
data/raw/cifar-10/train/48016.png,bird,test,2
data/raw/cifar-10/train/38438.png,dog,test,5
data/raw/cifar-10/train/8697.png,automobile,test,1
data/raw/cifar-10/train/40408.png,automobile,test,1
data/raw/cifar-10/train/15978.png,bird,test,2
data/raw/cifar-10/train/7350.png,automobile,test,1
data/raw/cifar-10/train/40078.png,deer,test,4
data/raw/cifar-10/train/23386.png,dog,test,5
data/raw/cifar-10/train/24590.png,airplane,test,0
data/raw/cifar-10/train/25838.png,truck,test,9
data/raw/cifar-10/train/44508.png,cat,test,3
data/raw/cifar-10/train/22265.png,airplane,test,0
data/raw/cifar-10/train/10772.png,automobile,test,1
data/raw/cifar-10/train/2359.png,horse,test,7
data/raw/cifar-10/train/44633.png,dog,test,5
data/raw/cifar-10/train/32453.png,dog,test,5
data/raw/cifar-10/train/26176.png,bird,test,2
data/raw/cifar-10/train/22398.png,bird,test,2
data/raw/cifar-10/train/45617.png,deer,test,4
data/raw/cifar-10/train/41159.png,cat,test,3
data/raw/cifar-10/train/22607.png,deer,test,4
data/raw/cifar-10/train/21114.png,horse,test,7
data/raw/cifar-10/train/39373.png,airplane,test,0
data/raw/cifar-10/train/3295.png,ship,test,8
data/raw/cifar-10/train/21057.png,automobile,test,1
data/raw/cifar-10/train/6414.png,truck,test,9
data/raw/cifar-10/train/32495.png,deer,test,4
data/raw/cifar-10/train/13612.png,frog,test,6
data/raw/cifar-10/train/35752.png,dog,test,5
data/raw/cifar-10/train/12029.png,airplane,test,0
data/raw/cifar-10/train/23531.png,bird,test,2
data/raw/cifar-10/train/16633.png,airplane,test,0
data/raw/cifar-10/train/8749.png,airplane,test,0
data/raw/cifar-10/train/12710.png,truck,test,9
data/raw/cifar-10/train/42465.png,automobile,test,1
data/raw/cifar-10/train/44938.png,ship,test,8
data/raw/cifar-10/train/26323.png,airplane,test,0
data/raw/cifar-10/train/28367.png,horse,test,7
data/raw/cifar-10/train/38746.png,bird,test,2
data/raw/cifar-10/train/11719.png,cat,test,3
data/raw/cifar-10/train/28806.png,automobile,test,1
data/raw/cifar-10/train/23642.png,dog,test,5
data/raw/cifar-10/train/27936.png,deer,test,4
data/raw/cifar-10/train/12435.png,frog,test,6
data/raw/cifar-10/train/11702.png,dog,test,5
data/raw/cifar-10/train/31273.png,bird,test,2
data/raw/cifar-10/train/21755.png,horse,test,7
data/raw/cifar-10/train/12968.png,airplane,test,0
data/raw/cifar-10/train/40791.png,truck,test,9
data/raw/cifar-10/train/34266.png,frog,test,6
data/raw/cifar-10/train/22027.png,airplane,test,0
data/raw/cifar-10/train/35511.png,dog,test,5
data/raw/cifar-10/train/14655.png,airplane,test,0
data/raw/cifar-10/train/29983.png,cat,test,3
data/raw/cifar-10/train/25235.png,frog,test,6
data/raw/cifar-10/train/48504.png,truck,test,9
data/raw/cifar-10/train/29367.png,deer,test,4
data/raw/cifar-10/train/45922.png,cat,test,3
data/raw/cifar-10/train/7259.png,bird,test,2
data/raw/cifar-10/train/16592.png,truck,test,9
data/raw/cifar-10/train/12282.png,dog,test,5
data/raw/cifar-10/train/22415.png,horse,test,7
data/raw/cifar-10/train/47539.png,deer,test,4
data/raw/cifar-10/train/39390.png,bird,test,2
data/raw/cifar-10/train/29811.png,cat,test,3
data/raw/cifar-10/train/49222.png,automobile,test,1
data/raw/cifar-10/train/48431.png,airplane,test,0
data/raw/cifar-10/train/17991.png,truck,test,9
data/raw/cifar-10/train/47502.png,truck,test,9
data/raw/cifar-10/train/22196.png,deer,test,4
data/raw/cifar-10/train/320.png,truck,test,9
data/raw/cifar-10/train/16686.png,frog,test,6
data/raw/cifar-10/train/11140.png,truck,test,9
data/raw/cifar-10/train/30261.png,dog,test,5
data/raw/cifar-10/train/30104.png,automobile,test,1
data/raw/cifar-10/train/5941.png,deer,test,4
data/raw/cifar-10/train/29423.png,dog,test,5
data/raw/cifar-10/train/34194.png,deer,test,4
data/raw/cifar-10/train/12192.png,bird,test,2
data/raw/cifar-10/train/38963.png,horse,test,7
data/raw/cifar-10/train/6945.png,bird,test,2
data/raw/cifar-10/train/23566.png,ship,test,8
data/raw/cifar-10/train/8416.png,deer,test,4
data/raw/cifar-10/train/18958.png,truck,test,9
data/raw/cifar-10/train/35217.png,bird,test,2
data/raw/cifar-10/train/43242.png,deer,test,4
data/raw/cifar-10/train/34988.png,cat,test,3
data/raw/cifar-10/train/29574.png,frog,test,6
data/raw/cifar-10/train/46399.png,deer,test,4
data/raw/cifar-10/train/26153.png,truck,test,9
data/raw/cifar-10/train/15150.png,airplane,test,0
data/raw/cifar-10/train/6380.png,ship,test,8
data/raw/cifar-10/train/31289.png,automobile,test,1
data/raw/cifar-10/train/20675.png,automobile,test,1
data/raw/cifar-10/train/11789.png,horse,test,7
data/raw/cifar-10/train/38581.png,airplane,test,0
data/raw/cifar-10/train/13147.png,horse,test,7
data/raw/cifar-10/train/43684.png,deer,test,4
data/raw/cifar-10/train/33685.png,horse,test,7
data/raw/cifar-10/train/46878.png,bird,test,2
data/raw/cifar-10/train/34706.png,airplane,test,0
data/raw/cifar-10/train/13015.png,horse,test,7
data/raw/cifar-10/train/4480.png,dog,test,5
data/raw/cifar-10/train/39856.png,truck,test,9
data/raw/cifar-10/train/22561.png,cat,test,3
data/raw/cifar-10/train/32774.png,dog,test,5
data/raw/cifar-10/train/9069.png,ship,test,8
data/raw/cifar-10/train/25003.png,ship,test,8
data/raw/cifar-10/train/40187.png,deer,test,4
data/raw/cifar-10/train/34535.png,dog,test,5
data/raw/cifar-10/train/28381.png,airplane,test,0
data/raw/cifar-10/train/26943.png,truck,test,9
data/raw/cifar-10/train/15818.png,truck,test,9
data/raw/cifar-10/train/19325.png,automobile,test,1
data/raw/cifar-10/train/8427.png,automobile,test,1
data/raw/cifar-10/train/17171.png,ship,test,8
data/raw/cifar-10/train/13133.png,horse,test,7
data/raw/cifar-10/train/16071.png,cat,test,3
data/raw/cifar-10/train/16139.png,horse,test,7
data/raw/cifar-10/train/854.png,dog,test,5
data/raw/cifar-10/train/38089.png,frog,test,6
data/raw/cifar-10/train/35500.png,frog,test,6
data/raw/cifar-10/train/7378.png,airplane,test,0
data/raw/cifar-10/train/21746.png,truck,test,9
data/raw/cifar-10/train/4459.png,automobile,test,1
data/raw/cifar-10/train/8647.png,horse,test,7
data/raw/cifar-10/train/43722.png,truck,test,9
data/raw/cifar-10/train/18192.png,bird,test,2
data/raw/cifar-10/train/6262.png,horse,test,7
data/raw/cifar-10/train/37114.png,frog,test,6
data/raw/cifar-10/train/2819.png,truck,test,9
data/raw/cifar-10/train/31277.png,horse,test,7
data/raw/cifar-10/train/37428.png,truck,test,9
data/raw/cifar-10/train/5041.png,truck,test,9
data/raw/cifar-10/train/11864.png,ship,test,8
data/raw/cifar-10/train/47227.png,automobile,test,1
data/raw/cifar-10/train/1326.png,ship,test,8
data/raw/cifar-10/train/12305.png,cat,test,3
data/raw/cifar-10/train/46194.png,frog,test,6
data/raw/cifar-10/train/3832.png,airplane,test,0
data/raw/cifar-10/train/29831.png,deer,test,4
data/raw/cifar-10/train/3153.png,dog,test,5
data/raw/cifar-10/train/6703.png,airplane,test,0
data/raw/cifar-10/train/49170.png,airplane,test,0
data/raw/cifar-10/train/19509.png,frog,test,6
data/raw/cifar-10/train/31687.png,truck,test,9
data/raw/cifar-10/train/37439.png,deer,test,4
data/raw/cifar-10/train/2682.png,frog,test,6
data/raw/cifar-10/train/33418.png,truck,test,9
data/raw/cifar-10/train/24114.png,airplane,test,0
data/raw/cifar-10/train/38986.png,truck,test,9
data/raw/cifar-10/train/48331.png,dog,test,5
data/raw/cifar-10/train/6888.png,truck,test,9
data/raw/cifar-10/train/6989.png,automobile,test,1
data/raw/cifar-10/train/1997.png,ship,test,8
data/raw/cifar-10/train/44021.png,cat,test,3
data/raw/cifar-10/train/597.png,ship,test,8
data/raw/cifar-10/train/23482.png,airplane,test,0
data/raw/cifar-10/train/7417.png,horse,test,7
data/raw/cifar-10/train/35911.png,automobile,test,1
data/raw/cifar-10/train/36415.png,cat,test,3
data/raw/cifar-10/train/46357.png,truck,test,9
data/raw/cifar-10/train/20851.png,bird,test,2
data/raw/cifar-10/train/27021.png,cat,test,3
data/raw/cifar-10/train/30711.png,airplane,test,0
data/raw/cifar-10/train/19956.png,frog,test,6
data/raw/cifar-10/train/26276.png,frog,test,6
data/raw/cifar-10/train/15712.png,automobile,test,1
data/raw/cifar-10/train/5101.png,dog,test,5
data/raw/cifar-10/train/19745.png,horse,test,7
data/raw/cifar-10/train/29421.png,deer,test,4
data/raw/cifar-10/train/45097.png,airplane,test,0
data/raw/cifar-10/train/27872.png,automobile,test,1
data/raw/cifar-10/train/37953.png,bird,test,2
data/raw/cifar-10/train/42016.png,frog,test,6
data/raw/cifar-10/train/2941.png,dog,test,5
data/raw/cifar-10/train/1026.png,cat,test,3
data/raw/cifar-10/train/32174.png,airplane,test,0
data/raw/cifar-10/train/25862.png,bird,test,2
data/raw/cifar-10/train/37262.png,frog,test,6
data/raw/cifar-10/train/38302.png,ship,test,8
data/raw/cifar-10/train/35196.png,airplane,test,0
data/raw/cifar-10/train/39600.png,cat,test,3
data/raw/cifar-10/train/28836.png,cat,test,3
data/raw/cifar-10/train/31707.png,frog,test,6
data/raw/cifar-10/train/22483.png,truck,test,9
data/raw/cifar-10/train/5830.png,deer,test,4
data/raw/cifar-10/train/3032.png,dog,test,5
data/raw/cifar-10/train/41047.png,dog,test,5
data/raw/cifar-10/train/7078.png,automobile,test,1
data/raw/cifar-10/train/44370.png,airplane,test,0
data/raw/cifar-10/train/22774.png,airplane,test,0
data/raw/cifar-10/train/34834.png,dog,test,5
data/raw/cifar-10/train/45479.png,ship,test,8
data/raw/cifar-10/train/25616.png,airplane,test,0
data/raw/cifar-10/train/48847.png,cat,test,3
data/raw/cifar-10/train/22850.png,ship,test,8
data/raw/cifar-10/train/13401.png,airplane,test,0
data/raw/cifar-10/train/11760.png,deer,test,4
data/raw/cifar-10/train/36952.png,cat,test,3
data/raw/cifar-10/train/20920.png,frog,test,6
data/raw/cifar-10/train/3088.png,cat,test,3
data/raw/cifar-10/train/22612.png,cat,test,3
data/raw/cifar-10/train/32692.png,ship,test,8
data/raw/cifar-10/train/33507.png,frog,test,6
data/raw/cifar-10/train/41130.png,horse,test,7
data/raw/cifar-10/train/45652.png,ship,test,8
data/raw/cifar-10/train/47948.png,ship,test,8
data/raw/cifar-10/train/42097.png,deer,test,4
data/raw/cifar-10/train/45017.png,automobile,test,1
data/raw/cifar-10/train/39346.png,horse,test,7
data/raw/cifar-10/train/34613.png,frog,test,6
data/raw/cifar-10/train/2701.png,horse,test,7
data/raw/cifar-10/train/20757.png,ship,test,8
data/raw/cifar-10/train/13292.png,frog,test,6
data/raw/cifar-10/train/38781.png,horse,test,7
data/raw/cifar-10/train/41169.png,cat,test,3
data/raw/cifar-10/train/8925.png,horse,test,7
data/raw/cifar-10/train/34157.png,frog,test,6
data/raw/cifar-10/train/47575.png,truck,test,9
data/raw/cifar-10/train/13523.png,airplane,test,0
data/raw/cifar-10/train/36016.png,automobile,test,1
data/raw/cifar-10/train/1169.png,airplane,test,0
data/raw/cifar-10/train/8206.png,dog,test,5
data/raw/cifar-10/train/36180.png,truck,test,9
data/raw/cifar-10/train/43502.png,frog,test,6
data/raw/cifar-10/train/45712.png,cat,test,3
data/raw/cifar-10/train/375.png,dog,test,5
data/raw/cifar-10/train/34419.png,deer,test,4
data/raw/cifar-10/train/36218.png,dog,test,5
data/raw/cifar-10/train/17950.png,bird,test,2
data/raw/cifar-10/train/49855.png,frog,test,6
data/raw/cifar-10/train/3234.png,automobile,test,1
data/raw/cifar-10/train/42501.png,horse,test,7
data/raw/cifar-10/train/42946.png,airplane,test,0
data/raw/cifar-10/train/25573.png,horse,test,7
data/raw/cifar-10/train/34093.png,frog,test,6
data/raw/cifar-10/train/13640.png,bird,test,2
data/raw/cifar-10/train/15268.png,deer,test,4
data/raw/cifar-10/train/20490.png,horse,test,7
data/raw/cifar-10/train/21706.png,dog,test,5
data/raw/cifar-10/train/12568.png,dog,test,5
data/raw/cifar-10/train/22440.png,frog,test,6
data/raw/cifar-10/train/5932.png,deer,test,4
data/raw/cifar-10/train/663.png,horse,test,7
data/raw/cifar-10/train/16249.png,automobile,test,1
data/raw/cifar-10/train/33579.png,dog,test,5
data/raw/cifar-10/train/43482.png,frog,test,6
data/raw/cifar-10/train/3048.png,dog,test,5
data/raw/cifar-10/train/25870.png,ship,test,8
data/raw/cifar-10/train/20917.png,airplane,test,0
data/raw/cifar-10/train/46404.png,frog,test,6
data/raw/cifar-10/train/33725.png,automobile,test,1
data/raw/cifar-10/train/1704.png,cat,test,3
data/raw/cifar-10/train/3904.png,airplane,test,0
data/raw/cifar-10/train/47381.png,ship,test,8
data/raw/cifar-10/train/38426.png,horse,test,7
data/raw/cifar-10/train/3690.png,airplane,test,0
data/raw/cifar-10/train/25334.png,dog,test,5
data/raw/cifar-10/train/5797.png,frog,test,6
data/raw/cifar-10/train/34378.png,bird,test,2
data/raw/cifar-10/train/18918.png,ship,test,8
data/raw/cifar-10/train/3483.png,ship,test,8
data/raw/cifar-10/train/42766.png,bird,test,2
data/raw/cifar-10/train/42535.png,ship,test,8
data/raw/cifar-10/train/39225.png,frog,test,6
data/raw/cifar-10/train/41202.png,ship,test,8
data/raw/cifar-10/train/1632.png,automobile,test,1
data/raw/cifar-10/train/6516.png,automobile,test,1
data/raw/cifar-10/train/1307.png,airplane,test,0
data/raw/cifar-10/train/1024.png,frog,test,6
data/raw/cifar-10/train/12613.png,cat,test,3
data/raw/cifar-10/train/45128.png,horse,test,7
data/raw/cifar-10/train/19510.png,ship,test,8
data/raw/cifar-10/train/21854.png,deer,test,4
data/raw/cifar-10/train/8663.png,dog,test,5
data/raw/cifar-10/train/24195.png,automobile,test,1
data/raw/cifar-10/train/20359.png,ship,test,8
data/raw/cifar-10/train/13237.png,dog,test,5
data/raw/cifar-10/train/30852.png,automobile,test,1
data/raw/cifar-10/train/18925.png,frog,test,6
data/raw/cifar-10/train/15740.png,cat,test,3
data/raw/cifar-10/train/20155.png,deer,test,4
data/raw/cifar-10/train/26978.png,ship,test,8
data/raw/cifar-10/train/3725.png,frog,test,6
data/raw/cifar-10/train/28705.png,cat,test,3
data/raw/cifar-10/train/13941.png,automobile,test,1
data/raw/cifar-10/train/12258.png,airplane,test,0
data/raw/cifar-10/train/31582.png,ship,test,8
data/raw/cifar-10/train/3347.png,automobile,test,1
data/raw/cifar-10/train/45625.png,deer,test,4
data/raw/cifar-10/train/37335.png,airplane,test,0
data/raw/cifar-10/train/22757.png,truck,test,9
data/raw/cifar-10/train/15918.png,deer,test,4
data/raw/cifar-10/train/28298.png,automobile,test,1
data/raw/cifar-10/train/48591.png,truck,test,9
data/raw/cifar-10/train/1030.png,automobile,test,1
data/raw/cifar-10/train/16310.png,automobile,test,1
data/raw/cifar-10/train/17599.png,bird,test,2
data/raw/cifar-10/train/31891.png,automobile,test,1
data/raw/cifar-10/train/47807.png,ship,test,8
data/raw/cifar-10/train/20723.png,airplane,test,0
data/raw/cifar-10/train/5800.png,cat,test,3
data/raw/cifar-10/train/2771.png,cat,test,3
data/raw/cifar-10/train/11816.png,bird,test,2
data/raw/cifar-10/train/15380.png,airplane,test,0
data/raw/cifar-10/train/18931.png,truck,test,9
data/raw/cifar-10/train/32690.png,frog,test,6
data/raw/cifar-10/train/16150.png,horse,test,7
data/raw/cifar-10/train/47643.png,automobile,test,1
data/raw/cifar-10/train/26638.png,automobile,test,1
data/raw/cifar-10/train/46783.png,airplane,test,0
data/raw/cifar-10/train/22190.png,airplane,test,0
data/raw/cifar-10/train/37039.png,cat,test,3
data/raw/cifar-10/train/37000.png,horse,test,7
data/raw/cifar-10/train/49065.png,truck,test,9
data/raw/cifar-10/train/3786.png,cat,test,3
data/raw/cifar-10/train/23433.png,dog,test,5
data/raw/cifar-10/train/30763.png,ship,test,8
data/raw/cifar-10/train/1372.png,frog,test,6
data/raw/cifar-10/train/15635.png,frog,test,6
data/raw/cifar-10/train/25505.png,cat,test,3
data/raw/cifar-10/train/42937.png,horse,test,7
data/raw/cifar-10/train/10662.png,deer,test,4
data/raw/cifar-10/train/41582.png,cat,test,3
data/raw/cifar-10/train/31297.png,truck,test,9
data/raw/cifar-10/train/43758.png,airplane,test,0
data/raw/cifar-10/train/11498.png,automobile,test,1
data/raw/cifar-10/train/36280.png,airplane,test,0
data/raw/cifar-10/train/35568.png,automobile,test,1
data/raw/cifar-10/train/42997.png,horse,test,7
data/raw/cifar-10/train/38542.png,truck,test,9
data/raw/cifar-10/train/21694.png,deer,test,4
data/raw/cifar-10/train/32861.png,automobile,test,1
data/raw/cifar-10/train/47957.png,bird,test,2
data/raw/cifar-10/train/39265.png,truck,test,9
data/raw/cifar-10/train/41502.png,dog,test,5
data/raw/cifar-10/train/46441.png,dog,test,5
data/raw/cifar-10/train/2761.png,bird,test,2
data/raw/cifar-10/train/13583.png,ship,test,8
data/raw/cifar-10/train/23236.png,cat,test,3
data/raw/cifar-10/train/2006.png,automobile,test,1
data/raw/cifar-10/train/2815.png,horse,test,7
data/raw/cifar-10/train/34133.png,dog,test,5
data/raw/cifar-10/train/9210.png,automobile,test,1
data/raw/cifar-10/train/32407.png,bird,test,2
data/raw/cifar-10/train/14698.png,bird,test,2
data/raw/cifar-10/train/42571.png,deer,test,4
data/raw/cifar-10/train/42220.png,deer,test,4
data/raw/cifar-10/train/4057.png,bird,test,2
data/raw/cifar-10/train/9905.png,cat,test,3
data/raw/cifar-10/train/48377.png,cat,test,3
data/raw/cifar-10/train/22085.png,airplane,test,0
data/raw/cifar-10/train/36580.png,ship,test,8
data/raw/cifar-10/train/33780.png,cat,test,3
data/raw/cifar-10/train/563.png,ship,test,8
data/raw/cifar-10/train/29863.png,deer,test,4
data/raw/cifar-10/train/19776.png,ship,test,8
data/raw/cifar-10/train/45319.png,ship,test,8
data/raw/cifar-10/train/47878.png,ship,test,8
data/raw/cifar-10/train/40943.png,horse,test,7
data/raw/cifar-10/train/36779.png,bird,test,2
data/raw/cifar-10/train/2889.png,frog,test,6
data/raw/cifar-10/train/20086.png,deer,test,4
data/raw/cifar-10/train/45658.png,horse,test,7
data/raw/cifar-10/train/31040.png,truck,test,9
data/raw/cifar-10/train/36272.png,truck,test,9
data/raw/cifar-10/train/21535.png,dog,test,5
data/raw/cifar-10/train/8457.png,deer,test,4
data/raw/cifar-10/train/32332.png,ship,test,8
data/raw/cifar-10/train/18983.png,truck,test,9
data/raw/cifar-10/train/34191.png,airplane,test,0
data/raw/cifar-10/train/4277.png,frog,test,6
data/raw/cifar-10/train/17119.png,frog,test,6
data/raw/cifar-10/train/33922.png,horse,test,7
data/raw/cifar-10/train/32049.png,dog,test,5
data/raw/cifar-10/train/30518.png,airplane,test,0
data/raw/cifar-10/train/30968.png,deer,test,4
data/raw/cifar-10/train/2929.png,automobile,test,1
data/raw/cifar-10/train/44526.png,deer,test,4
data/raw/cifar-10/train/20960.png,bird,test,2
data/raw/cifar-10/train/1385.png,truck,test,9
data/raw/cifar-10/train/4166.png,airplane,test,0
data/raw/cifar-10/train/25859.png,dog,test,5
data/raw/cifar-10/train/7488.png,cat,test,3
data/raw/cifar-10/train/32131.png,deer,test,4
data/raw/cifar-10/train/11682.png,truck,test,9
data/raw/cifar-10/train/16234.png,automobile,test,1
data/raw/cifar-10/train/41528.png,cat,test,3
data/raw/cifar-10/train/42767.png,cat,test,3
data/raw/cifar-10/train/33115.png,automobile,test,1
data/raw/cifar-10/train/4670.png,cat,test,3
data/raw/cifar-10/train/39884.png,airplane,test,0
data/raw/cifar-10/train/42342.png,automobile,test,1
data/raw/cifar-10/train/6975.png,ship,test,8
data/raw/cifar-10/train/29980.png,cat,test,3
data/raw/cifar-10/train/13659.png,dog,test,5
data/raw/cifar-10/train/33962.png,deer,test,4
data/raw/cifar-10/train/38782.png,cat,test,3
data/raw/cifar-10/train/44259.png,frog,test,6
data/raw/cifar-10/train/3076.png,truck,test,9
data/raw/cifar-10/train/45052.png,dog,test,5
data/raw/cifar-10/train/26673.png,ship,test,8
data/raw/cifar-10/train/45272.png,dog,test,5
data/raw/cifar-10/train/13191.png,dog,test,5
data/raw/cifar-10/train/12562.png,frog,test,6
data/raw/cifar-10/train/35051.png,deer,test,4
data/raw/cifar-10/train/35627.png,airplane,test,0
data/raw/cifar-10/train/11303.png,airplane,test,0
data/raw/cifar-10/train/5385.png,bird,test,2
data/raw/cifar-10/train/34278.png,horse,test,7
data/raw/cifar-10/train/6642.png,horse,test,7
data/raw/cifar-10/train/43284.png,cat,test,3
data/raw/cifar-10/train/36867.png,truck,test,9
data/raw/cifar-10/train/1020.png,horse,test,7
data/raw/cifar-10/train/15651.png,frog,test,6
data/raw/cifar-10/train/14450.png,horse,test,7
data/raw/cifar-10/train/46884.png,deer,test,4
data/raw/cifar-10/train/15376.png,truck,test,9
data/raw/cifar-10/train/39795.png,bird,test,2
data/raw/cifar-10/train/47287.png,horse,test,7
data/raw/cifar-10/train/43944.png,truck,test,9
data/raw/cifar-10/train/5581.png,airplane,test,0
data/raw/cifar-10/train/18696.png,horse,test,7
data/raw/cifar-10/train/17554.png,automobile,test,1
data/raw/cifar-10/train/14315.png,bird,test,2
data/raw/cifar-10/train/6624.png,automobile,test,1
data/raw/cifar-10/train/7128.png,truck,test,9
data/raw/cifar-10/train/6433.png,deer,test,4
data/raw/cifar-10/train/14817.png,deer,test,4
data/raw/cifar-10/train/19817.png,horse,test,7
data/raw/cifar-10/train/24389.png,truck,test,9
data/raw/cifar-10/train/34775.png,truck,test,9
data/raw/cifar-10/train/20419.png,cat,test,3
data/raw/cifar-10/train/13047.png,frog,test,6
data/raw/cifar-10/train/5748.png,automobile,test,1
data/raw/cifar-10/train/42182.png,bird,test,2
data/raw/cifar-10/train/36986.png,ship,test,8
data/raw/cifar-10/train/22194.png,cat,test,3
data/raw/cifar-10/train/451.png,dog,test,5
data/raw/cifar-10/train/10078.png,horse,test,7
data/raw/cifar-10/train/29169.png,truck,test,9
data/raw/cifar-10/train/6629.png,bird,test,2
data/raw/cifar-10/train/7851.png,bird,test,2
data/raw/cifar-10/train/10062.png,airplane,test,0
data/raw/cifar-10/train/31696.png,ship,test,8
data/raw/cifar-10/train/25693.png,deer,test,4
data/raw/cifar-10/train/20729.png,ship,test,8
data/raw/cifar-10/train/11385.png,deer,test,4
data/raw/cifar-10/train/41503.png,automobile,test,1
data/raw/cifar-10/train/7810.png,horse,test,7
data/raw/cifar-10/train/45791.png,horse,test,7
data/raw/cifar-10/train/8894.png,automobile,test,1
data/raw/cifar-10/train/19787.png,dog,test,5
data/raw/cifar-10/train/42700.png,ship,test,8
data/raw/cifar-10/train/32641.png,horse,test,7
data/raw/cifar-10/train/29699.png,deer,test,4
data/raw/cifar-10/train/34424.png,truck,test,9
data/raw/cifar-10/train/29544.png,automobile,test,1
data/raw/cifar-10/train/40003.png,dog,test,5
data/raw/cifar-10/train/37413.png,automobile,test,1
data/raw/cifar-10/train/429.png,truck,test,9
data/raw/cifar-10/train/15605.png,horse,test,7
data/raw/cifar-10/train/7940.png,horse,test,7
data/raw/cifar-10/train/28807.png,frog,test,6
data/raw/cifar-10/train/35617.png,bird,test,2
data/raw/cifar-10/train/18727.png,ship,test,8
data/raw/cifar-10/train/10602.png,airplane,test,0
data/raw/cifar-10/train/28460.png,truck,test,9
data/raw/cifar-10/train/49806.png,deer,test,4
data/raw/cifar-10/train/5156.png,ship,test,8
data/raw/cifar-10/train/43559.png,truck,test,9
data/raw/cifar-10/train/43396.png,dog,test,5
data/raw/cifar-10/train/43783.png,horse,test,7
data/raw/cifar-10/train/3777.png,deer,test,4
data/raw/cifar-10/train/9440.png,automobile,test,1
data/raw/cifar-10/train/32965.png,truck,test,9
data/raw/cifar-10/train/45054.png,cat,test,3
data/raw/cifar-10/train/39838.png,truck,test,9
data/raw/cifar-10/train/20527.png,bird,test,2
data/raw/cifar-10/train/42008.png,automobile,test,1
data/raw/cifar-10/train/28709.png,bird,test,2
data/raw/cifar-10/train/23102.png,frog,test,6
data/raw/cifar-10/train/42865.png,ship,test,8
data/raw/cifar-10/train/8953.png,ship,test,8
data/raw/cifar-10/train/21849.png,automobile,test,1
data/raw/cifar-10/train/12895.png,automobile,test,1
data/raw/cifar-10/train/43353.png,cat,test,3
data/raw/cifar-10/train/15290.png,bird,test,2
data/raw/cifar-10/train/33379.png,deer,test,4
data/raw/cifar-10/train/19734.png,ship,test,8
data/raw/cifar-10/train/44102.png,horse,test,7
data/raw/cifar-10/train/38245.png,bird,test,2
data/raw/cifar-10/train/3931.png,truck,test,9
data/raw/cifar-10/train/1191.png,truck,test,9
data/raw/cifar-10/train/45132.png,bird,test,2
data/raw/cifar-10/train/35220.png,frog,test,6
data/raw/cifar-10/train/33095.png,deer,test,4
data/raw/cifar-10/train/44343.png,frog,test,6
data/raw/cifar-10/train/37865.png,truck,test,9
data/raw/cifar-10/train/33713.png,horse,test,7
data/raw/cifar-10/train/22985.png,automobile,test,1
data/raw/cifar-10/train/7674.png,automobile,test,1
data/raw/cifar-10/train/33593.png,horse,test,7
data/raw/cifar-10/train/1421.png,frog,test,6
data/raw/cifar-10/train/25841.png,dog,test,5
data/raw/cifar-10/train/15306.png,cat,test,3
data/raw/cifar-10/train/5544.png,horse,test,7
data/raw/cifar-10/train/2955.png,ship,test,8
data/raw/cifar-10/train/14776.png,horse,test,7
data/raw/cifar-10/train/1894.png,truck,test,9
data/raw/cifar-10/train/30566.png,truck,test,9
data/raw/cifar-10/train/48902.png,automobile,test,1
data/raw/cifar-10/train/38735.png,ship,test,8
data/raw/cifar-10/train/48605.png,ship,test,8
data/raw/cifar-10/train/10502.png,cat,test,3
data/raw/cifar-10/train/13762.png,bird,test,2
data/raw/cifar-10/train/42852.png,truck,test,9
data/raw/cifar-10/train/4584.png,bird,test,2
data/raw/cifar-10/train/7084.png,ship,test,8
data/raw/cifar-10/train/34420.png,ship,test,8
data/raw/cifar-10/train/32613.png,truck,test,9
data/raw/cifar-10/train/12806.png,deer,test,4
data/raw/cifar-10/train/25474.png,frog,test,6
data/raw/cifar-10/train/30812.png,airplane,test,0
data/raw/cifar-10/train/28319.png,truck,test,9
data/raw/cifar-10/train/5137.png,dog,test,5
data/raw/cifar-10/train/26357.png,horse,test,7
data/raw/cifar-10/train/29060.png,truck,test,9
data/raw/cifar-10/train/2565.png,cat,test,3
data/raw/cifar-10/train/8443.png,frog,test,6
data/raw/cifar-10/train/11920.png,airplane,test,0
data/raw/cifar-10/train/41694.png,horse,test,7
data/raw/cifar-10/train/11813.png,airplane,test,0
data/raw/cifar-10/train/6394.png,airplane,test,0
data/raw/cifar-10/train/46834.png,truck,test,9
data/raw/cifar-10/train/7082.png,airplane,test,0
data/raw/cifar-10/train/41145.png,cat,test,3
data/raw/cifar-10/train/15270.png,cat,test,3
data/raw/cifar-10/train/13445.png,automobile,test,1
data/raw/cifar-10/train/16350.png,bird,test,2
data/raw/cifar-10/train/44448.png,horse,test,7
data/raw/cifar-10/train/45629.png,automobile,test,1
data/raw/cifar-10/train/46288.png,airplane,test,0
data/raw/cifar-10/train/19114.png,cat,test,3
data/raw/cifar-10/train/30462.png,cat,test,3
data/raw/cifar-10/train/12246.png,truck,test,9
data/raw/cifar-10/train/37637.png,horse,test,7
data/raw/cifar-10/train/4196.png,deer,test,4
data/raw/cifar-10/train/38907.png,deer,test,4
data/raw/cifar-10/train/49609.png,deer,test,4
data/raw/cifar-10/train/1883.png,deer,test,4
data/raw/cifar-10/train/14064.png,bird,test,2
data/raw/cifar-10/train/44933.png,airplane,test,0
data/raw/cifar-10/train/44823.png,ship,test,8
data/raw/cifar-10/train/42898.png,ship,test,8
data/raw/cifar-10/train/44422.png,dog,test,5
data/raw/cifar-10/train/28699.png,cat,test,3
data/raw/cifar-10/train/30433.png,cat,test,3
data/raw/cifar-10/train/17777.png,frog,test,6
data/raw/cifar-10/train/35067.png,deer,test,4
data/raw/cifar-10/train/23831.png,airplane,test,0
data/raw/cifar-10/train/17961.png,frog,test,6
data/raw/cifar-10/train/43078.png,airplane,test,0
data/raw/cifar-10/train/5792.png,automobile,test,1
data/raw/cifar-10/train/3993.png,automobile,test,1
data/raw/cifar-10/train/26443.png,bird,test,2
data/raw/cifar-10/train/39731.png,dog,test,5
data/raw/cifar-10/train/43528.png,bird,test,2
data/raw/cifar-10/train/18084.png,dog,test,5
data/raw/cifar-10/train/32271.png,deer,test,4
data/raw/cifar-10/train/16599.png,automobile,test,1
data/raw/cifar-10/train/22001.png,ship,test,8
data/raw/cifar-10/train/21301.png,truck,test,9
data/raw/cifar-10/train/48046.png,cat,test,3
data/raw/cifar-10/train/9707.png,frog,test,6
data/raw/cifar-10/train/29824.png,horse,test,7
data/raw/cifar-10/train/40623.png,truck,test,9
data/raw/cifar-10/train/22188.png,truck,test,9
data/raw/cifar-10/train/1275.png,dog,test,5
data/raw/cifar-10/train/43887.png,dog,test,5
data/raw/cifar-10/train/2818.png,ship,test,8
data/raw/cifar-10/train/46801.png,bird,test,2
data/raw/cifar-10/train/12350.png,dog,test,5
data/raw/cifar-10/train/28665.png,bird,test,2
data/raw/cifar-10/train/41033.png,automobile,test,1
data/raw/cifar-10/train/20347.png,cat,test,3
data/raw/cifar-10/train/3755.png,frog,test,6
data/raw/cifar-10/train/37383.png,automobile,test,1
data/raw/cifar-10/train/9881.png,truck,test,9
data/raw/cifar-10/train/10248.png,deer,test,4
data/raw/cifar-10/train/38614.png,airplane,test,0
data/raw/cifar-10/train/8029.png,cat,test,3
data/raw/cifar-10/train/45891.png,ship,test,8
data/raw/cifar-10/train/12356.png,airplane,test,0
data/raw/cifar-10/train/31147.png,cat,test,3
data/raw/cifar-10/train/13818.png,airplane,test,0
data/raw/cifar-10/train/40826.png,truck,test,9
data/raw/cifar-10/train/7183.png,horse,test,7
data/raw/cifar-10/train/22037.png,horse,test,7
data/raw/cifar-10/train/21453.png,bird,test,2
data/raw/cifar-10/train/17343.png,frog,test,6
data/raw/cifar-10/train/41272.png,cat,test,3
data/raw/cifar-10/train/1557.png,cat,test,3
data/raw/cifar-10/train/20295.png,deer,test,4
data/raw/cifar-10/train/3564.png,frog,test,6
data/raw/cifar-10/train/15497.png,automobile,test,1
data/raw/cifar-10/train/12158.png,horse,test,7
data/raw/cifar-10/train/9185.png,horse,test,7
data/raw/cifar-10/train/9795.png,cat,test,3
data/raw/cifar-10/train/12038.png,airplane,test,0
data/raw/cifar-10/train/13768.png,truck,test,9
data/raw/cifar-10/train/33705.png,frog,test,6
data/raw/cifar-10/train/27707.png,airplane,test,0
data/raw/cifar-10/train/18740.png,deer,test,4
data/raw/cifar-10/train/43218.png,automobile,test,1
data/raw/cifar-10/train/30434.png,ship,test,8
data/raw/cifar-10/train/20508.png,cat,test,3
data/raw/cifar-10/train/2826.png,automobile,test,1
data/raw/cifar-10/train/39028.png,airplane,test,0
data/raw/cifar-10/train/40340.png,truck,test,9
data/raw/cifar-10/train/45541.png,horse,test,7
data/raw/cifar-10/train/2578.png,ship,test,8
data/raw/cifar-10/train/315.png,cat,test,3
data/raw/cifar-10/train/10595.png,bird,test,2
data/raw/cifar-10/train/45562.png,horse,test,7
data/raw/cifar-10/train/9300.png,bird,test,2
data/raw/cifar-10/train/569.png,automobile,test,1
data/raw/cifar-10/train/38233.png,horse,test,7
data/raw/cifar-10/train/26480.png,dog,test,5
data/raw/cifar-10/train/33415.png,airplane,test,0
data/raw/cifar-10/train/23839.png,ship,test,8
data/raw/cifar-10/train/44019.png,frog,test,6
data/raw/cifar-10/train/5252.png,ship,test,8
data/raw/cifar-10/train/20560.png,truck,test,9
data/raw/cifar-10/train/4701.png,bird,test,2
data/raw/cifar-10/train/14095.png,bird,test,2
data/raw/cifar-10/train/25398.png,frog,test,6
data/raw/cifar-10/train/100.png,automobile,test,1
data/raw/cifar-10/train/48205.png,horse,test,7
data/raw/cifar-10/train/20919.png,cat,test,3
data/raw/cifar-10/train/7079.png,deer,test,4
data/raw/cifar-10/train/6807.png,ship,test,8
data/raw/cifar-10/train/44079.png,frog,test,6
data/raw/cifar-10/train/30399.png,ship,test,8
data/raw/cifar-10/train/43354.png,frog,test,6
data/raw/cifar-10/train/9527.png,bird,test,2
data/raw/cifar-10/train/28225.png,bird,test,2
data/raw/cifar-10/train/9469.png,frog,test,6
data/raw/cifar-10/train/8235.png,bird,test,2
data/raw/cifar-10/train/20795.png,dog,test,5
data/raw/cifar-10/train/20071.png,airplane,test,0
data/raw/cifar-10/train/41882.png,horse,test,7
data/raw/cifar-10/train/33297.png,deer,test,4
data/raw/cifar-10/train/2696.png,deer,test,4
data/raw/cifar-10/train/37682.png,ship,test,8
data/raw/cifar-10/train/16772.png,dog,test,5
data/raw/cifar-10/train/14333.png,truck,test,9
data/raw/cifar-10/train/44982.png,ship,test,8
data/raw/cifar-10/train/18158.png,cat,test,3
data/raw/cifar-10/train/30029.png,dog,test,5
data/raw/cifar-10/train/18623.png,deer,test,4
data/raw/cifar-10/train/47462.png,truck,test,9
data/raw/cifar-10/train/48054.png,automobile,test,1
data/raw/cifar-10/train/2013.png,ship,test,8
data/raw/cifar-10/train/36870.png,dog,test,5
data/raw/cifar-10/train/19868.png,automobile,test,1
data/raw/cifar-10/train/24642.png,airplane,test,0
data/raw/cifar-10/train/29724.png,deer,test,4
data/raw/cifar-10/train/7158.png,dog,test,5
data/raw/cifar-10/train/14569.png,cat,test,3
data/raw/cifar-10/train/4430.png,deer,test,4
data/raw/cifar-10/train/33613.png,cat,test,3
data/raw/cifar-10/train/33920.png,airplane,test,0
data/raw/cifar-10/train/34789.png,horse,test,7
data/raw/cifar-10/train/41752.png,airplane,test,0
data/raw/cifar-10/train/18632.png,ship,test,8
data/raw/cifar-10/train/23174.png,dog,test,5
data/raw/cifar-10/train/31322.png,horse,test,7
data/raw/cifar-10/train/28387.png,dog,test,5
data/raw/cifar-10/train/41427.png,horse,test,7
data/raw/cifar-10/train/4093.png,ship,test,8
data/raw/cifar-10/train/22716.png,dog,test,5
data/raw/cifar-10/train/33403.png,frog,test,6
data/raw/cifar-10/train/27340.png,ship,test,8
data/raw/cifar-10/train/30662.png,automobile,test,1
data/raw/cifar-10/train/8688.png,horse,test,7
data/raw/cifar-10/train/2487.png,deer,test,4
data/raw/cifar-10/train/12220.png,bird,test,2
data/raw/cifar-10/train/8067.png,deer,test,4
data/raw/cifar-10/train/7009.png,bird,test,2
data/raw/cifar-10/train/9202.png,horse,test,7
data/raw/cifar-10/train/44236.png,automobile,test,1
data/raw/cifar-10/train/2862.png,airplane,test,0
data/raw/cifar-10/train/11743.png,horse,test,7
data/raw/cifar-10/train/29029.png,cat,test,3
data/raw/cifar-10/train/25426.png,dog,test,5
data/raw/cifar-10/train/19984.png,automobile,test,1
data/raw/cifar-10/train/14149.png,cat,test,3
data/raw/cifar-10/train/8823.png,cat,test,3
data/raw/cifar-10/train/29474.png,automobile,test,1
data/raw/cifar-10/train/33212.png,cat,test,3
data/raw/cifar-10/train/15396.png,deer,test,4
data/raw/cifar-10/train/21460.png,cat,test,3
data/raw/cifar-10/train/46400.png,cat,test,3
data/raw/cifar-10/train/24141.png,ship,test,8
data/raw/cifar-10/train/45058.png,cat,test,3
data/raw/cifar-10/train/27063.png,deer,test,4
data/raw/cifar-10/train/2466.png,deer,test,4
data/raw/cifar-10/train/32155.png,horse,test,7
data/raw/cifar-10/train/761.png,horse,test,7
data/raw/cifar-10/train/22230.png,dog,test,5
data/raw/cifar-10/train/18069.png,truck,test,9
data/raw/cifar-10/train/36856.png,deer,test,4
data/raw/cifar-10/train/9993.png,bird,test,2
data/raw/cifar-10/train/36297.png,frog,test,6
data/raw/cifar-10/train/19557.png,frog,test,6
data/raw/cifar-10/train/35497.png,ship,test,8
data/raw/cifar-10/train/33623.png,dog,test,5
data/raw/cifar-10/train/25673.png,deer,test,4
data/raw/cifar-10/train/34845.png,horse,test,7
data/raw/cifar-10/train/4956.png,ship,test,8
data/raw/cifar-10/train/15203.png,cat,test,3
data/raw/cifar-10/train/19601.png,horse,test,7
data/raw/cifar-10/train/28026.png,airplane,test,0
data/raw/cifar-10/train/36315.png,airplane,test,0
data/raw/cifar-10/train/9781.png,deer,test,4
data/raw/cifar-10/train/8642.png,bird,test,2
data/raw/cifar-10/train/5665.png,cat,test,3
data/raw/cifar-10/train/14015.png,cat,test,3
data/raw/cifar-10/train/544.png,deer,test,4
data/raw/cifar-10/train/12492.png,frog,test,6
data/raw/cifar-10/train/46040.png,truck,test,9
data/raw/cifar-10/train/4844.png,frog,test,6
data/raw/cifar-10/train/33056.png,ship,test,8
data/raw/cifar-10/train/7846.png,horse,test,7
data/raw/cifar-10/train/8763.png,truck,test,9
data/raw/cifar-10/train/46746.png,cat,test,3
data/raw/cifar-10/train/29028.png,ship,test,8
data/raw/cifar-10/train/44122.png,bird,test,2
data/raw/cifar-10/train/22385.png,frog,test,6
data/raw/cifar-10/train/13181.png,frog,test,6
data/raw/cifar-10/train/48355.png,bird,test,2
data/raw/cifar-10/train/22510.png,deer,test,4
data/raw/cifar-10/train/27790.png,deer,test,4
data/raw/cifar-10/train/45918.png,ship,test,8
data/raw/cifar-10/train/8706.png,deer,test,4
data/raw/cifar-10/train/25097.png,ship,test,8
data/raw/cifar-10/train/15395.png,automobile,test,1
data/raw/cifar-10/train/40389.png,bird,test,2
data/raw/cifar-10/train/26637.png,automobile,test,1
data/raw/cifar-10/train/5996.png,horse,test,7
data/raw/cifar-10/train/13721.png,ship,test,8
data/raw/cifar-10/train/42612.png,ship,test,8
data/raw/cifar-10/train/21234.png,dog,test,5
data/raw/cifar-10/train/42995.png,truck,test,9
data/raw/cifar-10/train/25005.png,airplane,test,0
data/raw/cifar-10/train/8429.png,truck,test,9
data/raw/cifar-10/train/28511.png,dog,test,5
data/raw/cifar-10/train/45905.png,airplane,test,0
data/raw/cifar-10/train/1303.png,horse,test,7
data/raw/cifar-10/train/10570.png,automobile,test,1
data/raw/cifar-10/train/7597.png,bird,test,2
data/raw/cifar-10/train/25076.png,dog,test,5
data/raw/cifar-10/train/22338.png,frog,test,6
data/raw/cifar-10/train/8478.png,bird,test,2
data/raw/cifar-10/train/23293.png,horse,test,7
data/raw/cifar-10/train/8323.png,bird,test,2
data/raw/cifar-10/train/42532.png,automobile,test,1
data/raw/cifar-10/train/9349.png,bird,test,2
data/raw/cifar-10/train/29584.png,cat,test,3
data/raw/cifar-10/train/8091.png,automobile,test,1
data/raw/cifar-10/train/24879.png,ship,test,8
data/raw/cifar-10/train/30570.png,frog,test,6
data/raw/cifar-10/train/25656.png,dog,test,5
data/raw/cifar-10/train/19443.png,truck,test,9
data/raw/cifar-10/train/15713.png,horse,test,7
data/raw/cifar-10/train/12278.png,ship,test,8
data/raw/cifar-10/train/46161.png,cat,test,3
data/raw/cifar-10/train/18681.png,airplane,test,0
data/raw/cifar-10/train/26863.png,cat,test,3
data/raw/cifar-10/train/1963.png,cat,test,3
data/raw/cifar-10/train/2776.png,automobile,test,1
data/raw/cifar-10/train/34109.png,automobile,test,1
data/raw/cifar-10/train/17360.png,truck,test,9
data/raw/cifar-10/train/44822.png,dog,test,5
data/raw/cifar-10/train/38856.png,airplane,test,0
data/raw/cifar-10/train/39928.png,airplane,test,0
data/raw/cifar-10/train/34215.png,truck,test,9
data/raw/cifar-10/train/37235.png,deer,test,4
data/raw/cifar-10/train/23943.png,cat,test,3
data/raw/cifar-10/train/22553.png,automobile,test,1
data/raw/cifar-10/train/27047.png,bird,test,2
data/raw/cifar-10/train/25599.png,horse,test,7
data/raw/cifar-10/train/38204.png,horse,test,7
data/raw/cifar-10/train/22986.png,deer,test,4
data/raw/cifar-10/train/35180.png,airplane,test,0
data/raw/cifar-10/train/34696.png,ship,test,8
data/raw/cifar-10/train/44566.png,deer,test,4
data/raw/cifar-10/train/7200.png,truck,test,9
data/raw/cifar-10/train/46914.png,frog,test,6
data/raw/cifar-10/train/35676.png,deer,test,4
data/raw/cifar-10/train/42851.png,frog,test,6
data/raw/cifar-10/train/36967.png,ship,test,8
data/raw/cifar-10/train/20040.png,airplane,test,0
data/raw/cifar-10/train/49327.png,automobile,test,1
data/raw/cifar-10/train/5119.png,bird,test,2
data/raw/cifar-10/train/4286.png,horse,test,7
data/raw/cifar-10/train/3902.png,bird,test,2
data/raw/cifar-10/train/26928.png,ship,test,8
data/raw/cifar-10/train/11083.png,automobile,test,1
data/raw/cifar-10/train/2355.png,bird,test,2
data/raw/cifar-10/train/39492.png,deer,test,4
data/raw/cifar-10/train/31319.png,bird,test,2
data/raw/cifar-10/train/15945.png,bird,test,2
data/raw/cifar-10/train/4232.png,deer,test,4
data/raw/cifar-10/train/2351.png,airplane,test,0
data/raw/cifar-10/train/48456.png,truck,test,9
data/raw/cifar-10/train/10407.png,bird,test,2
data/raw/cifar-10/train/12964.png,automobile,test,1
data/raw/cifar-10/train/43180.png,bird,test,2
data/raw/cifar-10/train/14821.png,cat,test,3
data/raw/cifar-10/train/42616.png,bird,test,2
data/raw/cifar-10/train/5157.png,dog,test,5
data/raw/cifar-10/train/49863.png,frog,test,6
data/raw/cifar-10/train/37385.png,ship,test,8
data/raw/cifar-10/train/42252.png,horse,test,7
data/raw/cifar-10/train/38199.png,airplane,test,0
data/raw/cifar-10/train/32011.png,frog,test,6
data/raw/cifar-10/train/11326.png,airplane,test,0
data/raw/cifar-10/train/43828.png,cat,test,3
data/raw/cifar-10/train/7254.png,cat,test,3
data/raw/cifar-10/train/38775.png,deer,test,4
data/raw/cifar-10/train/43996.png,frog,test,6
data/raw/cifar-10/train/3888.png,truck,test,9
data/raw/cifar-10/train/41687.png,automobile,test,1
data/raw/cifar-10/train/25866.png,horse,test,7
data/raw/cifar-10/train/5279.png,ship,test,8
data/raw/cifar-10/train/5767.png,horse,test,7
data/raw/cifar-10/train/2512.png,automobile,test,1
data/raw/cifar-10/train/24677.png,airplane,test,0
data/raw/cifar-10/train/25255.png,cat,test,3
data/raw/cifar-10/train/48035.png,truck,test,9
data/raw/cifar-10/train/17012.png,airplane,test,0
data/raw/cifar-10/train/16540.png,frog,test,6
data/raw/cifar-10/train/23600.png,horse,test,7
data/raw/cifar-10/train/17205.png,frog,test,6
data/raw/cifar-10/train/43699.png,airplane,test,0
data/raw/cifar-10/train/2814.png,horse,test,7
data/raw/cifar-10/train/5796.png,ship,test,8
data/raw/cifar-10/train/15474.png,airplane,test,0
data/raw/cifar-10/train/47143.png,bird,test,2
data/raw/cifar-10/train/23657.png,bird,test,2
data/raw/cifar-10/train/20898.png,automobile,test,1
data/raw/cifar-10/train/24574.png,horse,test,7
data/raw/cifar-10/train/14857.png,airplane,test,0
data/raw/cifar-10/train/23912.png,bird,test,2
data/raw/cifar-10/train/11698.png,horse,test,7
data/raw/cifar-10/train/12183.png,truck,test,9
data/raw/cifar-10/train/49389.png,ship,test,8
data/raw/cifar-10/train/19013.png,dog,test,5
data/raw/cifar-10/train/1864.png,deer,test,4
data/raw/cifar-10/train/3020.png,bird,test,2
data/raw/cifar-10/train/33598.png,deer,test,4
data/raw/cifar-10/train/27000.png,bird,test,2
data/raw/cifar-10/train/1389.png,deer,test,4
data/raw/cifar-10/train/32330.png,horse,test,7
data/raw/cifar-10/train/10946.png,dog,test,5
data/raw/cifar-10/train/29011.png,cat,test,3
data/raw/cifar-10/train/25357.png,dog,test,5
data/raw/cifar-10/train/5769.png,deer,test,4
data/raw/cifar-10/train/35256.png,bird,test,2
data/raw/cifar-10/train/38075.png,dog,test,5
data/raw/cifar-10/train/15362.png,cat,test,3
data/raw/cifar-10/train/10221.png,frog,test,6
data/raw/cifar-10/train/28264.png,dog,test,5
data/raw/cifar-10/train/39035.png,frog,test,6
data/raw/cifar-10/train/15462.png,automobile,test,1
data/raw/cifar-10/train/2098.png,truck,test,9
data/raw/cifar-10/train/4313.png,dog,test,5
data/raw/cifar-10/train/16893.png,airplane,test,0
data/raw/cifar-10/train/37873.png,airplane,test,0
data/raw/cifar-10/train/40177.png,bird,test,2
data/raw/cifar-10/train/48686.png,dog,test,5
data/raw/cifar-10/train/35069.png,automobile,test,1
data/raw/cifar-10/train/1906.png,horse,test,7
data/raw/cifar-10/train/89.png,truck,test,9
data/raw/cifar-10/train/41074.png,airplane,test,0
data/raw/cifar-10/train/11437.png,bird,test,2
data/raw/cifar-10/train/11664.png,automobile,test,1
data/raw/cifar-10/train/40723.png,truck,test,9
data/raw/cifar-10/train/47877.png,truck,test,9
data/raw/cifar-10/train/27536.png,deer,test,4
data/raw/cifar-10/train/43170.png,truck,test,9
data/raw/cifar-10/train/34135.png,truck,test,9
data/raw/cifar-10/train/30400.png,automobile,test,1
data/raw/cifar-10/train/36800.png,ship,test,8
data/raw/cifar-10/train/16826.png,airplane,test,0
data/raw/cifar-10/train/10130.png,truck,test,9
data/raw/cifar-10/train/45391.png,airplane,test,0
data/raw/cifar-10/train/26818.png,truck,test,9
data/raw/cifar-10/train/46534.png,frog,test,6
data/raw/cifar-10/train/22633.png,dog,test,5
data/raw/cifar-10/train/37578.png,deer,test,4
data/raw/cifar-10/train/15518.png,frog,test,6
data/raw/cifar-10/train/8007.png,ship,test,8
data/raw/cifar-10/train/25286.png,truck,test,9
data/raw/cifar-10/train/47382.png,airplane,test,0
data/raw/cifar-10/train/38899.png,airplane,test,0
data/raw/cifar-10/train/22097.png,ship,test,8
data/raw/cifar-10/train/45085.png,automobile,test,1
data/raw/cifar-10/train/40019.png,airplane,test,0
data/raw/cifar-10/train/39682.png,cat,test,3
data/raw/cifar-10/train/27390.png,frog,test,6
data/raw/cifar-10/train/36479.png,frog,test,6
data/raw/cifar-10/train/40982.png,deer,test,4
data/raw/cifar-10/train/7537.png,deer,test,4
data/raw/cifar-10/train/3190.png,deer,test,4
data/raw/cifar-10/train/13437.png,airplane,test,0
data/raw/cifar-10/train/47565.png,automobile,test,1
data/raw/cifar-10/train/43017.png,truck,test,9
data/raw/cifar-10/train/17646.png,dog,test,5
data/raw/cifar-10/train/27803.png,automobile,test,1
data/raw/cifar-10/train/44880.png,bird,test,2
data/raw/cifar-10/train/17619.png,horse,test,7
data/raw/cifar-10/train/40915.png,cat,test,3
data/raw/cifar-10/train/15772.png,frog,test,6
data/raw/cifar-10/train/44011.png,truck,test,9
data/raw/cifar-10/train/47306.png,deer,test,4
data/raw/cifar-10/train/21763.png,ship,test,8
data/raw/cifar-10/train/31615.png,bird,test,2
data/raw/cifar-10/train/32550.png,truck,test,9
data/raw/cifar-10/train/20884.png,horse,test,7
data/raw/cifar-10/train/41784.png,horse,test,7
data/raw/cifar-10/train/24095.png,airplane,test,0
data/raw/cifar-10/train/29299.png,bird,test,2
data/raw/cifar-10/train/22606.png,truck,test,9
data/raw/cifar-10/train/16250.png,bird,test,2
data/raw/cifar-10/train/9526.png,airplane,test,0
data/raw/cifar-10/train/4690.png,airplane,test,0
data/raw/cifar-10/train/7274.png,horse,test,7
data/raw/cifar-10/train/28546.png,bird,test,2
data/raw/cifar-10/train/48025.png,airplane,test,0
data/raw/cifar-10/train/7443.png,automobile,test,1
data/raw/cifar-10/train/39103.png,automobile,test,1
data/raw/cifar-10/train/6674.png,automobile,test,1
data/raw/cifar-10/train/47152.png,automobile,test,1
data/raw/cifar-10/train/11072.png,dog,test,5
data/raw/cifar-10/train/6247.png,frog,test,6
data/raw/cifar-10/train/13695.png,ship,test,8
data/raw/cifar-10/train/33805.png,horse,test,7
data/raw/cifar-10/train/11916.png,bird,test,2
data/raw/cifar-10/train/16743.png,bird,test,2
data/raw/cifar-10/train/24439.png,ship,test,8
data/raw/cifar-10/train/6671.png,automobile,test,1
data/raw/cifar-10/train/7292.png,horse,test,7
data/raw/cifar-10/train/30225.png,bird,test,2
data/raw/cifar-10/train/6686.png,bird,test,2
data/raw/cifar-10/train/42957.png,frog,test,6
data/raw/cifar-10/train/46995.png,deer,test,4
data/raw/cifar-10/train/20238.png,ship,test,8
data/raw/cifar-10/train/37444.png,truck,test,9
data/raw/cifar-10/train/29271.png,automobile,test,1
data/raw/cifar-10/train/36836.png,bird,test,2
data/raw/cifar-10/train/5951.png,deer,test,4
data/raw/cifar-10/train/37823.png,frog,test,6
data/raw/cifar-10/train/10212.png,frog,test,6
data/raw/cifar-10/train/43979.png,cat,test,3
data/raw/cifar-10/train/30787.png,bird,test,2
data/raw/cifar-10/train/14245.png,deer,test,4
data/raw/cifar-10/train/28047.png,truck,test,9
data/raw/cifar-10/train/16275.png,bird,test,2
data/raw/cifar-10/train/47719.png,bird,test,2
data/raw/cifar-10/train/49226.png,automobile,test,1
data/raw/cifar-10/train/25150.png,bird,test,2
data/raw/cifar-10/train/8458.png,dog,test,5
data/raw/cifar-10/train/27636.png,horse,test,7
data/raw/cifar-10/train/42379.png,horse,test,7
data/raw/cifar-10/train/19259.png,bird,test,2
data/raw/cifar-10/train/47806.png,airplane,test,0
data/raw/cifar-10/train/501.png,dog,test,5
data/raw/cifar-10/train/3049.png,frog,test,6
data/raw/cifar-10/train/15594.png,bird,test,2
data/raw/cifar-10/train/49676.png,dog,test,5
data/raw/cifar-10/train/6521.png,bird,test,2
data/raw/cifar-10/train/34810.png,automobile,test,1
data/raw/cifar-10/train/40635.png,cat,test,3
data/raw/cifar-10/train/20080.png,automobile,test,1
data/raw/cifar-10/train/24598.png,cat,test,3
data/raw/cifar-10/train/37058.png,cat,test,3
data/raw/cifar-10/train/47333.png,airplane,test,0
data/raw/cifar-10/train/33087.png,frog,test,6
data/raw/cifar-10/train/45215.png,automobile,test,1
data/raw/cifar-10/train/44455.png,airplane,test,0
data/raw/cifar-10/train/12523.png,deer,test,4
data/raw/cifar-10/train/11459.png,cat,test,3
data/raw/cifar-10/train/36241.png,cat,test,3
data/raw/cifar-10/train/21070.png,horse,test,7
data/raw/cifar-10/train/48405.png,bird,test,2
data/raw/cifar-10/train/21355.png,deer,test,4
data/raw/cifar-10/train/7178.png,automobile,test,1
data/raw/cifar-10/train/29284.png,automobile,test,1
data/raw/cifar-10/train/21199.png,dog,test,5
data/raw/cifar-10/train/9672.png,airplane,test,0
data/raw/cifar-10/train/9789.png,frog,test,6
data/raw/cifar-10/train/2163.png,cat,test,3
data/raw/cifar-10/train/2028.png,airplane,test,0
data/raw/cifar-10/train/15849.png,airplane,test,0
data/raw/cifar-10/train/43903.png,horse,test,7
data/raw/cifar-10/train/5528.png,bird,test,2
data/raw/cifar-10/train/20073.png,horse,test,7
data/raw/cifar-10/train/10710.png,dog,test,5
data/raw/cifar-10/train/42203.png,ship,test,8
data/raw/cifar-10/train/48402.png,frog,test,6
data/raw/cifar-10/train/17766.png,truck,test,9
data/raw/cifar-10/train/33083.png,horse,test,7
data/raw/cifar-10/train/27002.png,bird,test,2
data/raw/cifar-10/train/48399.png,dog,test,5
data/raw/cifar-10/train/21188.png,deer,test,4
data/raw/cifar-10/train/17530.png,cat,test,3
data/raw/cifar-10/train/966.png,airplane,test,0
data/raw/cifar-10/train/45222.png,deer,test,4
data/raw/cifar-10/train/18002.png,dog,test,5
data/raw/cifar-10/train/16171.png,truck,test,9
data/raw/cifar-10/train/49303.png,frog,test,6
data/raw/cifar-10/train/10702.png,deer,test,4
data/raw/cifar-10/train/27111.png,bird,test,2
data/raw/cifar-10/train/35630.png,cat,test,3
data/raw/cifar-10/train/47853.png,airplane,test,0
data/raw/cifar-10/train/11286.png,dog,test,5
data/raw/cifar-10/train/45875.png,horse,test,7
data/raw/cifar-10/train/28587.png,ship,test,8
data/raw/cifar-10/train/24054.png,ship,test,8
data/raw/cifar-10/train/10884.png,cat,test,3
data/raw/cifar-10/train/36849.png,automobile,test,1
data/raw/cifar-10/train/32845.png,cat,test,3
data/raw/cifar-10/train/35157.png,deer,test,4
data/raw/cifar-10/train/31461.png,cat,test,3
data/raw/cifar-10/train/12646.png,deer,test,4
data/raw/cifar-10/train/37935.png,bird,test,2
data/raw/cifar-10/train/1435.png,airplane,test,0
data/raw/cifar-10/train/20349.png,dog,test,5
data/raw/cifar-10/train/23332.png,horse,test,7
data/raw/cifar-10/train/12980.png,truck,test,9
data/raw/cifar-10/train/39874.png,frog,test,6
data/raw/cifar-10/train/3145.png,ship,test,8
data/raw/cifar-10/train/10183.png,cat,test,3
data/raw/cifar-10/train/47743.png,bird,test,2
data/raw/cifar-10/train/36810.png,cat,test,3
data/raw/cifar-10/train/19999.png,bird,test,2
data/raw/cifar-10/train/32535.png,frog,test,6
data/raw/cifar-10/train/12534.png,bird,test,2
data/raw/cifar-10/train/16069.png,deer,test,4
data/raw/cifar-10/train/47263.png,truck,test,9
data/raw/cifar-10/train/27485.png,bird,test,2
data/raw/cifar-10/train/1993.png,deer,test,4
data/raw/cifar-10/train/36742.png,truck,test,9
data/raw/cifar-10/train/26226.png,ship,test,8
data/raw/cifar-10/train/6054.png,dog,test,5
data/raw/cifar-10/train/45239.png,bird,test,2
data/raw/cifar-10/train/2371.png,horse,test,7
data/raw/cifar-10/train/47999.png,cat,test,3
data/raw/cifar-10/train/29704.png,automobile,test,1
data/raw/cifar-10/train/9838.png,automobile,test,1
data/raw/cifar-10/train/38605.png,horse,test,7
data/raw/cifar-10/train/15828.png,airplane,test,0
data/raw/cifar-10/train/2221.png,ship,test,8
data/raw/cifar-10/train/10854.png,truck,test,9
data/raw/cifar-10/train/33794.png,bird,test,2
data/raw/cifar-10/train/7706.png,frog,test,6
data/raw/cifar-10/train/20667.png,frog,test,6
data/raw/cifar-10/train/15136.png,ship,test,8
data/raw/cifar-10/train/33571.png,ship,test,8
data/raw/cifar-10/train/21200.png,automobile,test,1
data/raw/cifar-10/train/13212.png,truck,test,9
data/raw/cifar-10/train/7894.png,cat,test,3
data/raw/cifar-10/train/17779.png,dog,test,5
data/raw/cifar-10/train/20383.png,dog,test,5
data/raw/cifar-10/train/1514.png,dog,test,5
data/raw/cifar-10/train/6358.png,truck,test,9
data/raw/cifar-10/train/22296.png,frog,test,6
data/raw/cifar-10/train/46342.png,cat,test,3
data/raw/cifar-10/train/3471.png,frog,test,6
data/raw/cifar-10/train/15926.png,deer,test,4
data/raw/cifar-10/train/27795.png,automobile,test,1
data/raw/cifar-10/train/16866.png,deer,test,4
data/raw/cifar-10/train/8471.png,truck,test,9
data/raw/cifar-10/train/15003.png,horse,test,7
data/raw/cifar-10/train/35186.png,deer,test,4
data/raw/cifar-10/train/48115.png,dog,test,5
data/raw/cifar-10/train/36761.png,ship,test,8
data/raw/cifar-10/train/14485.png,deer,test,4
data/raw/cifar-10/train/12905.png,cat,test,3
data/raw/cifar-10/train/595.png,truck,test,9
data/raw/cifar-10/train/14881.png,truck,test,9
data/raw/cifar-10/train/42856.png,truck,test,9
data/raw/cifar-10/train/12892.png,ship,test,8
data/raw/cifar-10/train/2065.png,dog,test,5
data/raw/cifar-10/train/40585.png,cat,test,3
data/raw/cifar-10/train/49615.png,cat,test,3
data/raw/cifar-10/train/24678.png,airplane,test,0
data/raw/cifar-10/train/11353.png,ship,test,8
data/raw/cifar-10/train/9206.png,dog,test,5
data/raw/cifar-10/train/2358.png,truck,test,9
data/raw/cifar-10/train/9882.png,airplane,test,0
data/raw/cifar-10/train/4974.png,deer,test,4
data/raw/cifar-10/train/27689.png,frog,test,6
data/raw/cifar-10/train/7346.png,dog,test,5
data/raw/cifar-10/train/19291.png,truck,test,9
data/raw/cifar-10/train/20345.png,cat,test,3
data/raw/cifar-10/train/34125.png,bird,test,2
data/raw/cifar-10/train/12245.png,horse,test,7
data/raw/cifar-10/train/8270.png,dog,test,5
data/raw/cifar-10/train/39617.png,cat,test,3
data/raw/cifar-10/train/18365.png,bird,test,2
data/raw/cifar-10/train/7522.png,bird,test,2
data/raw/cifar-10/train/14849.png,airplane,test,0
data/raw/cifar-10/train/24478.png,truck,test,9
data/raw/cifar-10/train/38004.png,airplane,test,0
data/raw/cifar-10/train/36620.png,horse,test,7
data/raw/cifar-10/train/6721.png,deer,test,4
data/raw/cifar-10/train/26677.png,dog,test,5
data/raw/cifar-10/train/28803.png,bird,test,2
data/raw/cifar-10/train/2270.png,bird,test,2
data/raw/cifar-10/train/10148.png,ship,test,8
data/raw/cifar-10/train/42153.png,dog,test,5
data/raw/cifar-10/train/827.png,ship,test,8
data/raw/cifar-10/train/50000.png,automobile,test,1
data/raw/cifar-10/train/32908.png,frog,test,6
data/raw/cifar-10/train/15768.png,airplane,test,0
data/raw/cifar-10/train/49153.png,ship,test,8
data/raw/cifar-10/train/16349.png,horse,test,7
data/raw/cifar-10/train/41310.png,frog,test,6
data/raw/cifar-10/train/22233.png,dog,test,5
data/raw/cifar-10/train/1745.png,truck,test,9
data/raw/cifar-10/train/45211.png,automobile,test,1
data/raw/cifar-10/train/12844.png,deer,test,4
data/raw/cifar-10/train/24859.png,horse,test,7
data/raw/cifar-10/train/9509.png,automobile,test,1
data/raw/cifar-10/train/30693.png,truck,test,9
data/raw/cifar-10/train/47583.png,automobile,test,1
data/raw/cifar-10/train/4190.png,bird,test,2
data/raw/cifar-10/train/30957.png,horse,test,7
data/raw/cifar-10/train/28957.png,frog,test,6
data/raw/cifar-10/train/1337.png,ship,test,8
data/raw/cifar-10/train/31781.png,frog,test,6
data/raw/cifar-10/train/40137.png,ship,test,8
data/raw/cifar-10/train/32630.png,airplane,test,0
data/raw/cifar-10/train/22019.png,deer,test,4
data/raw/cifar-10/train/21928.png,horse,test,7
data/raw/cifar-10/train/25184.png,bird,test,2
data/raw/cifar-10/train/14903.png,truck,test,9
data/raw/cifar-10/train/4777.png,bird,test,2
data/raw/cifar-10/train/3855.png,horse,test,7
data/raw/cifar-10/train/38980.png,deer,test,4
data/raw/cifar-10/train/29901.png,horse,test,7
data/raw/cifar-10/train/10111.png,automobile,test,1
data/raw/cifar-10/train/20149.png,frog,test,6
data/raw/cifar-10/train/7816.png,dog,test,5
data/raw/cifar-10/train/17647.png,cat,test,3
data/raw/cifar-10/train/45820.png,dog,test,5
data/raw/cifar-10/train/20023.png,frog,test,6
data/raw/cifar-10/train/48416.png,airplane,test,0
data/raw/cifar-10/train/32511.png,cat,test,3
data/raw/cifar-10/train/17548.png,dog,test,5
data/raw/cifar-10/train/22300.png,airplane,test,0
data/raw/cifar-10/train/33017.png,deer,test,4
data/raw/cifar-10/train/45219.png,bird,test,2
data/raw/cifar-10/train/49304.png,airplane,test,0
data/raw/cifar-10/train/33896.png,airplane,test,0
data/raw/cifar-10/train/42331.png,horse,test,7
data/raw/cifar-10/train/2097.png,ship,test,8
data/raw/cifar-10/train/33310.png,frog,test,6
data/raw/cifar-10/train/44978.png,deer,test,4
data/raw/cifar-10/train/40601.png,dog,test,5
data/raw/cifar-10/train/14467.png,cat,test,3
data/raw/cifar-10/train/33232.png,ship,test,8
data/raw/cifar-10/train/25274.png,cat,test,3
data/raw/cifar-10/train/23276.png,automobile,test,1
data/raw/cifar-10/train/3059.png,ship,test,8
data/raw/cifar-10/train/18746.png,airplane,test,0
data/raw/cifar-10/train/16753.png,airplane,test,0
data/raw/cifar-10/train/38732.png,bird,test,2
data/raw/cifar-10/train/38816.png,ship,test,8
data/raw/cifar-10/train/46793.png,horse,test,7
data/raw/cifar-10/train/36467.png,deer,test,4
data/raw/cifar-10/train/22354.png,frog,test,6
data/raw/cifar-10/train/32277.png,deer,test,4
data/raw/cifar-10/train/36239.png,automobile,test,1
data/raw/cifar-10/train/21548.png,automobile,test,1
data/raw/cifar-10/train/19779.png,airplane,test,0
data/raw/cifar-10/train/29453.png,dog,test,5
data/raw/cifar-10/train/18233.png,ship,test,8
data/raw/cifar-10/train/25689.png,cat,test,3
data/raw/cifar-10/train/39994.png,truck,test,9
data/raw/cifar-10/train/28286.png,truck,test,9
data/raw/cifar-10/train/19488.png,dog,test,5
data/raw/cifar-10/train/32387.png,dog,test,5
data/raw/cifar-10/train/2191.png,deer,test,4
data/raw/cifar-10/train/322.png,horse,test,7
data/raw/cifar-10/train/40541.png,truck,test,9
data/raw/cifar-10/train/8280.png,deer,test,4
data/raw/cifar-10/train/48875.png,ship,test,8
data/raw/cifar-10/train/29190.png,airplane,test,0
data/raw/cifar-10/train/29667.png,airplane,test,0
data/raw/cifar-10/train/38006.png,truck,test,9
data/raw/cifar-10/train/25042.png,bird,test,2
data/raw/cifar-10/train/27716.png,ship,test,8
data/raw/cifar-10/train/27429.png,deer,test,4
data/raw/cifar-10/train/1666.png,ship,test,8
data/raw/cifar-10/train/45170.png,frog,test,6
data/raw/cifar-10/train/9837.png,horse,test,7
data/raw/cifar-10/train/18891.png,automobile,test,1
data/raw/cifar-10/train/8424.png,deer,test,4
data/raw/cifar-10/train/18977.png,frog,test,6
data/raw/cifar-10/train/30100.png,dog,test,5
data/raw/cifar-10/train/12208.png,ship,test,8
data/raw/cifar-10/train/18444.png,horse,test,7
data/raw/cifar-10/train/29177.png,automobile,test,1
data/raw/cifar-10/train/15242.png,ship,test,8
data/raw/cifar-10/train/32085.png,truck,test,9
data/raw/cifar-10/train/28718.png,cat,test,3
data/raw/cifar-10/train/45485.png,airplane,test,0
data/raw/cifar-10/train/32593.png,airplane,test,0
data/raw/cifar-10/train/36789.png,frog,test,6
data/raw/cifar-10/train/40533.png,cat,test,3
data/raw/cifar-10/train/46573.png,horse,test,7
data/raw/cifar-10/train/38509.png,frog,test,6
data/raw/cifar-10/train/46575.png,truck,test,9
data/raw/cifar-10/train/32289.png,deer,test,4
data/raw/cifar-10/train/27614.png,deer,test,4
data/raw/cifar-10/train/30697.png,automobile,test,1
data/raw/cifar-10/train/5194.png,deer,test,4
data/raw/cifar-10/train/42692.png,dog,test,5
data/raw/cifar-10/train/15298.png,bird,test,2
data/raw/cifar-10/train/20655.png,deer,test,4
data/raw/cifar-10/train/44568.png,horse,test,7
data/raw/cifar-10/train/42189.png,automobile,test,1
data/raw/cifar-10/train/49357.png,automobile,test,1
data/raw/cifar-10/train/48274.png,ship,test,8
data/raw/cifar-10/train/42319.png,automobile,test,1
data/raw/cifar-10/train/12581.png,deer,test,4
data/raw/cifar-10/train/20669.png,ship,test,8
data/raw/cifar-10/train/13661.png,airplane,test,0
data/raw/cifar-10/train/45630.png,dog,test,5
data/raw/cifar-10/train/34733.png,dog,test,5
data/raw/cifar-10/train/15473.png,horse,test,7
data/raw/cifar-10/train/37960.png,ship,test,8
data/raw/cifar-10/train/10646.png,ship,test,8
data/raw/cifar-10/train/3815.png,bird,test,2
data/raw/cifar-10/train/7448.png,ship,test,8
data/raw/cifar-10/train/49322.png,ship,test,8
data/raw/cifar-10/train/9345.png,ship,test,8
data/raw/cifar-10/train/25403.png,deer,test,4
data/raw/cifar-10/train/43047.png,ship,test,8
data/raw/cifar-10/train/1668.png,deer,test,4
data/raw/cifar-10/train/28522.png,bird,test,2
data/raw/cifar-10/train/49697.png,ship,test,8
data/raw/cifar-10/train/15318.png,horse,test,7
data/raw/cifar-10/train/34969.png,bird,test,2
data/raw/cifar-10/train/28450.png,airplane,test,0
data/raw/cifar-10/train/41590.png,cat,test,3
data/raw/cifar-10/train/37895.png,dog,test,5
data/raw/cifar-10/train/4958.png,airplane,test,0
data/raw/cifar-10/train/4887.png,horse,test,7
data/raw/cifar-10/train/19288.png,bird,test,2
data/raw/cifar-10/train/10157.png,horse,test,7
data/raw/cifar-10/train/38530.png,dog,test,5
data/raw/cifar-10/train/25442.png,deer,test,4
data/raw/cifar-10/train/46670.png,dog,test,5
data/raw/cifar-10/train/27517.png,airplane,test,0
data/raw/cifar-10/train/11958.png,deer,test,4
data/raw/cifar-10/train/46835.png,horse,test,7
data/raw/cifar-10/train/48030.png,horse,test,7
data/raw/cifar-10/train/6651.png,airplane,test,0
data/raw/cifar-10/train/31369.png,horse,test,7
data/raw/cifar-10/train/26980.png,deer,test,4
data/raw/cifar-10/train/39242.png,airplane,test,0
data/raw/cifar-10/train/43839.png,airplane,test,0
data/raw/cifar-10/train/8884.png,ship,test,8
data/raw/cifar-10/train/21523.png,airplane,test,0
data/raw/cifar-10/train/7458.png,truck,test,9
data/raw/cifar-10/train/8972.png,airplane,test,0
data/raw/cifar-10/train/45360.png,bird,test,2
data/raw/cifar-10/train/23285.png,truck,test,9
data/raw/cifar-10/train/13937.png,bird,test,2
data/raw/cifar-10/train/33708.png,dog,test,5
data/raw/cifar-10/train/635.png,truck,test,9
data/raw/cifar-10/train/27940.png,deer,test,4
data/raw/cifar-10/train/26447.png,truck,test,9
data/raw/cifar-10/train/41250.png,deer,test,4
data/raw/cifar-10/train/30146.png,bird,test,2
data/raw/cifar-10/train/43423.png,bird,test,2
data/raw/cifar-10/train/43072.png,dog,test,5
data/raw/cifar-10/train/25660.png,airplane,test,0
data/raw/cifar-10/train/18324.png,horse,test,7
data/raw/cifar-10/train/24106.png,dog,test,5
data/raw/cifar-10/train/9146.png,cat,test,3
data/raw/cifar-10/train/15023.png,ship,test,8
data/raw/cifar-10/train/42776.png,bird,test,2
data/raw/cifar-10/train/28688.png,ship,test,8
data/raw/cifar-10/train/38720.png,automobile,test,1
data/raw/cifar-10/train/47318.png,airplane,test,0
data/raw/cifar-10/train/43321.png,horse,test,7
data/raw/cifar-10/train/13061.png,airplane,test,0
data/raw/cifar-10/train/14236.png,deer,test,4
data/raw/cifar-10/train/43866.png,automobile,test,1
data/raw/cifar-10/train/3698.png,truck,test,9
data/raw/cifar-10/train/42112.png,dog,test,5
data/raw/cifar-10/train/8024.png,airplane,test,0
data/raw/cifar-10/train/4728.png,bird,test,2
data/raw/cifar-10/train/19866.png,automobile,test,1
data/raw/cifar-10/train/3989.png,horse,test,7
data/raw/cifar-10/train/49789.png,ship,test,8
data/raw/cifar-10/train/35963.png,horse,test,7
data/raw/cifar-10/train/40769.png,airplane,test,0
data/raw/cifar-10/train/49888.png,ship,test,8
data/raw/cifar-10/train/45384.png,frog,test,6
data/raw/cifar-10/train/38181.png,horse,test,7
data/raw/cifar-10/train/44769.png,cat,test,3
data/raw/cifar-10/train/35365.png,automobile,test,1
data/raw/cifar-10/train/11975.png,horse,test,7
data/raw/cifar-10/train/5596.png,truck,test,9
data/raw/cifar-10/train/3189.png,cat,test,3
data/raw/cifar-10/train/48794.png,ship,test,8
data/raw/cifar-10/train/45799.png,truck,test,9
data/raw/cifar-10/train/12663.png,truck,test,9
data/raw/cifar-10/train/8678.png,deer,test,4
data/raw/cifar-10/train/5474.png,cat,test,3
data/raw/cifar-10/train/47093.png,horse,test,7
data/raw/cifar-10/train/15495.png,airplane,test,0
data/raw/cifar-10/train/40595.png,automobile,test,1
data/raw/cifar-10/train/8401.png,dog,test,5
data/raw/cifar-10/train/24658.png,truck,test,9
data/raw/cifar-10/train/572.png,frog,test,6
data/raw/cifar-10/train/8305.png,bird,test,2
data/raw/cifar-10/train/14656.png,bird,test,2
data/raw/cifar-10/train/49594.png,automobile,test,1
data/raw/cifar-10/train/12043.png,cat,test,3
data/raw/cifar-10/train/30337.png,frog,test,6
data/raw/cifar-10/train/10505.png,truck,test,9
data/raw/cifar-10/train/16063.png,frog,test,6
data/raw/cifar-10/train/22364.png,frog,test,6
data/raw/cifar-10/train/30896.png,airplane,test,0
data/raw/cifar-10/train/20292.png,horse,test,7
data/raw/cifar-10/train/485.png,deer,test,4
data/raw/cifar-10/train/5913.png,frog,test,6
data/raw/cifar-10/train/18961.png,cat,test,3
data/raw/cifar-10/train/38634.png,airplane,test,0
data/raw/cifar-10/train/18104.png,frog,test,6
data/raw/cifar-10/train/38648.png,cat,test,3
data/raw/cifar-10/train/2585.png,automobile,test,1
data/raw/cifar-10/train/43650.png,airplane,test,0
data/raw/cifar-10/train/10571.png,deer,test,4
data/raw/cifar-10/train/25339.png,truck,test,9
data/raw/cifar-10/train/35525.png,airplane,test,0
data/raw/cifar-10/train/35636.png,automobile,test,1
data/raw/cifar-10/train/7716.png,frog,test,6
data/raw/cifar-10/train/27412.png,horse,test,7
data/raw/cifar-10/train/45948.png,cat,test,3
data/raw/cifar-10/train/11210.png,deer,test,4
data/raw/cifar-10/train/23894.png,ship,test,8
data/raw/cifar-10/train/20608.png,horse,test,7
data/raw/cifar-10/train/40726.png,frog,test,6
data/raw/cifar-10/train/39355.png,horse,test,7
data/raw/cifar-10/train/40121.png,horse,test,7
data/raw/cifar-10/train/33479.png,airplane,test,0
data/raw/cifar-10/train/32570.png,frog,test,6
data/raw/cifar-10/train/37237.png,cat,test,3
data/raw/cifar-10/train/39484.png,frog,test,6
data/raw/cifar-10/train/21725.png,cat,test,3
data/raw/cifar-10/train/5810.png,horse,test,7
data/raw/cifar-10/train/48664.png,airplane,test,0
data/raw/cifar-10/train/19483.png,frog,test,6
data/raw/cifar-10/train/1184.png,ship,test,8
data/raw/cifar-10/train/42945.png,ship,test,8
data/raw/cifar-10/train/5711.png,horse,test,7
data/raw/cifar-10/train/34228.png,deer,test,4
data/raw/cifar-10/train/1340.png,deer,test,4
data/raw/cifar-10/train/27071.png,truck,test,9
data/raw/cifar-10/train/35335.png,dog,test,5
data/raw/cifar-10/train/39815.png,frog,test,6
data/raw/cifar-10/train/1886.png,airplane,test,0
data/raw/cifar-10/train/19797.png,truck,test,9
data/raw/cifar-10/train/25014.png,ship,test,8
data/raw/cifar-10/train/37482.png,frog,test,6
data/raw/cifar-10/train/18191.png,ship,test,8
data/raw/cifar-10/train/19833.png,horse,test,7
data/raw/cifar-10/train/3241.png,ship,test,8
data/raw/cifar-10/train/34083.png,deer,test,4
data/raw/cifar-10/train/37918.png,frog,test,6
data/raw/cifar-10/train/30922.png,deer,test,4
data/raw/cifar-10/train/15836.png,ship,test,8
data/raw/cifar-10/train/44442.png,dog,test,5
data/raw/cifar-10/train/44272.png,ship,test,8
data/raw/cifar-10/train/34782.png,airplane,test,0
data/raw/cifar-10/train/32916.png,ship,test,8
data/raw/cifar-10/train/47671.png,automobile,test,1
data/raw/cifar-10/train/39774.png,cat,test,3
data/raw/cifar-10/train/34087.png,bird,test,2
data/raw/cifar-10/train/34519.png,horse,test,7
data/raw/cifar-10/train/39741.png,deer,test,4
data/raw/cifar-10/train/3858.png,ship,test,8
data/raw/cifar-10/train/49662.png,dog,test,5
data/raw/cifar-10/train/18908.png,automobile,test,1
data/raw/cifar-10/train/22417.png,dog,test,5
data/raw/cifar-10/train/28726.png,cat,test,3
data/raw/cifar-10/train/46480.png,ship,test,8
data/raw/cifar-10/train/46361.png,dog,test,5
data/raw/cifar-10/train/14034.png,dog,test,5
data/raw/cifar-10/train/6931.png,cat,test,3
data/raw/cifar-10/train/28704.png,airplane,test,0
data/raw/cifar-10/train/37243.png,truck,test,9
data/raw/cifar-10/train/1932.png,horse,test,7
data/raw/cifar-10/train/16274.png,cat,test,3
data/raw/cifar-10/train/14031.png,cat,test,3
data/raw/cifar-10/train/45027.png,cat,test,3
data/raw/cifar-10/train/37187.png,horse,test,7
data/raw/cifar-10/train/22173.png,ship,test,8
data/raw/cifar-10/train/24222.png,deer,test,4
data/raw/cifar-10/train/26522.png,automobile,test,1
data/raw/cifar-10/train/39846.png,dog,test,5
data/raw/cifar-10/train/49959.png,cat,test,3
data/raw/cifar-10/train/18052.png,horse,test,7
data/raw/cifar-10/train/43390.png,frog,test,6
data/raw/cifar-10/train/7744.png,deer,test,4
data/raw/cifar-10/train/64.png,bird,test,2
data/raw/cifar-10/train/48800.png,automobile,test,1
data/raw/cifar-10/train/27232.png,airplane,test,0
data/raw/cifar-10/train/2263.png,airplane,test,0
data/raw/cifar-10/train/40988.png,automobile,test,1
data/raw/cifar-10/train/5195.png,airplane,test,0
data/raw/cifar-10/train/5217.png,airplane,test,0
data/raw/cifar-10/train/30288.png,bird,test,2
data/raw/cifar-10/train/18647.png,bird,test,2
data/raw/cifar-10/train/45621.png,ship,test,8
data/raw/cifar-10/train/47728.png,bird,test,2
data/raw/cifar-10/train/12687.png,dog,test,5
data/raw/cifar-10/train/14128.png,bird,test,2
data/raw/cifar-10/train/30040.png,automobile,test,1
data/raw/cifar-10/train/27737.png,truck,test,9
data/raw/cifar-10/train/5906.png,dog,test,5
data/raw/cifar-10/train/39305.png,horse,test,7
data/raw/cifar-10/train/31310.png,dog,test,5
data/raw/cifar-10/train/47069.png,airplane,test,0
data/raw/cifar-10/train/42656.png,automobile,test,1
data/raw/cifar-10/train/9586.png,bird,test,2
data/raw/cifar-10/train/47047.png,horse,test,7
data/raw/cifar-10/train/9020.png,deer,test,4
data/raw/cifar-10/train/46132.png,truck,test,9
data/raw/cifar-10/train/11700.png,frog,test,6
data/raw/cifar-10/train/49851.png,horse,test,7
data/raw/cifar-10/train/3970.png,ship,test,8
data/raw/cifar-10/train/18694.png,ship,test,8
data/raw/cifar-10/train/27590.png,truck,test,9
data/raw/cifar-10/train/40827.png,cat,test,3
data/raw/cifar-10/train/48701.png,ship,test,8
data/raw/cifar-10/train/45441.png,dog,test,5
data/raw/cifar-10/train/26509.png,truck,test,9
data/raw/cifar-10/train/25953.png,horse,test,7
data/raw/cifar-10/train/2007.png,airplane,test,0
data/raw/cifar-10/train/44479.png,frog,test,6
data/raw/cifar-10/train/19860.png,airplane,test,0
data/raw/cifar-10/train/26590.png,dog,test,5
data/raw/cifar-10/train/1580.png,frog,test,6
data/raw/cifar-10/train/16182.png,deer,test,4
data/raw/cifar-10/train/27229.png,automobile,test,1
data/raw/cifar-10/train/14233.png,cat,test,3
data/raw/cifar-10/train/14746.png,horse,test,7
data/raw/cifar-10/train/11701.png,truck,test,9
data/raw/cifar-10/train/5465.png,truck,test,9
data/raw/cifar-10/train/41230.png,cat,test,3
data/raw/cifar-10/train/37561.png,bird,test,2
data/raw/cifar-10/train/2748.png,dog,test,5
data/raw/cifar-10/train/48099.png,truck,test,9
data/raw/cifar-10/train/8428.png,automobile,test,1
data/raw/cifar-10/train/40396.png,ship,test,8
data/raw/cifar-10/train/39072.png,cat,test,3
data/raw/cifar-10/train/9217.png,automobile,test,1
data/raw/cifar-10/train/49346.png,automobile,test,1
data/raw/cifar-10/train/16839.png,airplane,test,0
data/raw/cifar-10/train/13928.png,deer,test,4
data/raw/cifar-10/train/27206.png,deer,test,4
data/raw/cifar-10/train/2459.png,horse,test,7
data/raw/cifar-10/train/35062.png,dog,test,5
data/raw/cifar-10/train/4086.png,bird,test,2
data/raw/cifar-10/train/44185.png,frog,test,6
data/raw/cifar-10/train/13547.png,ship,test,8
data/raw/cifar-10/train/503.png,bird,test,2
data/raw/cifar-10/train/48078.png,dog,test,5
data/raw/cifar-10/train/24358.png,dog,test,5
data/raw/cifar-10/train/20381.png,truck,test,9
data/raw/cifar-10/train/12597.png,frog,test,6
data/raw/cifar-10/train/8261.png,deer,test,4
data/raw/cifar-10/train/31423.png,truck,test,9
data/raw/cifar-10/train/5232.png,truck,test,9
data/raw/cifar-10/train/4310.png,frog,test,6
data/raw/cifar-10/train/20167.png,horse,test,7
data/raw/cifar-10/train/17078.png,deer,test,4
data/raw/cifar-10/train/45981.png,bird,test,2
data/raw/cifar-10/train/21353.png,dog,test,5
data/raw/cifar-10/train/44350.png,dog,test,5
data/raw/cifar-10/train/24865.png,frog,test,6
data/raw/cifar-10/train/31525.png,truck,test,9
data/raw/cifar-10/train/10578.png,airplane,test,0
data/raw/cifar-10/train/11340.png,cat,test,3
data/raw/cifar-10/train/3625.png,ship,test,8
data/raw/cifar-10/train/19791.png,deer,test,4
data/raw/cifar-10/train/24042.png,automobile,test,1
data/raw/cifar-10/train/31808.png,horse,test,7
data/raw/cifar-10/train/41476.png,dog,test,5
data/raw/cifar-10/train/21178.png,frog,test,6
data/raw/cifar-10/train/34209.png,ship,test,8
data/raw/cifar-10/train/25077.png,frog,test,6
data/raw/cifar-10/train/6758.png,bird,test,2
data/raw/cifar-10/train/15601.png,frog,test,6
data/raw/cifar-10/train/47111.png,horse,test,7
data/raw/cifar-10/train/1211.png,frog,test,6
data/raw/cifar-10/train/40538.png,automobile,test,1
data/raw/cifar-10/train/41523.png,deer,test,4
data/raw/cifar-10/train/39812.png,automobile,test,1
data/raw/cifar-10/train/19242.png,bird,test,2
data/raw/cifar-10/train/19846.png,bird,test,2
data/raw/cifar-10/train/3903.png,dog,test,5
data/raw/cifar-10/train/41602.png,cat,test,3
data/raw/cifar-10/train/17852.png,bird,test,2
data/raw/cifar-10/train/15021.png,horse,test,7
data/raw/cifar-10/train/7822.png,automobile,test,1
data/raw/cifar-10/train/19794.png,automobile,test,1
data/raw/cifar-10/train/17551.png,deer,test,4
data/raw/cifar-10/train/34784.png,airplane,test,0
data/raw/cifar-10/train/32461.png,airplane,test,0
data/raw/cifar-10/train/41756.png,horse,test,7
data/raw/cifar-10/train/32548.png,ship,test,8
data/raw/cifar-10/train/33020.png,horse,test,7
data/raw/cifar-10/train/25149.png,bird,test,2
data/raw/cifar-10/train/20575.png,airplane,test,0
data/raw/cifar-10/train/24193.png,cat,test,3
data/raw/cifar-10/train/9893.png,cat,test,3
data/raw/cifar-10/train/46883.png,cat,test,3
data/raw/cifar-10/train/25241.png,dog,test,5
data/raw/cifar-10/train/32773.png,frog,test,6
data/raw/cifar-10/train/42439.png,automobile,test,1
data/raw/cifar-10/train/46635.png,automobile,test,1
data/raw/cifar-10/train/45102.png,truck,test,9
data/raw/cifar-10/train/2691.png,frog,test,6
data/raw/cifar-10/train/39679.png,frog,test,6
data/raw/cifar-10/train/16403.png,bird,test,2
data/raw/cifar-10/train/25119.png,ship,test,8
data/raw/cifar-10/train/45006.png,bird,test,2
data/raw/cifar-10/train/13849.png,bird,test,2
data/raw/cifar-10/train/44896.png,truck,test,9
data/raw/cifar-10/train/49964.png,truck,test,9
data/raw/cifar-10/train/39969.png,frog,test,6
data/raw/cifar-10/train/46042.png,airplane,test,0
data/raw/cifar-10/train/18997.png,ship,test,8
data/raw/cifar-10/train/41450.png,horse,test,7
data/raw/cifar-10/train/13141.png,frog,test,6
data/raw/cifar-10/train/10608.png,airplane,test,0
data/raw/cifar-10/train/27083.png,frog,test,6
data/raw/cifar-10/train/18478.png,bird,test,2
data/raw/cifar-10/train/15481.png,truck,test,9
data/raw/cifar-10/train/27837.png,horse,test,7
data/raw/cifar-10/train/29345.png,ship,test,8
data/raw/cifar-10/train/27242.png,ship,test,8
data/raw/cifar-10/train/35755.png,cat,test,3
data/raw/cifar-10/train/38211.png,dog,test,5
data/raw/cifar-10/train/7389.png,frog,test,6
data/raw/cifar-10/train/8882.png,bird,test,2
data/raw/cifar-10/train/3316.png,automobile,test,1
data/raw/cifar-10/train/4419.png,bird,test,2
data/raw/cifar-10/train/37020.png,horse,test,7
data/raw/cifar-10/train/39665.png,airplane,test,0
data/raw/cifar-10/train/13030.png,frog,test,6
data/raw/cifar-10/train/22800.png,airplane,test,0
data/raw/cifar-10/train/28442.png,automobile,test,1
data/raw/cifar-10/train/20244.png,deer,test,4
data/raw/cifar-10/train/24369.png,horse,test,7
data/raw/cifar-10/train/5082.png,frog,test,6
data/raw/cifar-10/train/11621.png,truck,test,9
data/raw/cifar-10/train/14018.png,bird,test,2
data/raw/cifar-10/train/26428.png,airplane,test,0
data/raw/cifar-10/train/6133.png,airplane,test,0
data/raw/cifar-10/train/38598.png,horse,test,7
data/raw/cifar-10/train/48772.png,frog,test,6
data/raw/cifar-10/train/40510.png,automobile,test,1
data/raw/cifar-10/train/20179.png,dog,test,5
data/raw/cifar-10/train/7868.png,frog,test,6
data/raw/cifar-10/train/34270.png,automobile,test,1
data/raw/cifar-10/train/35000.png,cat,test,3
data/raw/cifar-10/train/48758.png,ship,test,8
data/raw/cifar-10/train/18588.png,dog,test,5
data/raw/cifar-10/train/32120.png,deer,test,4
data/raw/cifar-10/train/16603.png,truck,test,9
data/raw/cifar-10/train/39970.png,frog,test,6
data/raw/cifar-10/train/188.png,frog,test,6
data/raw/cifar-10/train/25216.png,cat,test,3
data/raw/cifar-10/train/10549.png,airplane,test,0
data/raw/cifar-10/train/24142.png,horse,test,7
data/raw/cifar-10/train/29162.png,deer,test,4
data/raw/cifar-10/train/28252.png,dog,test,5
data/raw/cifar-10/train/24526.png,deer,test,4
data/raw/cifar-10/train/23945.png,bird,test,2
data/raw/cifar-10/train/44447.png,deer,test,4
data/raw/cifar-10/train/42787.png,airplane,test,0
data/raw/cifar-10/train/24051.png,horse,test,7
data/raw/cifar-10/train/11602.png,truck,test,9
data/raw/cifar-10/train/24113.png,cat,test,3
data/raw/cifar-10/train/13335.png,airplane,test,0
data/raw/cifar-10/train/38522.png,cat,test,3
data/raw/cifar-10/train/37905.png,cat,test,3
data/raw/cifar-10/train/18974.png,horse,test,7
data/raw/cifar-10/train/12053.png,airplane,test,0
data/raw/cifar-10/train/41180.png,airplane,test,0
data/raw/cifar-10/train/14842.png,dog,test,5
data/raw/cifar-10/train/3446.png,deer,test,4
data/raw/cifar-10/train/38694.png,horse,test,7
data/raw/cifar-10/train/24554.png,dog,test,5
data/raw/cifar-10/train/33641.png,automobile,test,1
data/raw/cifar-10/train/39933.png,deer,test,4
data/raw/cifar-10/train/29899.png,frog,test,6
data/raw/cifar-10/train/35620.png,ship,test,8
data/raw/cifar-10/train/26023.png,cat,test,3
data/raw/cifar-10/train/23421.png,deer,test,4
data/raw/cifar-10/train/7754.png,cat,test,3
data/raw/cifar-10/train/8742.png,airplane,test,0
data/raw/cifar-10/train/10554.png,airplane,test,0
data/raw/cifar-10/train/8408.png,dog,test,5
data/raw/cifar-10/train/13294.png,ship,test,8
data/raw/cifar-10/train/7905.png,truck,test,9
data/raw/cifar-10/train/9121.png,cat,test,3
data/raw/cifar-10/train/4242.png,horse,test,7
data/raw/cifar-10/train/29784.png,airplane,test,0
data/raw/cifar-10/train/5786.png,frog,test,6
data/raw/cifar-10/train/47795.png,horse,test,7
data/raw/cifar-10/train/11982.png,frog,test,6
data/raw/cifar-10/train/29592.png,automobile,test,1
data/raw/cifar-10/train/30885.png,deer,test,4
data/raw/cifar-10/train/23019.png,cat,test,3
data/raw/cifar-10/train/13094.png,cat,test,3
data/raw/cifar-10/train/1929.png,dog,test,5
data/raw/cifar-10/train/24226.png,frog,test,6
data/raw/cifar-10/train/13794.png,cat,test,3
data/raw/cifar-10/train/26042.png,truck,test,9
data/raw/cifar-10/train/12668.png,bird,test,2
data/raw/cifar-10/train/4855.png,airplane,test,0
data/raw/cifar-10/train/8896.png,horse,test,7
data/raw/cifar-10/train/18591.png,horse,test,7
data/raw/cifar-10/train/4043.png,dog,test,5
data/raw/cifar-10/train/168.png,dog,test,5
data/raw/cifar-10/train/44068.png,airplane,test,0
data/raw/cifar-10/train/13158.png,ship,test,8
data/raw/cifar-10/train/31035.png,horse,test,7
data/raw/cifar-10/train/3890.png,bird,test,2
data/raw/cifar-10/train/19348.png,airplane,test,0
data/raw/cifar-10/train/26687.png,dog,test,5
data/raw/cifar-10/train/32212.png,horse,test,7
data/raw/cifar-10/train/17062.png,truck,test,9
data/raw/cifar-10/train/43557.png,horse,test,7
data/raw/cifar-10/train/9998.png,automobile,test,1
data/raw/cifar-10/train/1530.png,frog,test,6
data/raw/cifar-10/train/24157.png,frog,test,6
data/raw/cifar-10/train/2620.png,bird,test,2
data/raw/cifar-10/train/40955.png,cat,test,3
data/raw/cifar-10/train/36403.png,bird,test,2
data/raw/cifar-10/train/48798.png,dog,test,5
data/raw/cifar-10/train/17132.png,deer,test,4
data/raw/cifar-10/train/25033.png,frog,test,6
data/raw/cifar-10/train/21598.png,deer,test,4
data/raw/cifar-10/train/35872.png,bird,test,2
data/raw/cifar-10/train/9954.png,frog,test,6
data/raw/cifar-10/train/45855.png,cat,test,3
data/raw/cifar-10/train/11808.png,deer,test,4
data/raw/cifar-10/train/30126.png,deer,test,4
data/raw/cifar-10/train/31534.png,truck,test,9
data/raw/cifar-10/train/2038.png,automobile,test,1
data/raw/cifar-10/train/38716.png,ship,test,8
data/raw/cifar-10/train/49974.png,automobile,test,1
data/raw/cifar-10/train/220.png,truck,test,9
data/raw/cifar-10/train/17387.png,ship,test,8
data/raw/cifar-10/train/22137.png,horse,test,7
data/raw/cifar-10/train/40189.png,deer,test,4
data/raw/cifar-10/train/20905.png,deer,test,4
data/raw/cifar-10/train/38804.png,horse,test,7
data/raw/cifar-10/train/24291.png,deer,test,4
data/raw/cifar-10/train/26261.png,cat,test,3
data/raw/cifar-10/train/20252.png,horse,test,7
data/raw/cifar-10/train/27610.png,airplane,test,0
data/raw/cifar-10/train/46076.png,frog,test,6
data/raw/cifar-10/train/34315.png,truck,test,9
data/raw/cifar-10/train/27138.png,airplane,test,0
data/raw/cifar-10/train/16812.png,horse,test,7
data/raw/cifar-10/train/25722.png,ship,test,8
data/raw/cifar-10/train/27006.png,truck,test,9
data/raw/cifar-10/train/13162.png,dog,test,5
data/raw/cifar-10/train/5720.png,airplane,test,0
data/raw/cifar-10/train/14925.png,cat,test,3
data/raw/cifar-10/train/13541.png,horse,test,7
data/raw/cifar-10/train/18224.png,automobile,test,1
data/raw/cifar-10/train/49310.png,horse,test,7
data/raw/cifar-10/train/9437.png,horse,test,7
data/raw/cifar-10/train/48507.png,cat,test,3
data/raw/cifar-10/train/16361.png,cat,test,3
data/raw/cifar-10/train/10779.png,horse,test,7
data/raw/cifar-10/train/41003.png,ship,test,8
data/raw/cifar-10/train/3154.png,dog,test,5
data/raw/cifar-10/train/9934.png,bird,test,2
data/raw/cifar-10/train/47396.png,ship,test,8
data/raw/cifar-10/train/25578.png,ship,test,8
data/raw/cifar-10/train/37240.png,automobile,test,1
data/raw/cifar-10/train/44356.png,cat,test,3
data/raw/cifar-10/train/4399.png,bird,test,2
data/raw/cifar-10/train/47584.png,truck,test,9
data/raw/cifar-10/train/21645.png,frog,test,6
data/raw/cifar-10/train/10811.png,ship,test,8
data/raw/cifar-10/train/9981.png,frog,test,6
data/raw/cifar-10/train/18393.png,truck,test,9
data/raw/cifar-10/train/4007.png,automobile,test,1
data/raw/cifar-10/train/19628.png,deer,test,4
data/raw/cifar-10/train/26112.png,cat,test,3
data/raw/cifar-10/train/48043.png,ship,test,8
data/raw/cifar-10/train/14434.png,truck,test,9
data/raw/cifar-10/train/43815.png,airplane,test,0
data/raw/cifar-10/train/47680.png,ship,test,8
data/raw/cifar-10/train/24207.png,automobile,test,1
data/raw/cifar-10/train/13190.png,cat,test,3
data/raw/cifar-10/train/11314.png,bird,test,2
data/raw/cifar-10/train/5198.png,automobile,test,1
data/raw/cifar-10/train/39334.png,automobile,test,1
data/raw/cifar-10/train/32325.png,dog,test,5
data/raw/cifar-10/train/15593.png,frog,test,6
data/raw/cifar-10/train/39133.png,automobile,test,1
data/raw/cifar-10/train/20887.png,horse,test,7
data/raw/cifar-10/train/4945.png,automobile,test,1
data/raw/cifar-10/train/2638.png,truck,test,9
data/raw/cifar-10/train/1141.png,truck,test,9
data/raw/cifar-10/train/26376.png,automobile,test,1
data/raw/cifar-10/train/1520.png,dog,test,5
data/raw/cifar-10/train/34369.png,frog,test,6
data/raw/cifar-10/train/18894.png,airplane,test,0
data/raw/cifar-10/train/641.png,frog,test,6
data/raw/cifar-10/train/8692.png,dog,test,5
data/raw/cifar-10/train/15489.png,dog,test,5
data/raw/cifar-10/train/11650.png,deer,test,4
data/raw/cifar-10/train/1845.png,bird,test,2
data/raw/cifar-10/train/25570.png,frog,test,6
data/raw/cifar-10/train/15299.png,cat,test,3
data/raw/cifar-10/train/17658.png,bird,test,2
data/raw/cifar-10/train/30482.png,frog,test,6
data/raw/cifar-10/train/18400.png,dog,test,5
data/raw/cifar-10/train/10905.png,deer,test,4
data/raw/cifar-10/train/22610.png,airplane,test,0
data/raw/cifar-10/train/21633.png,truck,test,9
data/raw/cifar-10/train/19545.png,cat,test,3
data/raw/cifar-10/train/12211.png,automobile,test,1
data/raw/cifar-10/train/46443.png,ship,test,8
data/raw/cifar-10/train/40412.png,airplane,test,0
data/raw/cifar-10/train/17571.png,deer,test,4
data/raw/cifar-10/train/22378.png,cat,test,3
data/raw/cifar-10/train/35706.png,automobile,test,1
data/raw/cifar-10/train/22663.png,cat,test,3
data/raw/cifar-10/train/42514.png,dog,test,5
data/raw/cifar-10/train/738.png,bird,test,2
data/raw/cifar-10/train/1714.png,dog,test,5
data/raw/cifar-10/train/12928.png,automobile,test,1
data/raw/cifar-10/train/4230.png,airplane,test,0
data/raw/cifar-10/train/10770.png,truck,test,9
data/raw/cifar-10/train/21876.png,horse,test,7
data/raw/cifar-10/train/45093.png,deer,test,4
data/raw/cifar-10/train/9550.png,automobile,test,1
data/raw/cifar-10/train/23430.png,truck,test,9
data/raw/cifar-10/train/36350.png,bird,test,2
data/raw/cifar-10/train/47309.png,horse,test,7
data/raw/cifar-10/train/26113.png,ship,test,8
data/raw/cifar-10/train/35281.png,truck,test,9
data/raw/cifar-10/train/42913.png,automobile,test,1
data/raw/cifar-10/train/28457.png,airplane,test,0
data/raw/cifar-10/train/41241.png,ship,test,8
data/raw/cifar-10/train/27938.png,frog,test,6
data/raw/cifar-10/train/29837.png,dog,test,5
data/raw/cifar-10/train/35713.png,dog,test,5
data/raw/cifar-10/train/22227.png,cat,test,3
data/raw/cifar-10/train/13193.png,horse,test,7
data/raw/cifar-10/train/9505.png,horse,test,7
data/raw/cifar-10/train/2166.png,cat,test,3
data/raw/cifar-10/train/46398.png,horse,test,7
data/raw/cifar-10/train/9664.png,ship,test,8
data/raw/cifar-10/train/43086.png,automobile,test,1
data/raw/cifar-10/train/16581.png,dog,test,5
data/raw/cifar-10/train/30992.png,horse,test,7
data/raw/cifar-10/train/26300.png,bird,test,2
data/raw/cifar-10/train/5875.png,airplane,test,0
data/raw/cifar-10/train/30524.png,dog,test,5
data/raw/cifar-10/train/47017.png,bird,test,2
data/raw/cifar-10/train/19438.png,dog,test,5
data/raw/cifar-10/train/9711.png,cat,test,3
data/raw/cifar-10/train/3584.png,bird,test,2
data/raw/cifar-10/train/41796.png,horse,test,7
data/raw/cifar-10/train/44395.png,truck,test,9
data/raw/cifar-10/train/3121.png,automobile,test,1
data/raw/cifar-10/train/43141.png,dog,test,5
data/raw/cifar-10/train/35364.png,bird,test,2
data/raw/cifar-10/train/47384.png,horse,test,7
data/raw/cifar-10/train/40534.png,horse,test,7
data/raw/cifar-10/train/46332.png,deer,test,4
data/raw/cifar-10/train/46943.png,horse,test,7
data/raw/cifar-10/train/21158.png,ship,test,8
data/raw/cifar-10/train/44600.png,airplane,test,0
data/raw/cifar-10/train/11161.png,dog,test,5
data/raw/cifar-10/train/5974.png,airplane,test,0
data/raw/cifar-10/train/7022.png,dog,test,5
data/raw/cifar-10/train/41515.png,cat,test,3
data/raw/cifar-10/train/29253.png,automobile,test,1
data/raw/cifar-10/train/18607.png,deer,test,4
data/raw/cifar-10/train/40140.png,ship,test,8
data/raw/cifar-10/train/21018.png,cat,test,3
data/raw/cifar-10/train/45656.png,automobile,test,1
data/raw/cifar-10/train/46069.png,ship,test,8
data/raw/cifar-10/train/5480.png,cat,test,3
data/raw/cifar-10/train/46013.png,ship,test,8
data/raw/cifar-10/train/44189.png,truck,test,9
data/raw/cifar-10/train/47108.png,dog,test,5
data/raw/cifar-10/train/25891.png,horse,test,7
data/raw/cifar-10/train/37270.png,automobile,test,1
data/raw/cifar-10/train/46900.png,dog,test,5
data/raw/cifar-10/train/4490.png,truck,test,9
data/raw/cifar-10/train/41138.png,cat,test,3
data/raw/cifar-10/train/36379.png,dog,test,5
data/raw/cifar-10/train/27287.png,airplane,test,0
data/raw/cifar-10/train/3033.png,truck,test,9
data/raw/cifar-10/train/19853.png,deer,test,4
data/raw/cifar-10/train/45122.png,deer,test,4
data/raw/cifar-10/train/28601.png,deer,test,4
data/raw/cifar-10/train/25812.png,horse,test,7
data/raw/cifar-10/train/30633.png,bird,test,2
data/raw/cifar-10/train/9661.png,bird,test,2
data/raw/cifar-10/train/13137.png,horse,test,7
data/raw/cifar-10/train/32132.png,airplane,test,0
data/raw/cifar-10/train/21872.png,automobile,test,1
data/raw/cifar-10/train/4693.png,dog,test,5
data/raw/cifar-10/train/10584.png,horse,test,7
data/raw/cifar-10/train/16051.png,bird,test,2
data/raw/cifar-10/train/45275.png,deer,test,4
data/raw/cifar-10/train/8594.png,horse,test,7
data/raw/cifar-10/train/15516.png,deer,test,4
data/raw/cifar-10/train/17659.png,cat,test,3
data/raw/cifar-10/train/6057.png,deer,test,4
data/raw/cifar-10/train/30449.png,ship,test,8
data/raw/cifar-10/train/17822.png,cat,test,3
data/raw/cifar-10/train/16056.png,truck,test,9
data/raw/cifar-10/train/38615.png,cat,test,3
data/raw/cifar-10/train/6688.png,airplane,test,0
data/raw/cifar-10/train/1243.png,automobile,test,1
data/raw/cifar-10/train/10365.png,frog,test,6
data/raw/cifar-10/train/49474.png,ship,test,8
data/raw/cifar-10/train/41406.png,bird,test,2
data/raw/cifar-10/train/2077.png,bird,test,2
data/raw/cifar-10/train/30791.png,deer,test,4
data/raw/cifar-10/train/16117.png,airplane,test,0
data/raw/cifar-10/train/40158.png,truck,test,9
data/raw/cifar-10/train/28183.png,horse,test,7
data/raw/cifar-10/train/25120.png,ship,test,8
data/raw/cifar-10/train/8699.png,horse,test,7
data/raw/cifar-10/train/13490.png,airplane,test,0
data/raw/cifar-10/train/17990.png,horse,test,7
data/raw/cifar-10/train/47520.png,automobile,test,1
data/raw/cifar-10/train/39890.png,frog,test,6
data/raw/cifar-10/train/22567.png,horse,test,7
data/raw/cifar-10/train/28249.png,automobile,test,1
data/raw/cifar-10/train/3939.png,airplane,test,0
data/raw/cifar-10/train/39965.png,automobile,test,1
data/raw/cifar-10/train/2377.png,cat,test,3
data/raw/cifar-10/train/9433.png,truck,test,9
data/raw/cifar-10/train/10439.png,bird,test,2
data/raw/cifar-10/train/32361.png,ship,test,8
data/raw/cifar-10/train/8624.png,airplane,test,0
data/raw/cifar-10/train/16992.png,ship,test,8
data/raw/cifar-10/train/47414.png,cat,test,3
data/raw/cifar-10/train/17861.png,automobile,test,1
data/raw/cifar-10/train/12149.png,bird,test,2
data/raw/cifar-10/train/20945.png,truck,test,9
data/raw/cifar-10/train/25677.png,cat,test,3
data/raw/cifar-10/train/18680.png,cat,test,3
data/raw/cifar-10/train/4546.png,truck,test,9
data/raw/cifar-10/train/46586.png,airplane,test,0
data/raw/cifar-10/train/46229.png,horse,test,7
data/raw/cifar-10/train/16487.png,deer,test,4
data/raw/cifar-10/train/28952.png,horse,test,7
data/raw/cifar-10/train/24993.png,frog,test,6
data/raw/cifar-10/train/42327.png,truck,test,9
data/raw/cifar-10/train/37066.png,airplane,test,0
data/raw/cifar-10/train/20057.png,automobile,test,1
data/raw/cifar-10/train/21561.png,frog,test,6
data/raw/cifar-10/train/40548.png,ship,test,8
data/raw/cifar-10/train/29409.png,frog,test,6
data/raw/cifar-10/train/22443.png,truck,test,9
data/raw/cifar-10/train/34631.png,bird,test,2
data/raw/cifar-10/train/19595.png,automobile,test,1
data/raw/cifar-10/train/1691.png,frog,test,6
data/raw/cifar-10/train/2897.png,deer,test,4
data/raw/cifar-10/train/16092.png,horse,test,7
data/raw/cifar-10/train/18842.png,deer,test,4
data/raw/cifar-10/train/30240.png,bird,test,2
data/raw/cifar-10/train/18291.png,deer,test,4
data/raw/cifar-10/train/26248.png,frog,test,6
data/raw/cifar-10/train/1662.png,dog,test,5
data/raw/cifar-10/train/44590.png,automobile,test,1
data/raw/cifar-10/train/47577.png,deer,test,4
data/raw/cifar-10/train/4120.png,horse,test,7
data/raw/cifar-10/train/45125.png,deer,test,4
data/raw/cifar-10/train/10369.png,horse,test,7
data/raw/cifar-10/train/33495.png,dog,test,5
data/raw/cifar-10/train/17307.png,dog,test,5
data/raw/cifar-10/train/6337.png,frog,test,6
data/raw/cifar-10/train/13615.png,ship,test,8
data/raw/cifar-10/train/12303.png,frog,test,6
data/raw/cifar-10/train/47887.png,ship,test,8
data/raw/cifar-10/train/41459.png,bird,test,2
data/raw/cifar-10/train/20207.png,deer,test,4
data/raw/cifar-10/train/10430.png,dog,test,5
data/raw/cifar-10/train/40583.png,automobile,test,1
data/raw/cifar-10/train/14242.png,frog,test,6
data/raw/cifar-10/train/159.png,deer,test,4
data/raw/cifar-10/train/31540.png,automobile,test,1
data/raw/cifar-10/train/39206.png,frog,test,6
data/raw/cifar-10/train/29551.png,frog,test,6
data/raw/cifar-10/train/40275.png,frog,test,6
data/raw/cifar-10/train/24788.png,ship,test,8
data/raw/cifar-10/train/27895.png,horse,test,7
data/raw/cifar-10/train/33290.png,dog,test,5
data/raw/cifar-10/train/22533.png,automobile,test,1
data/raw/cifar-10/train/46180.png,bird,test,2
data/raw/cifar-10/train/22618.png,deer,test,4
data/raw/cifar-10/train/45563.png,truck,test,9
data/raw/cifar-10/train/33827.png,deer,test,4
data/raw/cifar-10/train/627.png,airplane,test,0
data/raw/cifar-10/train/47695.png,ship,test,8
data/raw/cifar-10/train/40.png,cat,test,3
data/raw/cifar-10/train/39338.png,frog,test,6
data/raw/cifar-10/train/49810.png,horse,test,7
data/raw/cifar-10/train/2478.png,truck,test,9
data/raw/cifar-10/train/31988.png,airplane,test,0
data/raw/cifar-10/train/48372.png,truck,test,9
data/raw/cifar-10/train/40582.png,ship,test,8
data/raw/cifar-10/train/16827.png,horse,test,7
data/raw/cifar-10/train/24420.png,deer,test,4
data/raw/cifar-10/train/29471.png,bird,test,2
data/raw/cifar-10/train/14766.png,truck,test,9
data/raw/cifar-10/train/27902.png,airplane,test,0
data/raw/cifar-10/train/37027.png,bird,test,2
data/raw/cifar-10/train/27358.png,frog,test,6
data/raw/cifar-10/train/15500.png,dog,test,5
data/raw/cifar-10/train/14621.png,bird,test,2
data/raw/cifar-10/train/3963.png,airplane,test,0
data/raw/cifar-10/train/40365.png,frog,test,6
data/raw/cifar-10/train/35486.png,horse,test,7
data/raw/cifar-10/train/45431.png,frog,test,6
data/raw/cifar-10/train/3534.png,deer,test,4
data/raw/cifar-10/train/11716.png,truck,test,9
data/raw/cifar-10/train/24761.png,ship,test,8
data/raw/cifar-10/train/18995.png,automobile,test,1
data/raw/cifar-10/train/45434.png,cat,test,3
data/raw/cifar-10/train/703.png,cat,test,3
data/raw/cifar-10/train/300.png,deer,test,4
data/raw/cifar-10/train/31095.png,cat,test,3
data/raw/cifar-10/train/13758.png,bird,test,2
data/raw/cifar-10/train/21144.png,airplane,test,0
data/raw/cifar-10/train/42184.png,airplane,test,0
data/raw/cifar-10/train/45714.png,bird,test,2
data/raw/cifar-10/train/13936.png,horse,test,7
data/raw/cifar-10/train/27250.png,truck,test,9
data/raw/cifar-10/train/10623.png,truck,test,9
data/raw/cifar-10/train/10396.png,ship,test,8
data/raw/cifar-10/train/44332.png,ship,test,8
data/raw/cifar-10/train/16413.png,automobile,test,1
data/raw/cifar-10/train/1616.png,deer,test,4
data/raw/cifar-10/train/49680.png,ship,test,8
data/raw/cifar-10/train/36111.png,frog,test,6
data/raw/cifar-10/train/15959.png,deer,test,4
data/raw/cifar-10/train/37816.png,dog,test,5
data/raw/cifar-10/train/17477.png,frog,test,6
data/raw/cifar-10/train/16819.png,truck,test,9
data/raw/cifar-10/train/32419.png,automobile,test,1
data/raw/cifar-10/train/26378.png,dog,test,5
data/raw/cifar-10/train/39788.png,ship,test,8
data/raw/cifar-10/train/3341.png,cat,test,3
data/raw/cifar-10/train/15994.png,truck,test,9
data/raw/cifar-10/train/24378.png,deer,test,4
data/raw/cifar-10/train/46290.png,dog,test,5
data/raw/cifar-10/train/7324.png,horse,test,7
data/raw/cifar-10/train/36312.png,airplane,test,0
data/raw/cifar-10/train/38497.png,deer,test,4
data/raw/cifar-10/train/24347.png,horse,test,7
data/raw/cifar-10/train/30487.png,automobile,test,1
data/raw/cifar-10/train/1656.png,cat,test,3
data/raw/cifar-10/train/5396.png,truck,test,9
data/raw/cifar-10/train/45677.png,frog,test,6
data/raw/cifar-10/train/39096.png,cat,test,3
data/raw/cifar-10/train/25126.png,bird,test,2
data/raw/cifar-10/train/34777.png,deer,test,4
data/raw/cifar-10/train/36132.png,ship,test,8
data/raw/cifar-10/train/4819.png,truck,test,9
data/raw/cifar-10/train/19327.png,horse,test,7
data/raw/cifar-10/train/39339.png,automobile,test,1
data/raw/cifar-10/train/41545.png,truck,test,9
data/raw/cifar-10/train/31298.png,automobile,test,1
data/raw/cifar-10/train/31764.png,ship,test,8
data/raw/cifar-10/train/5891.png,horse,test,7
data/raw/cifar-10/train/49589.png,automobile,test,1
data/raw/cifar-10/train/2183.png,dog,test,5
data/raw/cifar-10/train/5550.png,airplane,test,0
data/raw/cifar-10/train/8893.png,ship,test,8
data/raw/cifar-10/train/21085.png,frog,test,6
data/raw/cifar-10/train/43075.png,frog,test,6
data/raw/cifar-10/train/31598.png,horse,test,7
data/raw/cifar-10/train/30148.png,ship,test,8
data/raw/cifar-10/train/45764.png,airplane,test,0
data/raw/cifar-10/train/10871.png,cat,test,3
data/raw/cifar-10/train/34803.png,automobile,test,1
data/raw/cifar-10/train/2610.png,truck,test,9
data/raw/cifar-10/train/45407.png,automobile,test,1
data/raw/cifar-10/train/33243.png,airplane,test,0
data/raw/cifar-10/train/31818.png,dog,test,5
data/raw/cifar-10/train/5190.png,bird,test,2
data/raw/cifar-10/train/21744.png,airplane,test,0
data/raw/cifar-10/train/13310.png,deer,test,4
data/raw/cifar-10/train/37175.png,dog,test,5
data/raw/cifar-10/train/33710.png,cat,test,3
data/raw/cifar-10/train/45447.png,ship,test,8
data/raw/cifar-10/train/7780.png,dog,test,5
data/raw/cifar-10/train/26767.png,truck,test,9
data/raw/cifar-10/train/12593.png,automobile,test,1
data/raw/cifar-10/train/43288.png,bird,test,2
data/raw/cifar-10/train/36672.png,deer,test,4
data/raw/cifar-10/train/35077.png,automobile,test,1
data/raw/cifar-10/train/14999.png,truck,test,9
data/raw/cifar-10/train/26733.png,horse,test,7
data/raw/cifar-10/train/46282.png,automobile,test,1
data/raw/cifar-10/train/21335.png,truck,test,9
data/raw/cifar-10/train/40480.png,airplane,test,0
data/raw/cifar-10/train/38662.png,deer,test,4
data/raw/cifar-10/train/45494.png,horse,test,7
data/raw/cifar-10/train/46481.png,airplane,test,0
data/raw/cifar-10/train/12734.png,horse,test,7
data/raw/cifar-10/train/40759.png,automobile,test,1
data/raw/cifar-10/train/23898.png,automobile,test,1
data/raw/cifar-10/train/29344.png,airplane,test,0
data/raw/cifar-10/train/166.png,airplane,test,0
data/raw/cifar-10/train/2043.png,cat,test,3
data/raw/cifar-10/train/19898.png,deer,test,4
data/raw/cifar-10/train/26955.png,dog,test,5
data/raw/cifar-10/train/26904.png,horse,test,7
data/raw/cifar-10/train/4816.png,ship,test,8
data/raw/cifar-10/train/47261.png,bird,test,2
data/raw/cifar-10/train/44714.png,truck,test,9
data/raw/cifar-10/train/44331.png,dog,test,5
data/raw/cifar-10/train/2019.png,ship,test,8
data/raw/cifar-10/train/11934.png,dog,test,5
data/raw/cifar-10/train/43746.png,bird,test,2
data/raw/cifar-10/train/33367.png,frog,test,6
data/raw/cifar-10/train/779.png,bird,test,2
data/raw/cifar-10/train/47925.png,horse,test,7
data/raw/cifar-10/train/19442.png,deer,test,4
data/raw/cifar-10/train/23732.png,ship,test,8
data/raw/cifar-10/train/19016.png,airplane,test,0
data/raw/cifar-10/train/23170.png,truck,test,9
data/raw/cifar-10/train/8955.png,dog,test,5
data/raw/cifar-10/train/1125.png,cat,test,3
data/raw/cifar-10/train/30507.png,dog,test,5
data/raw/cifar-10/train/23997.png,cat,test,3
data/raw/cifar-10/train/11883.png,bird,test,2
data/raw/cifar-10/train/33948.png,deer,test,4
data/raw/cifar-10/train/16959.png,automobile,test,1
data/raw/cifar-10/train/10394.png,automobile,test,1
data/raw/cifar-10/train/16687.png,airplane,test,0
data/raw/cifar-10/train/12823.png,truck,test,9
data/raw/cifar-10/train/11001.png,automobile,test,1
data/raw/cifar-10/train/21265.png,frog,test,6
data/raw/cifar-10/train/16007.png,automobile,test,1
data/raw/cifar-10/train/11175.png,dog,test,5
data/raw/cifar-10/train/35936.png,cat,test,3
data/raw/cifar-10/train/39504.png,horse,test,7
data/raw/cifar-10/train/16082.png,dog,test,5
data/raw/cifar-10/train/13481.png,airplane,test,0
data/raw/cifar-10/train/20422.png,dog,test,5
data/raw/cifar-10/train/37239.png,frog,test,6
data/raw/cifar-10/train/43603.png,automobile,test,1
data/raw/cifar-10/train/26850.png,cat,test,3
data/raw/cifar-10/train/17128.png,bird,test,2
data/raw/cifar-10/train/47191.png,automobile,test,1
data/raw/cifar-10/train/36518.png,deer,test,4
data/raw/cifar-10/train/31877.png,horse,test,7
data/raw/cifar-10/train/747.png,horse,test,7
data/raw/cifar-10/train/19431.png,frog,test,6
data/raw/cifar-10/train/17518.png,airplane,test,0
data/raw/cifar-10/train/43000.png,cat,test,3
data/raw/cifar-10/train/27343.png,deer,test,4
data/raw/cifar-10/train/17262.png,truck,test,9
data/raw/cifar-10/train/10560.png,truck,test,9
data/raw/cifar-10/train/28220.png,deer,test,4
data/raw/cifar-10/train/7991.png,truck,test,9
data/raw/cifar-10/train/12955.png,ship,test,8
data/raw/cifar-10/train/31191.png,dog,test,5
data/raw/cifar-10/train/233.png,frog,test,6
data/raw/cifar-10/train/49516.png,deer,test,4
data/raw/cifar-10/train/44967.png,automobile,test,1
data/raw/cifar-10/train/18679.png,bird,test,2
data/raw/cifar-10/train/6632.png,ship,test,8
data/raw/cifar-10/train/45023.png,deer,test,4
data/raw/cifar-10/train/32051.png,deer,test,4
data/raw/cifar-10/train/433.png,automobile,test,1
data/raw/cifar-10/train/3338.png,airplane,test,0
data/raw/cifar-10/train/3847.png,truck,test,9
data/raw/cifar-10/train/26203.png,cat,test,3
data/raw/cifar-10/train/34625.png,bird,test,2
data/raw/cifar-10/train/43769.png,horse,test,7
data/raw/cifar-10/train/21689.png,truck,test,9
data/raw/cifar-10/train/1151.png,cat,test,3
data/raw/cifar-10/train/25781.png,ship,test,8
data/raw/cifar-10/train/11731.png,bird,test,2
data/raw/cifar-10/train/40813.png,truck,test,9
data/raw/cifar-10/train/49114.png,dog,test,5
data/raw/cifar-10/train/9516.png,frog,test,6
data/raw/cifar-10/train/30884.png,horse,test,7
data/raw/cifar-10/train/40144.png,airplane,test,0
data/raw/cifar-10/train/40300.png,deer,test,4
data/raw/cifar-10/train/17944.png,horse,test,7
data/raw/cifar-10/train/31328.png,ship,test,8
data/raw/cifar-10/train/2646.png,truck,test,9
data/raw/cifar-10/train/42137.png,frog,test,6
data/raw/cifar-10/train/48077.png,ship,test,8
data/raw/cifar-10/train/9039.png,bird,test,2
data/raw/cifar-10/train/33109.png,bird,test,2
data/raw/cifar-10/train/44589.png,truck,test,9
data/raw/cifar-10/train/22081.png,airplane,test,0
data/raw/cifar-10/train/41938.png,cat,test,3
data/raw/cifar-10/train/36527.png,ship,test,8
data/raw/cifar-10/train/26192.png,ship,test,8
data/raw/cifar-10/train/16420.png,dog,test,5
data/raw/cifar-10/train/11712.png,frog,test,6
data/raw/cifar-10/train/46256.png,deer,test,4
data/raw/cifar-10/train/8874.png,frog,test,6
data/raw/cifar-10/train/28660.png,dog,test,5
data/raw/cifar-10/train/24985.png,ship,test,8
data/raw/cifar-10/train/27210.png,cat,test,3
data/raw/cifar-10/train/40291.png,automobile,test,1
data/raw/cifar-10/train/12413.png,automobile,test,1
data/raw/cifar-10/train/5882.png,truck,test,9
data/raw/cifar-10/train/28540.png,automobile,test,1
data/raw/cifar-10/train/28048.png,dog,test,5
data/raw/cifar-10/train/11292.png,cat,test,3
data/raw/cifar-10/train/42886.png,truck,test,9
data/raw/cifar-10/train/7549.png,automobile,test,1
data/raw/cifar-10/train/3068.png,ship,test,8
data/raw/cifar-10/train/10438.png,ship,test,8
data/raw/cifar-10/train/48470.png,ship,test,8
data/raw/cifar-10/train/43098.png,deer,test,4
data/raw/cifar-10/train/1387.png,horse,test,7
data/raw/cifar-10/train/16728.png,ship,test,8
data/raw/cifar-10/train/18960.png,ship,test,8
data/raw/cifar-10/train/39496.png,deer,test,4
data/raw/cifar-10/train/24184.png,ship,test,8
data/raw/cifar-10/train/23546.png,deer,test,4
data/raw/cifar-10/train/7540.png,cat,test,3
data/raw/cifar-10/train/18705.png,airplane,test,0
data/raw/cifar-10/train/37380.png,horse,test,7
data/raw/cifar-10/train/29059.png,bird,test,2
data/raw/cifar-10/train/34008.png,dog,test,5
data/raw/cifar-10/train/47616.png,ship,test,8
data/raw/cifar-10/train/49358.png,bird,test,2
data/raw/cifar-10/train/10093.png,truck,test,9
data/raw/cifar-10/train/2056.png,truck,test,9
data/raw/cifar-10/train/38958.png,frog,test,6
data/raw/cifar-10/train/29122.png,automobile,test,1
data/raw/cifar-10/train/6948.png,airplane,test,0
data/raw/cifar-10/train/21692.png,horse,test,7
data/raw/cifar-10/train/36363.png,dog,test,5
data/raw/cifar-10/train/19563.png,frog,test,6
data/raw/cifar-10/train/1824.png,cat,test,3
data/raw/cifar-10/train/5138.png,automobile,test,1
data/raw/cifar-10/train/16426.png,ship,test,8
data/raw/cifar-10/train/39604.png,dog,test,5
data/raw/cifar-10/train/20365.png,horse,test,7
data/raw/cifar-10/train/7782.png,horse,test,7
data/raw/cifar-10/train/45800.png,frog,test,6
data/raw/cifar-10/train/41898.png,deer,test,4
data/raw/cifar-10/train/1250.png,airplane,test,0
data/raw/cifar-10/train/9603.png,automobile,test,1
data/raw/cifar-10/train/25501.png,frog,test,6
data/raw/cifar-10/train/39129.png,bird,test,2
data/raw/cifar-10/train/44339.png,horse,test,7
data/raw/cifar-10/train/22758.png,dog,test,5
data/raw/cifar-10/train/41440.png,automobile,test,1
data/raw/cifar-10/train/25850.png,dog,test,5
data/raw/cifar-10/train/7070.png,truck,test,9
data/raw/cifar-10/train/30327.png,deer,test,4
data/raw/cifar-10/train/22910.png,frog,test,6
data/raw/cifar-10/train/5760.png,automobile,test,1
data/raw/cifar-10/train/33760.png,frog,test,6
data/raw/cifar-10/train/29513.png,automobile,test,1
data/raw/cifar-10/train/10491.png,horse,test,7
data/raw/cifar-10/train/39719.png,dog,test,5
data/raw/cifar-10/train/32497.png,deer,test,4
data/raw/cifar-10/train/37725.png,horse,test,7
data/raw/cifar-10/train/40136.png,deer,test,4
data/raw/cifar-10/train/12715.png,horse,test,7
data/raw/cifar-10/train/25531.png,bird,test,2
data/raw/cifar-10/train/27342.png,truck,test,9
data/raw/cifar-10/train/17308.png,deer,test,4
data/raw/cifar-10/train/10351.png,deer,test,4
data/raw/cifar-10/train/12324.png,bird,test,2
data/raw/cifar-10/train/45254.png,frog,test,6
data/raw/cifar-10/train/48779.png,airplane,test,0
data/raw/cifar-10/train/31109.png,frog,test,6
data/raw/cifar-10/train/31422.png,frog,test,6
data/raw/cifar-10/train/46293.png,ship,test,8
data/raw/cifar-10/train/146.png,deer,test,4
data/raw/cifar-10/train/39046.png,cat,test,3
data/raw/cifar-10/train/43104.png,dog,test,5
data/raw/cifar-10/train/38283.png,automobile,test,1
data/raw/cifar-10/train/8709.png,horse,test,7
data/raw/cifar-10/train/18023.png,horse,test,7
data/raw/cifar-10/train/15603.png,dog,test,5
data/raw/cifar-10/train/41641.png,truck,test,9
data/raw/cifar-10/train/15902.png,truck,test,9
data/raw/cifar-10/train/18076.png,bird,test,2
data/raw/cifar-10/train/45373.png,ship,test,8
data/raw/cifar-10/train/24772.png,bird,test,2
data/raw/cifar-10/train/16103.png,bird,test,2
data/raw/cifar-10/train/23834.png,automobile,test,1
data/raw/cifar-10/train/5869.png,truck,test,9
data/raw/cifar-10/train/3801.png,ship,test,8
data/raw/cifar-10/train/6442.png,horse,test,7
data/raw/cifar-10/train/1767.png,frog,test,6
data/raw/cifar-10/train/16533.png,ship,test,8
data/raw/cifar-10/train/40270.png,dog,test,5
data/raw/cifar-10/train/23416.png,horse,test,7
data/raw/cifar-10/train/37883.png,horse,test,7
data/raw/cifar-10/train/44301.png,dog,test,5
data/raw/cifar-10/train/24999.png,dog,test,5
data/raw/cifar-10/train/1225.png,dog,test,5
data/raw/cifar-10/train/24266.png,deer,test,4
data/raw/cifar-10/train/4629.png,cat,test,3
data/raw/cifar-10/train/42071.png,deer,test,4
data/raw/cifar-10/train/13476.png,truck,test,9
data/raw/cifar-10/train/2801.png,automobile,test,1
data/raw/cifar-10/train/19195.png,deer,test,4
data/raw/cifar-10/train/6746.png,frog,test,6
data/raw/cifar-10/train/23438.png,dog,test,5
data/raw/cifar-10/train/24254.png,truck,test,9
data/raw/cifar-10/train/10120.png,dog,test,5
data/raw/cifar-10/train/41750.png,frog,test,6
data/raw/cifar-10/train/40516.png,bird,test,2
data/raw/cifar-10/train/22036.png,bird,test,2
data/raw/cifar-10/train/18139.png,bird,test,2
data/raw/cifar-10/train/30042.png,frog,test,6
data/raw/cifar-10/train/37118.png,cat,test,3
data/raw/cifar-10/train/24031.png,bird,test,2
data/raw/cifar-10/train/43803.png,truck,test,9
data/raw/cifar-10/train/39819.png,automobile,test,1
data/raw/cifar-10/train/19593.png,ship,test,8
data/raw/cifar-10/train/23699.png,frog,test,6
data/raw/cifar-10/train/38012.png,airplane,test,0
data/raw/cifar-10/train/8541.png,automobile,test,1
data/raw/cifar-10/train/46442.png,dog,test,5
data/raw/cifar-10/train/15468.png,cat,test,3
data/raw/cifar-10/train/47640.png,automobile,test,1
data/raw/cifar-10/train/31704.png,automobile,test,1
data/raw/cifar-10/train/1455.png,airplane,test,0
data/raw/cifar-10/train/4138.png,deer,test,4
data/raw/cifar-10/train/638.png,airplane,test,0
data/raw/cifar-10/train/47310.png,bird,test,2
data/raw/cifar-10/train/13059.png,horse,test,7
data/raw/cifar-10/train/8530.png,automobile,test,1
data/raw/cifar-10/train/30499.png,horse,test,7
data/raw/cifar-10/train/9005.png,airplane,test,0
data/raw/cifar-10/train/49463.png,frog,test,6
data/raw/cifar-10/train/18381.png,frog,test,6
data/raw/cifar-10/train/45015.png,automobile,test,1
data/raw/cifar-10/train/41043.png,ship,test,8
data/raw/cifar-10/train/15216.png,truck,test,9
data/raw/cifar-10/train/6701.png,cat,test,3
data/raw/cifar-10/train/8979.png,cat,test,3
data/raw/cifar-10/train/3290.png,cat,test,3
data/raw/cifar-10/train/32254.png,deer,test,4
data/raw/cifar-10/train/16695.png,bird,test,2
data/raw/cifar-10/train/39845.png,truck,test,9
data/raw/cifar-10/train/35321.png,bird,test,2
data/raw/cifar-10/train/27812.png,truck,test,9
data/raw/cifar-10/train/29840.png,cat,test,3
data/raw/cifar-10/train/3862.png,frog,test,6
data/raw/cifar-10/train/32192.png,frog,test,6
data/raw/cifar-10/train/16704.png,cat,test,3
data/raw/cifar-10/train/10234.png,ship,test,8
data/raw/cifar-10/train/2935.png,ship,test,8
data/raw/cifar-10/train/22448.png,truck,test,9
data/raw/cifar-10/train/9551.png,deer,test,4
data/raw/cifar-10/train/2.png,truck,test,9
data/raw/cifar-10/train/27973.png,truck,test,9
data/raw/cifar-10/train/32460.png,deer,test,4
data/raw/cifar-10/train/39997.png,automobile,test,1
data/raw/cifar-10/train/18202.png,ship,test,8
data/raw/cifar-10/train/39097.png,bird,test,2
data/raw/cifar-10/train/34559.png,airplane,test,0
data/raw/cifar-10/train/45490.png,bird,test,2
data/raw/cifar-10/train/8291.png,truck,test,9
data/raw/cifar-10/train/11425.png,airplane,test,0
data/raw/cifar-10/train/33397.png,bird,test,2
data/raw/cifar-10/train/35958.png,bird,test,2
data/raw/cifar-10/train/28072.png,truck,test,9
data/raw/cifar-10/train/3614.png,truck,test,9
data/raw/cifar-10/train/49268.png,dog,test,5
data/raw/cifar-10/train/19156.png,horse,test,7
data/raw/cifar-10/train/10731.png,horse,test,7
data/raw/cifar-10/train/3419.png,deer,test,4
data/raw/cifar-10/train/47519.png,cat,test,3
data/raw/cifar-10/train/16945.png,horse,test,7
data/raw/cifar-10/train/40199.png,horse,test,7
data/raw/cifar-10/train/32786.png,dog,test,5
data/raw/cifar-10/train/42860.png,frog,test,6
data/raw/cifar-10/train/30593.png,horse,test,7
data/raw/cifar-10/train/10652.png,bird,test,2
data/raw/cifar-10/train/10445.png,frog,test,6
data/raw/cifar-10/train/12809.png,airplane,test,0
data/raw/cifar-10/train/32768.png,ship,test,8
data/raw/cifar-10/train/44498.png,dog,test,5
data/raw/cifar-10/train/29306.png,horse,test,7
data/raw/cifar-10/train/48833.png,dog,test,5
data/raw/cifar-10/train/46456.png,horse,test,7
data/raw/cifar-10/train/27215.png,deer,test,4
data/raw/cifar-10/train/6812.png,truck,test,9
data/raw/cifar-10/train/36127.png,dog,test,5
data/raw/cifar-10/train/28258.png,horse,test,7
data/raw/cifar-10/train/48698.png,horse,test,7
data/raw/cifar-10/train/25420.png,airplane,test,0
data/raw/cifar-10/train/37554.png,deer,test,4
data/raw/cifar-10/train/28076.png,cat,test,3
data/raw/cifar-10/train/27909.png,airplane,test,0
data/raw/cifar-10/train/11868.png,horse,test,7
data/raw/cifar-10/train/3342.png,frog,test,6
data/raw/cifar-10/train/25804.png,deer,test,4
data/raw/cifar-10/train/31019.png,ship,test,8
data/raw/cifar-10/train/24126.png,truck,test,9
data/raw/cifar-10/train/12919.png,ship,test,8
data/raw/cifar-10/train/12926.png,horse,test,7
data/raw/cifar-10/train/26710.png,horse,test,7
data/raw/cifar-10/train/46311.png,dog,test,5
data/raw/cifar-10/train/44669.png,airplane,test,0
data/raw/cifar-10/train/10545.png,automobile,test,1
data/raw/cifar-10/train/17210.png,automobile,test,1
data/raw/cifar-10/train/42214.png,truck,test,9
data/raw/cifar-10/train/14360.png,deer,test,4
data/raw/cifar-10/train/8675.png,dog,test,5
data/raw/cifar-10/train/17982.png,bird,test,2
data/raw/cifar-10/train/31864.png,airplane,test,0
data/raw/cifar-10/train/40209.png,horse,test,7
data/raw/cifar-10/train/24921.png,deer,test,4
data/raw/cifar-10/train/10451.png,automobile,test,1
data/raw/cifar-10/train/7927.png,dog,test,5
data/raw/cifar-10/train/23910.png,horse,test,7
data/raw/cifar-10/train/45011.png,airplane,test,0
data/raw/cifar-10/train/19578.png,cat,test,3
data/raw/cifar-10/train/10257.png,frog,test,6
data/raw/cifar-10/train/19266.png,automobile,test,1
data/raw/cifar-10/train/3212.png,airplane,test,0
data/raw/cifar-10/train/2408.png,frog,test,6
data/raw/cifar-10/train/11563.png,deer,test,4
data/raw/cifar-10/train/27236.png,cat,test,3
data/raw/cifar-10/train/34538.png,airplane,test,0
data/raw/cifar-10/train/47801.png,bird,test,2
data/raw/cifar-10/train/45819.png,bird,test,2
data/raw/cifar-10/train/43581.png,horse,test,7
data/raw/cifar-10/train/11276.png,truck,test,9
data/raw/cifar-10/train/656.png,frog,test,6
data/raw/cifar-10/train/48512.png,frog,test,6
data/raw/cifar-10/train/43624.png,ship,test,8
data/raw/cifar-10/train/6971.png,bird,test,2
data/raw/cifar-10/train/38013.png,cat,test,3
data/raw/cifar-10/train/14805.png,ship,test,8
data/raw/cifar-10/train/23564.png,frog,test,6
data/raw/cifar-10/train/5363.png,airplane,test,0
data/raw/cifar-10/train/10870.png,cat,test,3
data/raw/cifar-10/train/34964.png,ship,test,8
data/raw/cifar-10/train/41379.png,automobile,test,1
data/raw/cifar-10/train/16909.png,deer,test,4
data/raw/cifar-10/train/37065.png,ship,test,8
data/raw/cifar-10/train/38350.png,bird,test,2
data/raw/cifar-10/train/12438.png,horse,test,7
data/raw/cifar-10/train/22524.png,cat,test,3
data/raw/cifar-10/train/28434.png,cat,test,3
data/raw/cifar-10/train/14687.png,horse,test,7
data/raw/cifar-10/train/1830.png,truck,test,9
data/raw/cifar-10/train/30114.png,cat,test,3
data/raw/cifar-10/train/41462.png,cat,test,3
data/raw/cifar-10/train/30065.png,truck,test,9
data/raw/cifar-10/train/47906.png,dog,test,5
data/raw/cifar-10/train/38841.png,dog,test,5
data/raw/cifar-10/train/25584.png,dog,test,5
data/raw/cifar-10/train/31900.png,automobile,test,1
data/raw/cifar-10/train/6926.png,frog,test,6
data/raw/cifar-10/train/28845.png,automobile,test,1
data/raw/cifar-10/train/46637.png,ship,test,8
data/raw/cifar-10/train/45659.png,truck,test,9
data/raw/cifar-10/train/21686.png,automobile,test,1
data/raw/cifar-10/train/33629.png,dog,test,5
data/raw/cifar-10/train/30881.png,cat,test,3
data/raw/cifar-10/train/33638.png,truck,test,9
data/raw/cifar-10/train/2655.png,deer,test,4
data/raw/cifar-10/train/9906.png,airplane,test,0
data/raw/cifar-10/train/30156.png,dog,test,5
data/raw/cifar-10/train/23690.png,dog,test,5
data/raw/cifar-10/train/11557.png,cat,test,3
data/raw/cifar-10/train/8160.png,truck,test,9
data/raw/cifar-10/train/42111.png,airplane,test,0
data/raw/cifar-10/train/38200.png,dog,test,5
data/raw/cifar-10/train/45512.png,dog,test,5
data/raw/cifar-10/train/39370.png,deer,test,4
data/raw/cifar-10/train/15409.png,dog,test,5
data/raw/cifar-10/train/27351.png,truck,test,9
data/raw/cifar-10/train/3928.png,cat,test,3
data/raw/cifar-10/train/37784.png,airplane,test,0
data/raw/cifar-10/train/10659.png,truck,test,9
data/raw/cifar-10/train/30767.png,dog,test,5
data/raw/cifar-10/train/47812.png,frog,test,6
data/raw/cifar-10/train/17045.png,deer,test,4
data/raw/cifar-10/train/21827.png,cat,test,3
data/raw/cifar-10/train/10690.png,airplane,test,0
data/raw/cifar-10/train/4883.png,dog,test,5
data/raw/cifar-10/train/22145.png,deer,test,4
data/raw/cifar-10/train/18710.png,ship,test,8
data/raw/cifar-10/train/3395.png,dog,test,5
data/raw/cifar-10/train/45952.png,bird,test,2
data/raw/cifar-10/train/8517.png,horse,test,7
data/raw/cifar-10/train/32831.png,airplane,test,0
data/raw/cifar-10/train/23038.png,horse,test,7
data/raw/cifar-10/train/8445.png,airplane,test,0
data/raw/cifar-10/train/18163.png,bird,test,2
data/raw/cifar-10/train/43273.png,horse,test,7
data/raw/cifar-10/train/3935.png,automobile,test,1
data/raw/cifar-10/train/12930.png,automobile,test,1
data/raw/cifar-10/train/4503.png,ship,test,8
data/raw/cifar-10/train/45558.png,dog,test,5
data/raw/cifar-10/train/18260.png,cat,test,3
data/raw/cifar-10/train/15804.png,ship,test,8
data/raw/cifar-10/train/10501.png,deer,test,4
data/raw/cifar-10/train/11738.png,dog,test,5
data/raw/cifar-10/train/37105.png,ship,test,8
data/raw/cifar-10/train/38589.png,frog,test,6
data/raw/cifar-10/train/23071.png,bird,test,2
data/raw/cifar-10/train/36582.png,bird,test,2
data/raw/cifar-10/train/37941.png,frog,test,6
data/raw/cifar-10/train/48067.png,horse,test,7
data/raw/cifar-10/train/44849.png,dog,test,5
data/raw/cifar-10/train/35652.png,automobile,test,1
data/raw/cifar-10/train/29793.png,automobile,test,1
data/raw/cifar-10/train/12662.png,dog,test,5
data/raw/cifar-10/train/36159.png,automobile,test,1
data/raw/cifar-10/train/7296.png,deer,test,4
data/raw/cifar-10/train/38082.png,ship,test,8
data/raw/cifar-10/train/12400.png,bird,test,2
data/raw/cifar-10/train/15611.png,automobile,test,1
data/raw/cifar-10/train/40074.png,cat,test,3
data/raw/cifar-10/train/45160.png,ship,test,8
data/raw/cifar-10/train/3062.png,truck,test,9
data/raw/cifar-10/train/9677.png,truck,test,9
data/raw/cifar-10/train/9511.png,airplane,test,0
data/raw/cifar-10/train/17550.png,horse,test,7
data/raw/cifar-10/train/41222.png,dog,test,5
data/raw/cifar-10/train/25647.png,bird,test,2
data/raw/cifar-10/train/15355.png,dog,test,5
data/raw/cifar-10/train/23794.png,ship,test,8
data/raw/cifar-10/train/43768.png,cat,test,3
data/raw/cifar-10/train/16356.png,horse,test,7
data/raw/cifar-10/train/39772.png,automobile,test,1
data/raw/cifar-10/train/42831.png,deer,test,4
data/raw/cifar-10/train/29636.png,deer,test,4
data/raw/cifar-10/train/42849.png,bird,test,2
data/raw/cifar-10/train/5211.png,airplane,test,0
data/raw/cifar-10/train/38838.png,horse,test,7
data/raw/cifar-10/train/31061.png,deer,test,4
data/raw/cifar-10/train/42343.png,deer,test,4
data/raw/cifar-10/train/44846.png,horse,test,7
data/raw/cifar-10/train/11039.png,frog,test,6
data/raw/cifar-10/train/44180.png,dog,test,5
data/raw/cifar-10/train/49395.png,frog,test,6
data/raw/cifar-10/train/923.png,cat,test,3
data/raw/cifar-10/train/26989.png,ship,test,8
data/raw/cifar-10/train/36014.png,ship,test,8
data/raw/cifar-10/train/34027.png,airplane,test,0
data/raw/cifar-10/train/8666.png,ship,test,8
data/raw/cifar-10/train/29498.png,airplane,test,0
data/raw/cifar-10/train/19865.png,cat,test,3
data/raw/cifar-10/train/25844.png,airplane,test,0
data/raw/cifar-10/train/33787.png,truck,test,9
data/raw/cifar-10/train/48621.png,horse,test,7
data/raw/cifar-10/train/5227.png,bird,test,2
data/raw/cifar-10/train/3520.png,deer,test,4
data/raw/cifar-10/train/43965.png,horse,test,7
data/raw/cifar-10/train/7434.png,ship,test,8
data/raw/cifar-10/train/32873.png,ship,test,8
data/raw/cifar-10/train/48891.png,dog,test,5
data/raw/cifar-10/train/32023.png,airplane,test,0
data/raw/cifar-10/train/14545.png,frog,test,6
data/raw/cifar-10/train/7535.png,ship,test,8
data/raw/cifar-10/train/7480.png,truck,test,9
data/raw/cifar-10/train/36395.png,horse,test,7
data/raw/cifar-10/train/493.png,horse,test,7
data/raw/cifar-10/train/32024.png,ship,test,8
data/raw/cifar-10/train/31796.png,ship,test,8
data/raw/cifar-10/train/4723.png,airplane,test,0
data/raw/cifar-10/train/45342.png,bird,test,2
data/raw/cifar-10/train/42743.png,frog,test,6
data/raw/cifar-10/train/43586.png,automobile,test,1
data/raw/cifar-10/train/12267.png,ship,test,8
data/raw/cifar-10/train/35578.png,frog,test,6
data/raw/cifar-10/train/23848.png,airplane,test,0
data/raw/cifar-10/train/27424.png,horse,test,7
data/raw/cifar-10/train/18257.png,frog,test,6
data/raw/cifar-10/train/11051.png,bird,test,2
data/raw/cifar-10/train/49544.png,ship,test,8
data/raw/cifar-10/train/33628.png,frog,test,6
data/raw/cifar-10/train/21972.png,automobile,test,1
data/raw/cifar-10/train/21970.png,cat,test,3
data/raw/cifar-10/train/37042.png,airplane,test,0
data/raw/cifar-10/train/40879.png,dog,test,5
data/raw/cifar-10/train/18142.png,ship,test,8
data/raw/cifar-10/train/37989.png,ship,test,8
data/raw/cifar-10/train/40817.png,horse,test,7
data/raw/cifar-10/train/11398.png,frog,test,6
data/raw/cifar-10/train/18866.png,cat,test,3
data/raw/cifar-10/train/32134.png,truck,test,9
data/raw/cifar-10/train/22924.png,cat,test,3
data/raw/cifar-10/train/7116.png,dog,test,5
data/raw/cifar-10/train/22007.png,bird,test,2
data/raw/cifar-10/train/19383.png,automobile,test,1
data/raw/cifar-10/train/1786.png,cat,test,3
data/raw/cifar-10/train/40135.png,bird,test,2
data/raw/cifar-10/train/18689.png,horse,test,7
data/raw/cifar-10/train/29541.png,airplane,test,0
data/raw/cifar-10/train/39544.png,cat,test,3
data/raw/cifar-10/train/36998.png,dog,test,5
data/raw/cifar-10/train/16692.png,bird,test,2
data/raw/cifar-10/train/23572.png,horse,test,7
data/raw/cifar-10/train/31606.png,truck,test,9
data/raw/cifar-10/train/27602.png,automobile,test,1
data/raw/cifar-10/train/15240.png,ship,test,8
data/raw/cifar-10/train/32534.png,deer,test,4
data/raw/cifar-10/train/14464.png,bird,test,2
data/raw/cifar-10/train/32556.png,cat,test,3
data/raw/cifar-10/train/9540.png,automobile,test,1
data/raw/cifar-10/train/33997.png,airplane,test,0
data/raw/cifar-10/train/36056.png,airplane,test,0
data/raw/cifar-10/train/5587.png,cat,test,3
data/raw/cifar-10/train/13120.png,horse,test,7
data/raw/cifar-10/train/44327.png,horse,test,7
data/raw/cifar-10/train/43615.png,truck,test,9
data/raw/cifar-10/train/38633.png,dog,test,5
data/raw/cifar-10/train/15545.png,dog,test,5
data/raw/cifar-10/train/29426.png,dog,test,5
data/raw/cifar-10/train/46711.png,ship,test,8
data/raw/cifar-10/train/7950.png,ship,test,8
data/raw/cifar-10/train/49372.png,airplane,test,0
data/raw/cifar-10/train/47536.png,automobile,test,1
data/raw/cifar-10/train/41219.png,ship,test,8
data/raw/cifar-10/train/41071.png,ship,test,8
data/raw/cifar-10/train/47180.png,ship,test,8
data/raw/cifar-10/train/40960.png,frog,test,6
data/raw/cifar-10/train/29436.png,truck,test,9
data/raw/cifar-10/train/32044.png,cat,test,3
data/raw/cifar-10/train/41032.png,deer,test,4
data/raw/cifar-10/train/2746.png,dog,test,5
data/raw/cifar-10/train/33381.png,airplane,test,0
data/raw/cifar-10/train/9346.png,cat,test,3
data/raw/cifar-10/train/27151.png,dog,test,5
data/raw/cifar-10/train/25569.png,horse,test,7
data/raw/cifar-10/train/37324.png,ship,test,8
data/raw/cifar-10/train/8332.png,deer,test,4
data/raw/cifar-10/train/12623.png,automobile,test,1
data/raw/cifar-10/train/22306.png,dog,test,5
data/raw/cifar-10/train/19753.png,cat,test,3
data/raw/cifar-10/train/42284.png,airplane,test,0
data/raw/cifar-10/train/26621.png,truck,test,9
data/raw/cifar-10/train/28877.png,automobile,test,1
data/raw/cifar-10/train/24622.png,horse,test,7
data/raw/cifar-10/train/48532.png,bird,test,2
data/raw/cifar-10/train/17446.png,dog,test,5
data/raw/cifar-10/train/26693.png,horse,test,7
data/raw/cifar-10/train/27099.png,horse,test,7
data/raw/cifar-10/train/44517.png,deer,test,4
data/raw/cifar-10/train/42956.png,horse,test,7
data/raw/cifar-10/train/45965.png,frog,test,6
data/raw/cifar-10/train/25010.png,truck,test,9
data/raw/cifar-10/train/20443.png,automobile,test,1
data/raw/cifar-10/train/37748.png,airplane,test,0
data/raw/cifar-10/train/10431.png,cat,test,3
data/raw/cifar-10/train/49473.png,dog,test,5
data/raw/cifar-10/train/4992.png,airplane,test,0
data/raw/cifar-10/train/13339.png,ship,test,8
data/raw/cifar-10/train/34.png,cat,test,3
data/raw/cifar-10/train/28955.png,ship,test,8
data/raw/cifar-10/train/5586.png,truck,test,9
data/raw/cifar-10/train/44778.png,automobile,test,1
data/raw/cifar-10/train/48210.png,airplane,test,0
data/raw/cifar-10/train/29547.png,automobile,test,1
data/raw/cifar-10/train/24036.png,deer,test,4
data/raw/cifar-10/train/27184.png,frog,test,6
data/raw/cifar-10/train/23731.png,truck,test,9
data/raw/cifar-10/train/43105.png,truck,test,9
data/raw/cifar-10/train/46530.png,cat,test,3
data/raw/cifar-10/train/20446.png,dog,test,5
data/raw/cifar-10/train/5643.png,airplane,test,0
data/raw/cifar-10/train/49425.png,cat,test,3
data/raw/cifar-10/train/2764.png,dog,test,5
data/raw/cifar-10/train/828.png,bird,test,2
data/raw/cifar-10/train/32328.png,ship,test,8
data/raw/cifar-10/train/37430.png,cat,test,3
data/raw/cifar-10/train/40917.png,horse,test,7
data/raw/cifar-10/train/10449.png,truck,test,9
data/raw/cifar-10/train/6503.png,bird,test,2
data/raw/cifar-10/train/18282.png,dog,test,5
data/raw/cifar-10/train/26990.png,truck,test,9
data/raw/cifar-10/train/20753.png,automobile,test,1
data/raw/cifar-10/train/31640.png,frog,test,6
data/raw/cifar-10/train/5545.png,dog,test,5
data/raw/cifar-10/train/42569.png,bird,test,2
data/raw/cifar-10/train/17999.png,airplane,test,0
data/raw/cifar-10/train/41369.png,automobile,test,1
data/raw/cifar-10/train/38158.png,automobile,test,1
data/raw/cifar-10/train/35310.png,bird,test,2
data/raw/cifar-10/train/16231.png,airplane,test,0
data/raw/cifar-10/train/3110.png,cat,test,3
data/raw/cifar-10/train/22131.png,horse,test,7
data/raw/cifar-10/train/15222.png,truck,test,9
data/raw/cifar-10/train/4.png,deer,test,4
data/raw/cifar-10/train/14471.png,automobile,test,1
data/raw/cifar-10/train/10929.png,ship,test,8
data/raw/cifar-10/train/30390.png,cat,test,3
data/raw/cifar-10/train/38007.png,cat,test,3
data/raw/cifar-10/train/22327.png,airplane,test,0
data/raw/cifar-10/train/11477.png,cat,test,3
data/raw/cifar-10/train/26582.png,dog,test,5
data/raw/cifar-10/train/4796.png,horse,test,7
data/raw/cifar-10/train/44681.png,airplane,test,0
data/raw/cifar-10/train/24713.png,truck,test,9
data/raw/cifar-10/train/5604.png,bird,test,2
data/raw/cifar-10/train/47581.png,frog,test,6
data/raw/cifar-10/train/30658.png,dog,test,5
data/raw/cifar-10/train/49.png,bird,test,2
data/raw/cifar-10/train/11851.png,automobile,test,1
data/raw/cifar-10/train/1912.png,dog,test,5
data/raw/cifar-10/train/30112.png,bird,test,2
data/raw/cifar-10/train/46233.png,cat,test,3
data/raw/cifar-10/train/40788.png,bird,test,2
data/raw/cifar-10/train/26384.png,frog,test,6
data/raw/cifar-10/train/14659.png,bird,test,2
data/raw/cifar-10/train/275.png,truck,test,9
data/raw/cifar-10/train/35592.png,frog,test,6
data/raw/cifar-10/train/19683.png,airplane,test,0
data/raw/cifar-10/train/42291.png,horse,test,7
data/raw/cifar-10/train/18691.png,deer,test,4
data/raw/cifar-10/train/13154.png,frog,test,6
data/raw/cifar-10/train/17139.png,bird,test,2
data/raw/cifar-10/train/10141.png,horse,test,7
data/raw/cifar-10/train/45429.png,bird,test,2
data/raw/cifar-10/train/39550.png,automobile,test,1
data/raw/cifar-10/train/20994.png,frog,test,6
data/raw/cifar-10/train/22178.png,ship,test,8
data/raw/cifar-10/train/10732.png,cat,test,3
data/raw/cifar-10/train/7959.png,frog,test,6
data/raw/cifar-10/train/33023.png,ship,test,8
data/raw/cifar-10/train/43703.png,bird,test,2
data/raw/cifar-10/train/4121.png,dog,test,5
data/raw/cifar-10/train/46127.png,frog,test,6
data/raw/cifar-10/train/37914.png,automobile,test,1
data/raw/cifar-10/train/31636.png,airplane,test,0
data/raw/cifar-10/train/39458.png,frog,test,6
data/raw/cifar-10/train/8934.png,truck,test,9
data/raw/cifar-10/train/32119.png,dog,test,5
data/raw/cifar-10/train/20978.png,frog,test,6
data/raw/cifar-10/train/35054.png,dog,test,5
data/raw/cifar-10/train/36730.png,horse,test,7
data/raw/cifar-10/train/34477.png,dog,test,5
data/raw/cifar-10/train/32953.png,truck,test,9
data/raw/cifar-10/train/41974.png,horse,test,7
data/raw/cifar-10/train/23511.png,dog,test,5
data/raw/cifar-10/train/45369.png,dog,test,5
data/raw/cifar-10/train/18245.png,truck,test,9
data/raw/cifar-10/train/38873.png,automobile,test,1
data/raw/cifar-10/train/9991.png,truck,test,9
data/raw/cifar-10/train/530.png,frog,test,6
data/raw/cifar-10/train/14271.png,bird,test,2
data/raw/cifar-10/train/40239.png,horse,test,7
data/raw/cifar-10/train/18780.png,truck,test,9
data/raw/cifar-10/train/9510.png,automobile,test,1
data/raw/cifar-10/train/49654.png,frog,test,6
data/raw/cifar-10/train/37911.png,cat,test,3
data/raw/cifar-10/train/10704.png,dog,test,5
data/raw/cifar-10/train/47027.png,automobile,test,1
data/raw/cifar-10/train/38113.png,airplane,test,0
data/raw/cifar-10/train/31391.png,ship,test,8
data/raw/cifar-10/train/34829.png,airplane,test,0
data/raw/cifar-10/train/14872.png,automobile,test,1
data/raw/cifar-10/train/48417.png,airplane,test,0
data/raw/cifar-10/train/45555.png,dog,test,5
data/raw/cifar-10/train/44897.png,cat,test,3
data/raw/cifar-10/train/34325.png,frog,test,6
data/raw/cifar-10/train/32585.png,automobile,test,1
data/raw/cifar-10/train/49283.png,bird,test,2
data/raw/cifar-10/train/23583.png,frog,test,6
data/raw/cifar-10/train/10901.png,deer,test,4
data/raw/cifar-10/train/920.png,dog,test,5
data/raw/cifar-10/train/44138.png,ship,test,8
data/raw/cifar-10/train/41281.png,truck,test,9
data/raw/cifar-10/train/18025.png,frog,test,6
data/raw/cifar-10/train/2542.png,horse,test,7
data/raw/cifar-10/train/24489.png,airplane,test,0
data/raw/cifar-10/train/44587.png,deer,test,4
data/raw/cifar-10/train/45194.png,bird,test,2
data/raw/cifar-10/train/20346.png,cat,test,3
data/raw/cifar-10/train/9374.png,airplane,test,0
data/raw/cifar-10/train/1168.png,horse,test,7
data/raw/cifar-10/train/33806.png,horse,test,7
data/raw/cifar-10/train/5144.png,deer,test,4
data/raw/cifar-10/train/38323.png,ship,test,8
data/raw/cifar-10/train/18627.png,dog,test,5
data/raw/cifar-10/train/14630.png,frog,test,6
data/raw/cifar-10/train/33486.png,horse,test,7
data/raw/cifar-10/train/27855.png,ship,test,8
data/raw/cifar-10/train/34268.png,deer,test,4
data/raw/cifar-10/train/6253.png,frog,test,6
data/raw/cifar-10/train/24501.png,bird,test,2
data/raw/cifar-10/train/33694.png,automobile,test,1
data/raw/cifar-10/train/32093.png,ship,test,8
data/raw/cifar-10/train/44400.png,cat,test,3
data/raw/cifar-10/train/11368.png,automobile,test,1
data/raw/cifar-10/train/4489.png,frog,test,6
data/raw/cifar-10/train/31883.png,bird,test,2
data/raw/cifar-10/train/32504.png,horse,test,7
data/raw/cifar-10/train/21363.png,frog,test,6
data/raw/cifar-10/train/4555.png,horse,test,7
data/raw/cifar-10/train/26133.png,cat,test,3
data/raw/cifar-10/train/25262.png,airplane,test,0
data/raw/cifar-10/train/30619.png,dog,test,5
data/raw/cifar-10/train/5684.png,automobile,test,1
data/raw/cifar-10/train/25496.png,bird,test,2
data/raw/cifar-10/train/21770.png,cat,test,3
data/raw/cifar-10/train/35271.png,frog,test,6
data/raw/cifar-10/train/15869.png,automobile,test,1
data/raw/cifar-10/train/14460.png,bird,test,2
data/raw/cifar-10/train/44349.png,horse,test,7
data/raw/cifar-10/train/25625.png,airplane,test,0
data/raw/cifar-10/train/19905.png,airplane,test,0
data/raw/cifar-10/train/12397.png,frog,test,6
data/raw/cifar-10/train/19337.png,ship,test,8
data/raw/cifar-10/train/6804.png,ship,test,8
data/raw/cifar-10/train/27511.png,automobile,test,1
data/raw/cifar-10/train/33369.png,airplane,test,0
data/raw/cifar-10/train/28549.png,airplane,test,0
data/raw/cifar-10/train/40681.png,airplane,test,0
data/raw/cifar-10/train/4841.png,automobile,test,1
data/raw/cifar-10/train/46599.png,automobile,test,1
data/raw/cifar-10/train/46956.png,truck,test,9
data/raw/cifar-10/train/38386.png,dog,test,5
data/raw/cifar-10/train/44940.png,deer,test,4
data/raw/cifar-10/train/16508.png,frog,test,6
data/raw/cifar-10/train/25753.png,truck,test,9
data/raw/cifar-10/train/18404.png,deer,test,4
data/raw/cifar-10/train/31057.png,truck,test,9
data/raw/cifar-10/train/25683.png,automobile,test,1
data/raw/cifar-10/train/3508.png,deer,test,4
data/raw/cifar-10/train/23888.png,automobile,test,1
data/raw/cifar-10/train/8968.png,bird,test,2
data/raw/cifar-10/train/27924.png,deer,test,4
data/raw/cifar-10/train/48531.png,bird,test,2
data/raw/cifar-10/train/45127.png,automobile,test,1
data/raw/cifar-10/train/17207.png,bird,test,2
data/raw/cifar-10/train/48528.png,horse,test,7
data/raw/cifar-10/train/48983.png,truck,test,9
data/raw/cifar-10/train/37944.png,bird,test,2
data/raw/cifar-10/train/34373.png,horse,test,7
data/raw/cifar-10/train/8462.png,horse,test,7
data/raw/cifar-10/train/16629.png,cat,test,3
data/raw/cifar-10/train/8764.png,frog,test,6
data/raw/cifar-10/train/45993.png,dog,test,5
data/raw/cifar-10/train/7604.png,cat,test,3
data/raw/cifar-10/train/28801.png,ship,test,8
data/raw/cifar-10/train/30284.png,dog,test,5
data/raw/cifar-10/train/16242.png,deer,test,4
data/raw/cifar-10/train/41408.png,bird,test,2
data/raw/cifar-10/train/31116.png,truck,test,9
data/raw/cifar-10/train/18786.png,truck,test,9
data/raw/cifar-10/train/1961.png,airplane,test,0
data/raw/cifar-10/train/26584.png,ship,test,8
data/raw/cifar-10/train/1245.png,dog,test,5
data/raw/cifar-10/train/8768.png,bird,test,2
data/raw/cifar-10/train/6512.png,cat,test,3
data/raw/cifar-10/train/5416.png,bird,test,2
data/raw/cifar-10/train/1339.png,airplane,test,0
data/raw/cifar-10/train/25627.png,bird,test,2
data/raw/cifar-10/train/22946.png,ship,test,8
data/raw/cifar-10/train/48864.png,truck,test,9
data/raw/cifar-10/train/16948.png,automobile,test,1
data/raw/cifar-10/train/23673.png,ship,test,8
data/raw/cifar-10/train/26690.png,cat,test,3
data/raw/cifar-10/train/14931.png,bird,test,2
data/raw/cifar-10/train/4249.png,horse,test,7
data/raw/cifar-10/train/16407.png,bird,test,2
data/raw/cifar-10/train/39637.png,frog,test,6
data/raw/cifar-10/train/42241.png,dog,test,5
data/raw/cifar-10/train/30899.png,truck,test,9
data/raw/cifar-10/train/33619.png,horse,test,7
data/raw/cifar-10/train/43197.png,deer,test,4
data/raw/cifar-10/train/9405.png,bird,test,2
data/raw/cifar-10/train/13493.png,bird,test,2
data/raw/cifar-10/train/33715.png,cat,test,3
data/raw/cifar-10/train/47876.png,truck,test,9
data/raw/cifar-10/train/38025.png,truck,test,9
data/raw/cifar-10/train/33041.png,horse,test,7
data/raw/cifar-10/train/46785.png,bird,test,2
data/raw/cifar-10/train/22557.png,truck,test,9
data/raw/cifar-10/train/43736.png,cat,test,3
data/raw/cifar-10/train/6813.png,cat,test,3
data/raw/cifar-10/train/37720.png,deer,test,4
data/raw/cifar-10/train/2266.png,ship,test,8
data/raw/cifar-10/train/44941.png,airplane,test,0
data/raw/cifar-10/train/29495.png,automobile,test,1
data/raw/cifar-10/train/22796.png,frog,test,6
data/raw/cifar-10/train/11295.png,cat,test,3
data/raw/cifar-10/train/6687.png,frog,test,6
data/raw/cifar-10/train/44924.png,horse,test,7
data/raw/cifar-10/train/10966.png,ship,test,8
data/raw/cifar-10/train/40050.png,bird,test,2
data/raw/cifar-10/train/10125.png,airplane,test,0
data/raw/cifar-10/train/30930.png,airplane,test,0
data/raw/cifar-10/train/16796.png,dog,test,5
data/raw/cifar-10/train/4547.png,frog,test,6
data/raw/cifar-10/train/18000.png,frog,test,6
data/raw/cifar-10/train/25411.png,horse,test,7
data/raw/cifar-10/train/37735.png,frog,test,6
data/raw/cifar-10/train/7636.png,bird,test,2
data/raw/cifar-10/train/36544.png,cat,test,3
data/raw/cifar-10/train/6972.png,automobile,test,1
data/raw/cifar-10/train/40128.png,cat,test,3
data/raw/cifar-10/train/38232.png,automobile,test,1
data/raw/cifar-10/train/28098.png,deer,test,4
data/raw/cifar-10/train/9323.png,automobile,test,1
data/raw/cifar-10/train/7102.png,horse,test,7
data/raw/cifar-10/train/19473.png,ship,test,8
data/raw/cifar-10/train/40048.png,frog,test,6
data/raw/cifar-10/train/17823.png,horse,test,7
data/raw/cifar-10/train/36413.png,horse,test,7
data/raw/cifar-10/train/474.png,frog,test,6
data/raw/cifar-10/train/17523.png,bird,test,2
data/raw/cifar-10/train/8505.png,deer,test,4
data/raw/cifar-10/train/1779.png,cat,test,3
data/raw/cifar-10/train/13095.png,cat,test,3
data/raw/cifar-10/train/4236.png,frog,test,6
data/raw/cifar-10/train/11164.png,automobile,test,1
data/raw/cifar-10/train/20452.png,dog,test,5
data/raw/cifar-10/train/15438.png,automobile,test,1
data/raw/cifar-10/train/19532.png,ship,test,8
data/raw/cifar-10/train/48774.png,horse,test,7
data/raw/cifar-10/train/37360.png,dog,test,5
data/raw/cifar-10/train/37932.png,airplane,test,0
data/raw/cifar-10/train/36270.png,cat,test,3
data/raw/cifar-10/train/1844.png,ship,test,8
data/raw/cifar-10/train/33761.png,ship,test,8
data/raw/cifar-10/train/46318.png,frog,test,6
data/raw/cifar-10/train/33630.png,dog,test,5
data/raw/cifar-10/train/15835.png,cat,test,3
data/raw/cifar-10/train/32745.png,airplane,test,0
data/raw/cifar-10/train/8005.png,deer,test,4
data/raw/cifar-10/train/41387.png,truck,test,9
data/raw/cifar-10/train/19722.png,deer,test,4
data/raw/cifar-10/train/18018.png,horse,test,7
data/raw/cifar-10/train/8.png,horse,test,7
data/raw/cifar-10/train/4526.png,bird,test,2
data/raw/cifar-10/train/44696.png,frog,test,6
data/raw/cifar-10/train/34056.png,cat,test,3
data/raw/cifar-10/train/35047.png,horse,test,7
data/raw/cifar-10/train/21880.png,dog,test,5
data/raw/cifar-10/train/22424.png,dog,test,5
data/raw/cifar-10/train/14006.png,automobile,test,1
data/raw/cifar-10/train/16116.png,airplane,test,0
data/raw/cifar-10/train/3261.png,deer,test,4
data/raw/cifar-10/train/48546.png,bird,test,2
data/raw/cifar-10/train/43278.png,airplane,test,0
data/raw/cifar-10/train/41361.png,dog,test,5
data/raw/cifar-10/train/11297.png,truck,test,9
data/raw/cifar-10/train/35446.png,dog,test,5
data/raw/cifar-10/train/5479.png,cat,test,3
data/raw/cifar-10/train/39408.png,bird,test,2
data/raw/cifar-10/train/19044.png,deer,test,4
data/raw/cifar-10/train/37319.png,ship,test,8
data/raw/cifar-10/train/8493.png,frog,test,6
data/raw/cifar-10/train/21697.png,truck,test,9
data/raw/cifar-10/train/47460.png,horse,test,7
data/raw/cifar-10/train/33320.png,dog,test,5
data/raw/cifar-10/train/18196.png,horse,test,7
data/raw/cifar-10/train/41859.png,airplane,test,0
data/raw/cifar-10/train/44530.png,automobile,test,1
data/raw/cifar-10/train/19781.png,cat,test,3
data/raw/cifar-10/train/43779.png,deer,test,4
data/raw/cifar-10/train/13419.png,bird,test,2
data/raw/cifar-10/train/4530.png,dog,test,5
data/raw/cifar-10/train/49411.png,airplane,test,0
data/raw/cifar-10/train/9043.png,automobile,test,1
data/raw/cifar-10/train/4924.png,ship,test,8
data/raw/cifar-10/train/22583.png,deer,test,4
data/raw/cifar-10/train/29086.png,truck,test,9
data/raw/cifar-10/train/48867.png,frog,test,6
data/raw/cifar-10/train/6202.png,truck,test,9
data/raw/cifar-10/train/16832.png,airplane,test,0
data/raw/cifar-10/train/45532.png,dog,test,5
data/raw/cifar-10/train/31379.png,truck,test,9
data/raw/cifar-10/train/14664.png,dog,test,5
data/raw/cifar-10/train/13578.png,truck,test,9
data/raw/cifar-10/train/38722.png,frog,test,6
data/raw/cifar-10/train/47412.png,bird,test,2
data/raw/cifar-10/train/25218.png,bird,test,2
data/raw/cifar-10/train/42979.png,automobile,test,1
data/raw/cifar-10/train/26706.png,dog,test,5
data/raw/cifar-10/train/16616.png,deer,test,4
data/raw/cifar-10/train/18864.png,bird,test,2
data/raw/cifar-10/train/31275.png,automobile,test,1
data/raw/cifar-10/train/31711.png,dog,test,5
data/raw/cifar-10/train/8126.png,truck,test,9
data/raw/cifar-10/train/14975.png,deer,test,4
data/raw/cifar-10/train/3364.png,truck,test,9
data/raw/cifar-10/train/13252.png,dog,test,5
data/raw/cifar-10/train/15583.png,deer,test,4
data/raw/cifar-10/train/7874.png,dog,test,5
data/raw/cifar-10/train/30349.png,horse,test,7
data/raw/cifar-10/train/18671.png,automobile,test,1
data/raw/cifar-10/train/9830.png,horse,test,7
data/raw/cifar-10/train/28724.png,dog,test,5
data/raw/cifar-10/train/19235.png,cat,test,3
data/raw/cifar-10/train/34512.png,horse,test,7
data/raw/cifar-10/train/5678.png,deer,test,4
data/raw/cifar-10/train/24925.png,truck,test,9
data/raw/cifar-10/train/5038.png,airplane,test,0
data/raw/cifar-10/train/28122.png,cat,test,3
data/raw/cifar-10/train/2240.png,frog,test,6
data/raw/cifar-10/train/12314.png,deer,test,4
data/raw/cifar-10/train/38338.png,frog,test,6
data/raw/cifar-10/train/34441.png,horse,test,7
data/raw/cifar-10/train/30252.png,bird,test,2
data/raw/cifar-10/train/43865.png,frog,test,6
data/raw/cifar-10/train/10155.png,deer,test,4
data/raw/cifar-10/train/41295.png,deer,test,4
data/raw/cifar-10/train/1976.png,truck,test,9
data/raw/cifar-10/train/4653.png,ship,test,8
data/raw/cifar-10/train/38811.png,deer,test,4
data/raw/cifar-10/train/19771.png,frog,test,6
data/raw/cifar-10/train/41288.png,frog,test,6
data/raw/cifar-10/train/30411.png,horse,test,7
data/raw/cifar-10/train/40475.png,truck,test,9
data/raw/cifar-10/train/45087.png,truck,test,9
data/raw/cifar-10/train/26468.png,automobile,test,1
data/raw/cifar-10/train/20648.png,dog,test,5
data/raw/cifar-10/train/49290.png,frog,test,6
data/raw/cifar-10/train/39114.png,airplane,test,0
data/raw/cifar-10/train/29745.png,automobile,test,1
data/raw/cifar-10/train/16643.png,truck,test,9
data/raw/cifar-10/train/24260.png,horse,test,7
data/raw/cifar-10/train/4256.png,dog,test,5
data/raw/cifar-10/train/43088.png,dog,test,5
data/raw/cifar-10/train/14887.png,deer,test,4
data/raw/cifar-10/train/34153.png,ship,test,8
data/raw/cifar-10/train/26534.png,horse,test,7
data/raw/cifar-10/train/28753.png,deer,test,4
data/raw/cifar-10/train/14328.png,bird,test,2
data/raw/cifar-10/train/42964.png,ship,test,8
data/raw/cifar-10/train/11031.png,bird,test,2
data/raw/cifar-10/train/19060.png,deer,test,4
data/raw/cifar-10/train/49908.png,horse,test,7
data/raw/cifar-10/train/9000.png,truck,test,9
data/raw/cifar-10/train/3484.png,automobile,test,1
data/raw/cifar-10/train/12722.png,bird,test,2
data/raw/cifar-10/train/18693.png,truck,test,9
data/raw/cifar-10/train/14228.png,dog,test,5
data/raw/cifar-10/train/21148.png,cat,test,3
data/raw/cifar-10/train/23444.png,cat,test,3
data/raw/cifar-10/train/16915.png,horse,test,7
data/raw/cifar-10/train/44569.png,airplane,test,0
data/raw/cifar-10/train/49736.png,airplane,test,0
data/raw/cifar-10/train/31693.png,ship,test,8
data/raw/cifar-10/train/36777.png,horse,test,7
data/raw/cifar-10/train/49454.png,truck,test,9
data/raw/cifar-10/train/12201.png,bird,test,2
data/raw/cifar-10/train/28623.png,automobile,test,1
data/raw/cifar-10/train/27163.png,truck,test,9
data/raw/cifar-10/train/25636.png,deer,test,4
data/raw/cifar-10/train/48786.png,dog,test,5
data/raw/cifar-10/train/27310.png,bird,test,2
data/raw/cifar-10/train/18823.png,ship,test,8
data/raw/cifar-10/train/28865.png,cat,test,3
data/raw/cifar-10/train/4890.png,truck,test,9
data/raw/cifar-10/train/20711.png,airplane,test,0
data/raw/cifar-10/train/5519.png,horse,test,7
data/raw/cifar-10/train/30840.png,cat,test,3
data/raw/cifar-10/train/39697.png,automobile,test,1
data/raw/cifar-10/train/7845.png,bird,test,2
data/raw/cifar-10/train/9494.png,airplane,test,0
data/raw/cifar-10/train/47212.png,dog,test,5
data/raw/cifar-10/train/38341.png,airplane,test,0
data/raw/cifar-10/train/39914.png,frog,test,6
data/raw/cifar-10/train/6889.png,frog,test,6
data/raw/cifar-10/train/5139.png,truck,test,9
data/raw/cifar-10/train/33558.png,frog,test,6
data/raw/cifar-10/train/48715.png,horse,test,7
data/raw/cifar-10/train/36334.png,automobile,test,1
data/raw/cifar-10/train/42714.png,ship,test,8
data/raw/cifar-10/train/6132.png,dog,test,5
data/raw/cifar-10/train/12850.png,automobile,test,1
data/raw/cifar-10/train/19788.png,cat,test,3
data/raw/cifar-10/train/5214.png,truck,test,9
data/raw/cifar-10/train/17166.png,dog,test,5
data/raw/cifar-10/train/47873.png,bird,test,2
data/raw/cifar-10/train/15334.png,airplane,test,0
data/raw/cifar-10/train/46665.png,truck,test,9
data/raw/cifar-10/train/26282.png,dog,test,5
data/raw/cifar-10/train/18284.png,cat,test,3
data/raw/cifar-10/train/45269.png,automobile,test,1
data/raw/cifar-10/train/30773.png,cat,test,3
data/raw/cifar-10/train/3086.png,automobile,test,1
data/raw/cifar-10/train/37051.png,truck,test,9
data/raw/cifar-10/train/36182.png,automobile,test,1
data/raw/cifar-10/train/40779.png,ship,test,8
data/raw/cifar-10/train/2558.png,bird,test,2
data/raw/cifar-10/train/45669.png,deer,test,4
data/raw/cifar-10/train/32452.png,cat,test,3
data/raw/cifar-10/train/38765.png,cat,test,3
data/raw/cifar-10/train/37653.png,automobile,test,1
data/raw/cifar-10/train/34773.png,truck,test,9
data/raw/cifar-10/train/30154.png,deer,test,4
data/raw/cifar-10/train/42221.png,ship,test,8
data/raw/cifar-10/train/43823.png,bird,test,2
data/raw/cifar-10/train/13688.png,frog,test,6
data/raw/cifar-10/train/37308.png,ship,test,8
data/raw/cifar-10/train/28156.png,cat,test,3
data/raw/cifar-10/train/11967.png,automobile,test,1
data/raw/cifar-10/train/33323.png,ship,test,8
data/raw/cifar-10/train/34375.png,dog,test,5
data/raw/cifar-10/train/3634.png,truck,test,9
data/raw/cifar-10/train/16062.png,truck,test,9
data/raw/cifar-10/train/43331.png,dog,test,5
data/raw/cifar-10/train/13446.png,horse,test,7
data/raw/cifar-10/train/11192.png,frog,test,6
data/raw/cifar-10/train/43836.png,deer,test,4
data/raw/cifar-10/train/39974.png,dog,test,5
data/raw/cifar-10/train/40973.png,automobile,test,1
data/raw/cifar-10/train/16567.png,dog,test,5
data/raw/cifar-10/train/14632.png,frog,test,6
data/raw/cifar-10/train/8651.png,truck,test,9
data/raw/cifar-10/train/5751.png,ship,test,8
data/raw/cifar-10/train/47326.png,horse,test,7
data/raw/cifar-10/train/26618.png,automobile,test,1
data/raw/cifar-10/train/8071.png,ship,test,8
data/raw/cifar-10/train/48726.png,ship,test,8
data/raw/cifar-10/train/45415.png,bird,test,2
data/raw/cifar-10/train/26340.png,frog,test,6
data/raw/cifar-10/train/6764.png,horse,test,7
data/raw/cifar-10/train/49976.png,cat,test,3
data/raw/cifar-10/train/41418.png,deer,test,4
data/raw/cifar-10/train/9806.png,horse,test,7
data/raw/cifar-10/train/25714.png,cat,test,3
data/raw/cifar-10/train/104.png,frog,test,6
data/raw/cifar-10/train/48619.png,airplane,test,0
data/raw/cifar-10/train/18085.png,bird,test,2
data/raw/cifar-10/train/27532.png,deer,test,4
data/raw/cifar-10/train/16906.png,deer,test,4
data/raw/cifar-10/train/6415.png,bird,test,2
data/raw/cifar-10/train/34401.png,automobile,test,1
data/raw/cifar-10/train/6258.png,horse,test,7
data/raw/cifar-10/train/13188.png,dog,test,5
data/raw/cifar-10/train/39095.png,ship,test,8
data/raw/cifar-10/train/2064.png,horse,test,7
data/raw/cifar-10/train/34699.png,bird,test,2
data/raw/cifar-10/train/44885.png,airplane,test,0
data/raw/cifar-10/train/46280.png,automobile,test,1
data/raw/cifar-10/train/13669.png,airplane,test,0
data/raw/cifar-10/train/27326.png,bird,test,2
data/raw/cifar-10/train/2462.png,deer,test,4
data/raw/cifar-10/train/17633.png,deer,test,4
data/raw/cifar-10/train/31090.png,truck,test,9
data/raw/cifar-10/train/7130.png,ship,test,8
data/raw/cifar-10/train/5632.png,deer,test,4
data/raw/cifar-10/train/35057.png,horse,test,7
data/raw/cifar-10/train/24470.png,horse,test,7
data/raw/cifar-10/train/40796.png,truck,test,9
data/raw/cifar-10/train/27462.png,deer,test,4
data/raw/cifar-10/train/6152.png,cat,test,3
data/raw/cifar-10/train/26338.png,ship,test,8
data/raw/cifar-10/train/27409.png,dog,test,5
data/raw/cifar-10/train/24625.png,deer,test,4
data/raw/cifar-10/train/14582.png,ship,test,8
data/raw/cifar-10/train/18678.png,airplane,test,0
data/raw/cifar-10/train/37211.png,dog,test,5
data/raw/cifar-10/train/13359.png,truck,test,9
data/raw/cifar-10/train/49296.png,truck,test,9
data/raw/cifar-10/train/24849.png,deer,test,4
data/raw/cifar-10/train/11429.png,horse,test,7
data/raw/cifar-10/train/35300.png,cat,test,3
data/raw/cifar-10/train/15110.png,bird,test,2
data/raw/cifar-10/train/33011.png,truck,test,9
data/raw/cifar-10/train/49196.png,ship,test,8
data/raw/cifar-10/train/23592.png,deer,test,4
data/raw/cifar-10/train/37397.png,dog,test,5
data/raw/cifar-10/train/14188.png,cat,test,3
data/raw/cifar-10/train/34721.png,automobile,test,1
data/raw/cifar-10/train/12949.png,truck,test,9
data/raw/cifar-10/train/23465.png,truck,test,9
data/raw/cifar-10/train/34821.png,frog,test,6
data/raw/cifar-10/train/28876.png,deer,test,4
data/raw/cifar-10/train/8779.png,airplane,test,0
data/raw/cifar-10/train/32602.png,automobile,test,1
data/raw/cifar-10/train/41579.png,cat,test,3
data/raw/cifar-10/train/49907.png,cat,test,3
data/raw/cifar-10/train/2384.png,cat,test,3
data/raw/cifar-10/train/24009.png,automobile,test,1
data/raw/cifar-10/train/44906.png,bird,test,2
data/raw/cifar-10/train/32455.png,frog,test,6
data/raw/cifar-10/train/31926.png,automobile,test,1
data/raw/cifar-10/train/2307.png,automobile,test,1
data/raw/cifar-10/train/28408.png,deer,test,4
data/raw/cifar-10/train/44527.png,automobile,test,1
data/raw/cifar-10/train/21679.png,dog,test,5
data/raw/cifar-10/train/3349.png,horse,test,7
data/raw/cifar-10/train/1678.png,bird,test,2
data/raw/cifar-10/train/43631.png,cat,test,3
data/raw/cifar-10/train/5523.png,frog,test,6
data/raw/cifar-10/train/36131.png,bird,test,2
data/raw/cifar-10/train/41613.png,ship,test,8
data/raw/cifar-10/train/34204.png,bird,test,2
data/raw/cifar-10/train/1331.png,dog,test,5
data/raw/cifar-10/train/32186.png,horse,test,7
data/raw/cifar-10/train/15664.png,deer,test,4
data/raw/cifar-10/train/34582.png,cat,test,3
data/raw/cifar-10/train/34114.png,horse,test,7
data/raw/cifar-10/train/21562.png,dog,test,5
data/raw/cifar-10/train/48688.png,airplane,test,0
data/raw/cifar-10/train/34003.png,airplane,test,0
data/raw/cifar-10/train/41712.png,deer,test,4
data/raw/cifar-10/train/14822.png,ship,test,8
data/raw/cifar-10/train/32200.png,dog,test,5
data/raw/cifar-10/train/7487.png,frog,test,6
data/raw/cifar-10/train/39754.png,bird,test,2
data/raw/cifar-10/train/6379.png,deer,test,4
data/raw/cifar-10/train/9412.png,automobile,test,1
data/raw/cifar-10/train/1271.png,airplane,test,0
data/raw/cifar-10/train/43515.png,automobile,test,1
data/raw/cifar-10/train/45330.png,automobile,test,1
data/raw/cifar-10/train/9814.png,airplane,test,0
data/raw/cifar-10/train/22159.png,dog,test,5
data/raw/cifar-10/train/25643.png,cat,test,3
data/raw/cifar-10/train/33640.png,truck,test,9
data/raw/cifar-10/train/37910.png,airplane,test,0
data/raw/cifar-10/train/31539.png,truck,test,9
data/raw/cifar-10/train/16321.png,automobile,test,1
data/raw/cifar-10/train/29381.png,airplane,test,0
data/raw/cifar-10/train/31324.png,automobile,test,1
data/raw/cifar-10/train/42930.png,airplane,test,0
data/raw/cifar-10/train/18207.png,automobile,test,1
data/raw/cifar-10/train/40273.png,dog,test,5
data/raw/cifar-10/train/32356.png,truck,test,9
data/raw/cifar-10/train/7285.png,automobile,test,1
data/raw/cifar-10/train/14261.png,ship,test,8
data/raw/cifar-10/train/10614.png,ship,test,8
data/raw/cifar-10/train/45863.png,frog,test,6
data/raw/cifar-10/train/32301.png,deer,test,4
data/raw/cifar-10/train/24905.png,bird,test,2
data/raw/cifar-10/train/29976.png,horse,test,7
data/raw/cifar-10/train/7361.png,airplane,test,0
data/raw/cifar-10/train/37679.png,truck,test,9
data/raw/cifar-10/train/5007.png,cat,test,3
data/raw/cifar-10/train/38786.png,automobile,test,1
data/raw/cifar-10/train/45963.png,deer,test,4
data/raw/cifar-10/train/30332.png,airplane,test,0
data/raw/cifar-10/train/18879.png,truck,test,9
data/raw/cifar-10/train/17164.png,truck,test,9
data/raw/cifar-10/train/39128.png,deer,test,4
data/raw/cifar-10/train/33930.png,bird,test,2
data/raw/cifar-10/train/41755.png,horse,test,7
data/raw/cifar-10/train/39837.png,bird,test,2
data/raw/cifar-10/train/15891.png,bird,test,2
data/raw/cifar-10/train/41673.png,frog,test,6
data/raw/cifar-10/train/4210.png,bird,test,2
data/raw/cifar-10/train/36654.png,dog,test,5
data/raw/cifar-10/train/1237.png,ship,test,8
data/raw/cifar-10/train/10455.png,cat,test,3
data/raw/cifar-10/train/3681.png,ship,test,8
data/raw/cifar-10/train/11785.png,frog,test,6
data/raw/cifar-10/train/9271.png,truck,test,9
data/raw/cifar-10/train/33053.png,airplane,test,0
data/raw/cifar-10/train/31970.png,automobile,test,1
data/raw/cifar-10/train/32704.png,airplane,test,0
data/raw/cifar-10/train/840.png,dog,test,5
data/raw/cifar-10/train/1946.png,horse,test,7
data/raw/cifar-10/train/15389.png,cat,test,3
data/raw/cifar-10/train/16682.png,truck,test,9
data/raw/cifar-10/train/35495.png,deer,test,4
data/raw/cifar-10/train/15645.png,horse,test,7
data/raw/cifar-10/train/30654.png,cat,test,3
data/raw/cifar-10/train/39055.png,frog,test,6
data/raw/cifar-10/train/41191.png,dog,test,5
data/raw/cifar-10/train/22559.png,dog,test,5
data/raw/cifar-10/train/29767.png,ship,test,8
data/raw/cifar-10/train/8780.png,automobile,test,1
data/raw/cifar-10/train/36404.png,ship,test,8
data/raw/cifar-10/train/42096.png,horse,test,7
data/raw/cifar-10/train/31325.png,truck,test,9
data/raw/cifar-10/train/3438.png,frog,test,6
data/raw/cifar-10/train/2153.png,frog,test,6
data/raw/cifar-10/train/47862.png,deer,test,4
data/raw/cifar-10/train/33351.png,bird,test,2
data/raw/cifar-10/train/30439.png,ship,test,8
data/raw/cifar-10/train/46738.png,ship,test,8
data/raw/cifar-10/train/27169.png,truck,test,9
data/raw/cifar-10/train/41848.png,automobile,test,1
data/raw/cifar-10/train/4337.png,cat,test,3
data/raw/cifar-10/train/9050.png,deer,test,4
data/raw/cifar-10/train/35560.png,frog,test,6
data/raw/cifar-10/train/12627.png,ship,test,8
data/raw/cifar-10/train/42489.png,ship,test,8
data/raw/cifar-10/train/17056.png,dog,test,5
data/raw/cifar-10/train/10378.png,automobile,test,1
data/raw/cifar-10/train/5622.png,truck,test,9
data/raw/cifar-10/train/47162.png,frog,test,6
data/raw/cifar-10/train/33468.png,dog,test,5
data/raw/cifar-10/train/17943.png,horse,test,7
data/raw/cifar-10/train/3136.png,horse,test,7
data/raw/cifar-10/train/6933.png,frog,test,6
data/raw/cifar-10/train/16228.png,horse,test,7
data/raw/cifar-10/train/24833.png,dog,test,5
data/raw/cifar-10/train/35659.png,airplane,test,0
data/raw/cifar-10/train/18083.png,dog,test,5
data/raw/cifar-10/train/5124.png,bird,test,2
data/raw/cifar-10/train/795.png,horse,test,7
data/raw/cifar-10/train/16920.png,bird,test,2
data/raw/cifar-10/train/42517.png,deer,test,4
data/raw/cifar-10/train/41228.png,horse,test,7
data/raw/cifar-10/train/46568.png,truck,test,9
data/raw/cifar-10/train/42942.png,truck,test,9
data/raw/cifar-10/train/8906.png,deer,test,4
data/raw/cifar-10/train/47356.png,airplane,test,0
data/raw/cifar-10/train/5367.png,horse,test,7
data/raw/cifar-10/train/47390.png,ship,test,8
data/raw/cifar-10/train/26559.png,cat,test,3
data/raw/cifar-10/train/27131.png,automobile,test,1
data/raw/cifar-10/train/45307.png,bird,test,2
data/raw/cifar-10/train/23306.png,truck,test,9
data/raw/cifar-10/train/25371.png,horse,test,7
data/raw/cifar-10/train/17654.png,ship,test,8
data/raw/cifar-10/train/47736.png,deer,test,4
data/raw/cifar-10/train/27950.png,truck,test,9
data/raw/cifar-10/train/9897.png,bird,test,2
data/raw/cifar-10/train/49869.png,airplane,test,0
data/raw/cifar-10/train/43765.png,frog,test,6
data/raw/cifar-10/train/42192.png,truck,test,9
data/raw/cifar-10/train/4129.png,cat,test,3
data/raw/cifar-10/train/42067.png,ship,test,8
data/raw/cifar-10/train/34615.png,bird,test,2
data/raw/cifar-10/train/21508.png,truck,test,9
data/raw/cifar-10/train/40908.png,cat,test,3
data/raw/cifar-10/train/21494.png,horse,test,7
data/raw/cifar-10/train/13272.png,horse,test,7
data/raw/cifar-10/train/20657.png,bird,test,2
data/raw/cifar-10/train/18434.png,frog,test,6
data/raw/cifar-10/train/317.png,truck,test,9
data/raw/cifar-10/train/36885.png,deer,test,4
data/raw/cifar-10/train/11278.png,ship,test,8
data/raw/cifar-10/train/25896.png,horse,test,7
data/raw/cifar-10/train/48854.png,horse,test,7
data/raw/cifar-10/train/24810.png,frog,test,6
data/raw/cifar-10/train/21153.png,automobile,test,1
data/raw/cifar-10/train/28343.png,dog,test,5
data/raw/cifar-10/train/4153.png,frog,test,6
data/raw/cifar-10/train/45513.png,deer,test,4
data/raw/cifar-10/train/38566.png,bird,test,2
data/raw/cifar-10/train/27468.png,cat,test,3
data/raw/cifar-10/train/5774.png,bird,test,2
data/raw/cifar-10/train/5707.png,deer,test,4
data/raw/cifar-10/train/22307.png,automobile,test,1
data/raw/cifar-10/train/12466.png,bird,test,2
data/raw/cifar-10/train/41803.png,bird,test,2
data/raw/cifar-10/train/13497.png,frog,test,6
data/raw/cifar-10/train/38455.png,deer,test,4
data/raw/cifar-10/train/13641.png,bird,test,2
data/raw/cifar-10/train/35280.png,airplane,test,0
data/raw/cifar-10/train/26783.png,frog,test,6
data/raw/cifar-10/train/18513.png,deer,test,4
data/raw/cifar-10/train/17761.png,automobile,test,1
data/raw/cifar-10/train/4456.png,bird,test,2
data/raw/cifar-10/train/1224.png,truck,test,9
data/raw/cifar-10/train/29786.png,dog,test,5
data/raw/cifar-10/train/12634.png,horse,test,7
data/raw/cifar-10/train/17672.png,deer,test,4
data/raw/cifar-10/train/19894.png,truck,test,9
data/raw/cifar-10/train/6478.png,bird,test,2
data/raw/cifar-10/train/42958.png,ship,test,8
data/raw/cifar-10/train/46301.png,horse,test,7
data/raw/cifar-10/train/11661.png,truck,test,9
data/raw/cifar-10/train/32823.png,deer,test,4
data/raw/cifar-10/train/16480.png,ship,test,8
data/raw/cifar-10/train/16640.png,frog,test,6
data/raw/cifar-10/train/1480.png,ship,test,8
data/raw/cifar-10/train/14079.png,bird,test,2
data/raw/cifar-10/train/34812.png,truck,test,9
data/raw/cifar-10/train/31875.png,bird,test,2
data/raw/cifar-10/train/14874.png,frog,test,6
data/raw/cifar-10/train/41879.png,deer,test,4
data/raw/cifar-10/train/17663.png,automobile,test,1
data/raw/cifar-10/train/40863.png,deer,test,4
data/raw/cifar-10/train/11203.png,bird,test,2
data/raw/cifar-10/train/13143.png,dog,test,5
data/raw/cifar-10/train/9797.png,ship,test,8
data/raw/cifar-10/train/25268.png,airplane,test,0
data/raw/cifar-10/train/16039.png,deer,test,4
data/raw/cifar-10/train/4638.png,frog,test,6
data/raw/cifar-10/train/20087.png,airplane,test,0
data/raw/cifar-10/train/18587.png,bird,test,2
data/raw/cifar-10/train/43215.png,automobile,test,1
data/raw/cifar-10/train/49057.png,frog,test,6
data/raw/cifar-10/train/10332.png,truck,test,9
data/raw/cifar-10/train/29552.png,truck,test,9
data/raw/cifar-10/train/15179.png,deer,test,4
data/raw/cifar-10/train/12027.png,deer,test,4
data/raw/cifar-10/train/44444.png,airplane,test,0
data/raw/cifar-10/train/1940.png,ship,test,8
data/raw/cifar-10/train/5224.png,frog,test,6
data/raw/cifar-10/train/31559.png,frog,test,6
data/raw/cifar-10/train/40764.png,dog,test,5
data/raw/cifar-10/train/34504.png,bird,test,2
data/raw/cifar-10/train/48267.png,airplane,test,0
data/raw/cifar-10/train/33989.png,frog,test,6
data/raw/cifar-10/train/33533.png,automobile,test,1
data/raw/cifar-10/train/26557.png,cat,test,3
data/raw/cifar-10/train/4414.png,deer,test,4
data/raw/cifar-10/train/17751.png,automobile,test,1
data/raw/cifar-10/train/5063.png,cat,test,3
data/raw/cifar-10/train/42632.png,deer,test,4
data/raw/cifar-10/train/49521.png,truck,test,9
data/raw/cifar-10/train/27397.png,horse,test,7
data/raw/cifar-10/train/28953.png,dog,test,5
data/raw/cifar-10/train/16399.png,frog,test,6
data/raw/cifar-10/train/7601.png,automobile,test,1
data/raw/cifar-10/train/25283.png,bird,test,2
data/raw/cifar-10/train/42481.png,bird,test,2
data/raw/cifar-10/train/7895.png,horse,test,7
data/raw/cifar-10/train/28707.png,ship,test,8
data/raw/cifar-10/train/23505.png,automobile,test,1
data/raw/cifar-10/train/25486.png,horse,test,7
data/raw/cifar-10/train/29569.png,frog,test,6
data/raw/cifar-10/train/32904.png,airplane,test,0
data/raw/cifar-10/train/45372.png,ship,test,8
data/raw/cifar-10/train/46791.png,deer,test,4
data/raw/cifar-10/train/17243.png,horse,test,7
data/raw/cifar-10/train/45355.png,ship,test,8
data/raw/cifar-10/train/20410.png,deer,test,4
data/raw/cifar-10/train/47967.png,airplane,test,0
data/raw/cifar-10/train/31699.png,cat,test,3
data/raw/cifar-10/train/5297.png,bird,test,2
data/raw/cifar-10/train/21187.png,dog,test,5
data/raw/cifar-10/train/9119.png,automobile,test,1
data/raw/cifar-10/train/5989.png,airplane,test,0
data/raw/cifar-10/train/46612.png,truck,test,9
data/raw/cifar-10/train/26815.png,horse,test,7
data/raw/cifar-10/train/16742.png,dog,test,5
data/raw/cifar-10/train/20550.png,automobile,test,1
data/raw/cifar-10/train/6763.png,ship,test,8
data/raw/cifar-10/train/16248.png,dog,test,5
data/raw/cifar-10/train/13796.png,truck,test,9
data/raw/cifar-10/train/16895.png,airplane,test,0
data/raw/cifar-10/train/28837.png,horse,test,7
data/raw/cifar-10/train/36316.png,truck,test,9
data/raw/cifar-10/train/47924.png,horse,test,7
data/raw/cifar-10/train/49801.png,bird,test,2
data/raw/cifar-10/train/5115.png,horse,test,7
data/raw/cifar-10/train/24570.png,bird,test,2
data/raw/cifar-10/train/19621.png,truck,test,9
data/raw/cifar-10/train/18264.png,automobile,test,1
data/raw/cifar-10/train/46283.png,horse,test,7
data/raw/cifar-10/train/39804.png,deer,test,4
data/raw/cifar-10/train/4586.png,automobile,test,1
data/raw/cifar-10/train/39137.png,horse,test,7
data/raw/cifar-10/train/46473.png,cat,test,3
data/raw/cifar-10/train/16304.png,bird,test,2
data/raw/cifar-10/train/19055.png,automobile,test,1
data/raw/cifar-10/train/3764.png,cat,test,3
data/raw/cifar-10/train/21263.png,bird,test,2
data/raw/cifar-10/train/235.png,frog,test,6
data/raw/cifar-10/train/21239.png,automobile,test,1
data/raw/cifar-10/train/8621.png,horse,test,7
data/raw/cifar-10/train/1103.png,truck,test,9
data/raw/cifar-10/train/11778.png,truck,test,9
data/raw/cifar-10/train/14806.png,automobile,test,1
data/raw/cifar-10/train/655.png,horse,test,7
data/raw/cifar-10/train/24666.png,automobile,test,1
data/raw/cifar-10/train/33176.png,bird,test,2
data/raw/cifar-10/train/13111.png,airplane,test,0
data/raw/cifar-10/train/49878.png,bird,test,2
data/raw/cifar-10/train/42959.png,automobile,test,1
data/raw/cifar-10/train/6673.png,frog,test,6
data/raw/cifar-10/train/30249.png,dog,test,5
data/raw/cifar-10/train/31792.png,dog,test,5
data/raw/cifar-10/train/39288.png,cat,test,3
data/raw/cifar-10/train/32237.png,horse,test,7
data/raw/cifar-10/train/40403.png,ship,test,8
data/raw/cifar-10/train/36120.png,airplane,test,0
data/raw/cifar-10/train/1252.png,automobile,test,1
data/raw/cifar-10/train/20718.png,frog,test,6
data/raw/cifar-10/train/36834.png,horse,test,7
data/raw/cifar-10/train/19974.png,horse,test,7
data/raw/cifar-10/train/27554.png,airplane,test,0
data/raw/cifar-10/train/36220.png,cat,test,3
data/raw/cifar-10/train/7718.png,horse,test,7
data/raw/cifar-10/train/13841.png,dog,test,5
data/raw/cifar-10/train/3532.png,truck,test,9
data/raw/cifar-10/train/34207.png,automobile,test,1
data/raw/cifar-10/train/43882.png,dog,test,5
data/raw/cifar-10/train/37783.png,truck,test,9
data/raw/cifar-10/train/22147.png,airplane,test,0
data/raw/cifar-10/train/23749.png,deer,test,4
data/raw/cifar-10/train/4147.png,cat,test,3
data/raw/cifar-10/train/42163.png,ship,test,8
data/raw/cifar-10/train/24731.png,truck,test,9
data/raw/cifar-10/train/39036.png,ship,test,8
data/raw/cifar-10/train/29832.png,frog,test,6
data/raw/cifar-10/train/47376.png,airplane,test,0
data/raw/cifar-10/train/18455.png,frog,test,6
data/raw/cifar-10/train/6238.png,truck,test,9
data/raw/cifar-10/train/33880.png,cat,test,3
data/raw/cifar-10/train/28116.png,ship,test,8
data/raw/cifar-10/train/11767.png,bird,test,2
data/raw/cifar-10/train/31947.png,ship,test,8
data/raw/cifar-10/train/45686.png,automobile,test,1
data/raw/cifar-10/train/16393.png,airplane,test,0
data/raw/cifar-10/train/6980.png,horse,test,7
data/raw/cifar-10/train/5608.png,deer,test,4
data/raw/cifar-10/train/7471.png,airplane,test,0
data/raw/cifar-10/train/7077.png,horse,test,7
data/raw/cifar-10/train/5200.png,truck,test,9
data/raw/cifar-10/train/49370.png,truck,test,9
data/raw/cifar-10/train/6583.png,frog,test,6
data/raw/cifar-10/train/25462.png,truck,test,9
data/raw/cifar-10/train/14700.png,deer,test,4
data/raw/cifar-10/train/40616.png,automobile,test,1
data/raw/cifar-10/train/37996.png,automobile,test,1
data/raw/cifar-10/train/46476.png,bird,test,2
data/raw/cifar-10/train/3258.png,automobile,test,1
data/raw/cifar-10/train/24107.png,cat,test,3
data/raw/cifar-10/train/31099.png,airplane,test,0
data/raw/cifar-10/train/47538.png,truck,test,9
data/raw/cifar-10/train/7727.png,dog,test,5
data/raw/cifar-10/train/1816.png,cat,test,3
data/raw/cifar-10/train/36734.png,ship,test,8
data/raw/cifar-10/train/13655.png,deer,test,4
data/raw/cifar-10/train/45763.png,dog,test,5
data/raw/cifar-10/train/2836.png,deer,test,4
data/raw/cifar-10/train/44876.png,airplane,test,0
data/raw/cifar-10/train/8821.png,frog,test,6
data/raw/cifar-10/train/37333.png,frog,test,6
data/raw/cifar-10/train/41764.png,bird,test,2
data/raw/cifar-10/train/27877.png,cat,test,3
data/raw/cifar-10/train/10264.png,bird,test,2
data/raw/cifar-10/train/36298.png,ship,test,8
data/raw/cifar-10/train/14067.png,horse,test,7
data/raw/cifar-10/train/49911.png,ship,test,8
data/raw/cifar-10/train/10482.png,horse,test,7
data/raw/cifar-10/train/7213.png,airplane,test,0
data/raw/cifar-10/train/30727.png,bird,test,2
data/raw/cifar-10/train/26906.png,automobile,test,1
data/raw/cifar-10/train/33051.png,automobile,test,1
data/raw/cifar-10/train/40558.png,frog,test,6
data/raw/cifar-10/train/27859.png,ship,test,8
data/raw/cifar-10/train/23116.png,truck,test,9
data/raw/cifar-10/train/24548.png,horse,test,7
data/raw/cifar-10/train/13346.png,dog,test,5
data/raw/cifar-10/train/36300.png,ship,test,8
data/raw/cifar-10/train/41983.png,deer,test,4
data/raw/cifar-10/train/23654.png,bird,test,2
data/raw/cifar-10/train/47105.png,airplane,test,0
data/raw/cifar-10/train/12854.png,cat,test,3
data/raw/cifar-10/train/22586.png,horse,test,7
data/raw/cifar-10/train/22571.png,bird,test,2
data/raw/cifar-10/train/20925.png,airplane,test,0
data/raw/cifar-10/train/18676.png,ship,test,8
data/raw/cifar-10/train/26177.png,bird,test,2
data/raw/cifar-10/train/16644.png,dog,test,5
data/raw/cifar-10/train/8317.png,horse,test,7
data/raw/cifar-10/train/47072.png,frog,test,6
data/raw/cifar-10/train/8607.png,cat,test,3
data/raw/cifar-10/train/22965.png,deer,test,4
data/raw/cifar-10/train/14611.png,truck,test,9
data/raw/cifar-10/train/23385.png,ship,test,8
data/raw/cifar-10/train/41963.png,ship,test,8
data/raw/cifar-10/train/3761.png,bird,test,2
data/raw/cifar-10/train/25651.png,bird,test,2
data/raw/cifar-10/train/35866.png,horse,test,7
data/raw/cifar-10/train/5257.png,deer,test,4
data/raw/cifar-10/train/41637.png,airplane,test,0
data/raw/cifar-10/train/48872.png,ship,test,8
data/raw/cifar-10/train/31743.png,truck,test,9
data/raw/cifar-10/train/35048.png,truck,test,9
data/raw/cifar-10/train/31312.png,automobile,test,1
data/raw/cifar-10/train/20409.png,frog,test,6
data/raw/cifar-10/train/32489.png,automobile,test,1
data/raw/cifar-10/train/17957.png,horse,test,7
data/raw/cifar-10/train/38844.png,frog,test,6
data/raw/cifar-10/train/49632.png,ship,test,8
data/raw/cifar-10/train/967.png,deer,test,4
data/raw/cifar-10/train/29683.png,bird,test,2
data/raw/cifar-10/train/44065.png,horse,test,7
data/raw/cifar-10/train/29225.png,truck,test,9
data/raw/cifar-10/train/38604.png,deer,test,4
data/raw/cifar-10/train/1897.png,horse,test,7
data/raw/cifar-10/train/6923.png,automobile,test,1
data/raw/cifar-10/train/41445.png,frog,test,6
data/raw/cifar-10/train/40987.png,horse,test,7
data/raw/cifar-10/train/36535.png,ship,test,8
data/raw/cifar-10/train/19089.png,cat,test,3
data/raw/cifar-10/train/2510.png,dog,test,5
data/raw/cifar-10/train/14111.png,automobile,test,1
data/raw/cifar-10/train/7707.png,automobile,test,1
data/raw/cifar-10/train/11945.png,airplane,test,0
data/raw/cifar-10/train/40264.png,cat,test,3
data/raw/cifar-10/train/4932.png,bird,test,2
data/raw/cifar-10/train/26825.png,airplane,test,0
data/raw/cifar-10/train/9052.png,cat,test,3
data/raw/cifar-10/train/16645.png,bird,test,2
data/raw/cifar-10/train/22955.png,ship,test,8
data/raw/cifar-10/train/46086.png,cat,test,3
data/raw/cifar-10/train/11435.png,cat,test,3
data/raw/cifar-10/train/30907.png,frog,test,6
data/raw/cifar-10/train/18437.png,airplane,test,0
data/raw/cifar-10/train/1235.png,airplane,test,0
data/raw/cifar-10/train/472.png,dog,test,5
data/raw/cifar-10/train/41972.png,airplane,test,0
data/raw/cifar-10/train/15357.png,bird,test,2
data/raw/cifar-10/train/20462.png,ship,test,8
data/raw/cifar-10/train/5036.png,horse,test,7
data/raw/cifar-10/train/14773.png,frog,test,6
data/raw/cifar-10/train/20042.png,ship,test,8
data/raw/cifar-10/train/11620.png,automobile,test,1
data/raw/cifar-10/train/45400.png,automobile,test,1
data/raw/cifar-10/train/26264.png,bird,test,2
data/raw/cifar-10/train/45256.png,deer,test,4
data/raw/cifar-10/train/8803.png,ship,test,8
data/raw/cifar-10/train/4079.png,horse,test,7
data/raw/cifar-10/train/47858.png,deer,test,4
data/raw/cifar-10/train/5847.png,horse,test,7
data/raw/cifar-10/train/19790.png,bird,test,2
data/raw/cifar-10/train/16942.png,horse,test,7
data/raw/cifar-10/train/26223.png,truck,test,9
data/raw/cifar-10/train/435.png,deer,test,4
data/raw/cifar-10/train/38788.png,deer,test,4
data/raw/cifar-10/train/30138.png,dog,test,5
data/raw/cifar-10/train/15158.png,horse,test,7
data/raw/cifar-10/train/34412.png,dog,test,5
data/raw/cifar-10/train/19929.png,airplane,test,0
data/raw/cifar-10/train/49698.png,ship,test,8
data/raw/cifar-10/train/45710.png,bird,test,2
data/raw/cifar-10/train/48031.png,automobile,test,1
data/raw/cifar-10/train/45265.png,airplane,test,0
data/raw/cifar-10/train/48769.png,cat,test,3
data/raw/cifar-10/train/18685.png,cat,test,3
data/raw/cifar-10/train/4579.png,automobile,test,1
data/raw/cifar-10/train/5992.png,horse,test,7
data/raw/cifar-10/train/13082.png,bird,test,2
data/raw/cifar-10/train/40102.png,truck,test,9
data/raw/cifar-10/train/16550.png,automobile,test,1
data/raw/cifar-10/train/35457.png,airplane,test,0
data/raw/cifar-10/train/36236.png,dog,test,5
data/raw/cifar-10/train/10249.png,automobile,test,1
data/raw/cifar-10/train/41794.png,dog,test,5
data/raw/cifar-10/train/38574.png,bird,test,2
data/raw/cifar-10/train/9563.png,deer,test,4
data/raw/cifar-10/train/49947.png,deer,test,4
data/raw/cifar-10/train/22033.png,bird,test,2
data/raw/cifar-10/train/15714.png,dog,test,5
data/raw/cifar-10/train/16137.png,deer,test,4
data/raw/cifar-10/train/33681.png,bird,test,2
data/raw/cifar-10/train/28485.png,dog,test,5
data/raw/cifar-10/train/7958.png,deer,test,4
data/raw/cifar-10/train/678.png,deer,test,4
data/raw/cifar-10/train/34639.png,deer,test,4
data/raw/cifar-10/train/20358.png,horse,test,7
data/raw/cifar-10/train/13643.png,truck,test,9
data/raw/cifar-10/train/2618.png,airplane,test,0
data/raw/cifar-10/train/43039.png,dog,test,5
data/raw/cifar-10/train/49033.png,cat,test,3
data/raw/cifar-10/train/46344.png,airplane,test,0
data/raw/cifar-10/train/20052.png,bird,test,2
data/raw/cifar-10/train/3018.png,dog,test,5
data/raw/cifar-10/train/3404.png,frog,test,6
data/raw/cifar-10/train/31156.png,dog,test,5
data/raw/cifar-10/train/33101.png,cat,test,3
data/raw/cifar-10/train/44594.png,dog,test,5
data/raw/cifar-10/train/10914.png,deer,test,4
data/raw/cifar-10/train/41835.png,bird,test,2
data/raw/cifar-10/train/14167.png,ship,test,8
data/raw/cifar-10/train/20750.png,ship,test,8
data/raw/cifar-10/train/10186.png,horse,test,7
data/raw/cifar-10/train/31876.png,dog,test,5
data/raw/cifar-10/train/7501.png,cat,test,3
data/raw/cifar-10/train/28526.png,airplane,test,0
data/raw/cifar-10/train/39099.png,ship,test,8
data/raw/cifar-10/train/26014.png,truck,test,9
data/raw/cifar-10/train/27715.png,cat,test,3
data/raw/cifar-10/train/21573.png,frog,test,6
data/raw/cifar-10/train/36968.png,truck,test,9
data/raw/cifar-10/train/6547.png,truck,test,9
data/raw/cifar-10/train/30324.png,frog,test,6
data/raw/cifar-10/train/18213.png,dog,test,5
data/raw/cifar-10/train/47766.png,truck,test,9
data/raw/cifar-10/train/6777.png,horse,test,7
data/raw/cifar-10/train/46916.png,frog,test,6
data/raw/cifar-10/train/13249.png,airplane,test,0
data/raw/cifar-10/train/43667.png,frog,test,6
data/raw/cifar-10/train/23469.png,deer,test,4
data/raw/cifar-10/train/18221.png,ship,test,8
data/raw/cifar-10/train/32986.png,frog,test,6
data/raw/cifar-10/train/15625.png,deer,test,4
data/raw/cifar-10/train/2333.png,truck,test,9
data/raw/cifar-10/train/21331.png,truck,test,9
data/raw/cifar-10/train/12370.png,frog,test,6
data/raw/cifar-10/train/2001.png,horse,test,7
data/raw/cifar-10/train/2317.png,dog,test,5
data/raw/cifar-10/train/43598.png,frog,test,6
data/raw/cifar-10/train/33316.png,airplane,test,0
data/raw/cifar-10/train/5070.png,airplane,test,0
data/raw/cifar-10/train/27975.png,dog,test,5
data/raw/cifar-10/train/18834.png,cat,test,3
data/raw/cifar-10/train/47525.png,dog,test,5
data/raw/cifar-10/train/30765.png,truck,test,9
data/raw/cifar-10/train/16057.png,airplane,test,0
data/raw/cifar-10/train/43261.png,horse,test,7
data/raw/cifar-10/train/44256.png,frog,test,6
data/raw/cifar-10/train/37121.png,cat,test,3
data/raw/cifar-10/train/43770.png,frog,test,6
data/raw/cifar-10/train/20660.png,deer,test,4
data/raw/cifar-10/train/49317.png,dog,test,5
data/raw/cifar-10/train/42996.png,bird,test,2
data/raw/cifar-10/train/44116.png,horse,test,7
data/raw/cifar-10/train/3408.png,truck,test,9
data/raw/cifar-10/train/4334.png,horse,test,7
data/raw/cifar-10/train/1652.png,automobile,test,1
data/raw/cifar-10/train/40678.png,frog,test,6
data/raw/cifar-10/train/25568.png,automobile,test,1
data/raw/cifar-10/train/29202.png,cat,test,3
data/raw/cifar-10/train/9477.png,automobile,test,1
data/raw/cifar-10/train/17844.png,automobile,test,1
data/raw/cifar-10/train/37038.png,horse,test,7
data/raw/cifar-10/train/38488.png,automobile,test,1
data/raw/cifar-10/train/4464.png,dog,test,5
data/raw/cifar-10/train/4856.png,cat,test,3
data/raw/cifar-10/train/8226.png,automobile,test,1
data/raw/cifar-10/train/22842.png,bird,test,2
data/raw/cifar-10/train/20235.png,cat,test,3
data/raw/cifar-10/train/46593.png,automobile,test,1
data/raw/cifar-10/train/3781.png,frog,test,6
data/raw/cifar-10/train/28606.png,automobile,test,1
data/raw/cifar-10/train/16905.png,cat,test,3
data/raw/cifar-10/train/46707.png,airplane,test,0
data/raw/cifar-10/train/10754.png,cat,test,3
data/raw/cifar-10/train/9036.png,dog,test,5
data/raw/cifar-10/train/46383.png,deer,test,4
data/raw/cifar-10/train/49818.png,bird,test,2
data/raw/cifar-10/train/8707.png,bird,test,2
data/raw/cifar-10/train/25418.png,frog,test,6
data/raw/cifar-10/train/35948.png,bird,test,2
data/raw/cifar-10/train/47039.png,dog,test,5
data/raw/cifar-10/train/27378.png,dog,test,5
data/raw/cifar-10/train/48971.png,automobile,test,1
data/raw/cifar-10/train/22333.png,frog,test,6
data/raw/cifar-10/train/43742.png,deer,test,4
data/raw/cifar-10/train/44520.png,deer,test,4
data/raw/cifar-10/train/6572.png,truck,test,9
data/raw/cifar-10/train/29108.png,frog,test,6
data/raw/cifar-10/train/29286.png,automobile,test,1
data/raw/cifar-10/train/14179.png,frog,test,6
data/raw/cifar-10/train/28789.png,bird,test,2
data/raw/cifar-10/train/32766.png,ship,test,8
data/raw/cifar-10/train/37209.png,bird,test,2
data/raw/cifar-10/train/7658.png,truck,test,9
data/raw/cifar-10/train/30640.png,ship,test,8
data/raw/cifar-10/train/6526.png,truck,test,9
data/raw/cifar-10/train/9840.png,frog,test,6
data/raw/cifar-10/train/37985.png,airplane,test,0
data/raw/cifar-10/train/19832.png,truck,test,9
data/raw/cifar-10/train/37937.png,dog,test,5
data/raw/cifar-10/train/5334.png,bird,test,2
data/raw/cifar-10/train/892.png,ship,test,8
data/raw/cifar-10/train/48498.png,frog,test,6
data/raw/cifar-10/train/27048.png,airplane,test,0
data/raw/cifar-10/train/32427.png,ship,test,8
data/raw/cifar-10/train/17448.png,truck,test,9
data/raw/cifar-10/train/24276.png,frog,test,6
data/raw/cifar-10/train/7986.png,airplane,test,0
data/raw/cifar-10/train/37970.png,bird,test,2
data/raw/cifar-10/train/38064.png,bird,test,2
data/raw/cifar-10/train/19840.png,cat,test,3
data/raw/cifar-10/train/20605.png,ship,test,8
data/raw/cifar-10/train/5411.png,bird,test,2
data/raw/cifar-10/train/48337.png,ship,test,8
data/raw/cifar-10/train/49980.png,cat,test,3
data/raw/cifar-10/train/19649.png,ship,test,8
data/raw/cifar-10/train/38769.png,truck,test,9
data/raw/cifar-10/train/35443.png,cat,test,3
data/raw/cifar-10/train/41485.png,airplane,test,0
data/raw/cifar-10/train/14423.png,cat,test,3
data/raw/cifar-10/train/10992.png,bird,test,2
data/raw/cifar-10/train/48697.png,truck,test,9
data/raw/cifar-10/train/35979.png,deer,test,4
data/raw/cifar-10/train/22945.png,deer,test,4
data/raw/cifar-10/train/32019.png,deer,test,4
data/raw/cifar-10/train/37545.png,truck,test,9
data/raw/cifar-10/train/34521.png,horse,test,7
data/raw/cifar-10/train/26707.png,deer,test,4
data/raw/cifar-10/train/32260.png,ship,test,8
data/raw/cifar-10/train/2261.png,dog,test,5
data/raw/cifar-10/train/4065.png,frog,test,6
data/raw/cifar-10/train/38029.png,automobile,test,1
data/raw/cifar-10/train/49159.png,truck,test,9
data/raw/cifar-10/train/9177.png,deer,test,4
data/raw/cifar-10/train/2275.png,frog,test,6
data/raw/cifar-10/train/49493.png,cat,test,3
data/raw/cifar-10/train/9215.png,horse,test,7
data/raw/cifar-10/train/3724.png,deer,test,4
data/raw/cifar-10/train/3178.png,cat,test,3
data/raw/cifar-10/train/38753.png,truck,test,9
data/raw/cifar-10/train/21874.png,cat,test,3
data/raw/cifar-10/train/46222.png,truck,test,9
data/raw/cifar-10/train/26762.png,airplane,test,0
data/raw/cifar-10/train/8535.png,bird,test,2
data/raw/cifar-10/train/13416.png,bird,test,2
data/raw/cifar-10/train/3827.png,frog,test,6
data/raw/cifar-10/train/30549.png,horse,test,7
data/raw/cifar-10/train/18883.png,bird,test,2
data/raw/cifar-10/train/7708.png,automobile,test,1
data/raw/cifar-10/train/17695.png,automobile,test,1
data/raw/cifar-10/train/44429.png,frog,test,6
data/raw/cifar-10/train/25080.png,horse,test,7
data/raw/cifar-10/train/22161.png,truck,test,9
data/raw/cifar-10/train/35672.png,ship,test,8
data/raw/cifar-10/train/26234.png,deer,test,4
data/raw/cifar-10/train/25429.png,automobile,test,1
data/raw/cifar-10/train/48308.png,horse,test,7
data/raw/cifar-10/train/25675.png,deer,test,4
data/raw/cifar-10/train/48881.png,cat,test,3
data/raw/cifar-10/train/37991.png,bird,test,2
data/raw/cifar-10/train/44071.png,bird,test,2
data/raw/cifar-10/train/42765.png,truck,test,9
data/raw/cifar-10/train/1386.png,deer,test,4
data/raw/cifar-10/train/43930.png,horse,test,7
data/raw/cifar-10/train/30944.png,automobile,test,1
data/raw/cifar-10/train/46631.png,bird,test,2
data/raw/cifar-10/train/3692.png,truck,test,9
data/raw/cifar-10/train/44585.png,bird,test,2
data/raw/cifar-10/train/30860.png,ship,test,8
data/raw/cifar-10/train/30338.png,dog,test,5
data/raw/cifar-10/train/16024.png,automobile,test,1
data/raw/cifar-10/train/6170.png,cat,test,3
data/raw/cifar-10/train/44037.png,truck,test,9
data/raw/cifar-10/train/38703.png,cat,test,3
data/raw/cifar-10/train/21165.png,ship,test,8
data/raw/cifar-10/train/25473.png,ship,test,8
data/raw/cifar-10/train/12636.png,frog,test,6
data/raw/cifar-10/train/28376.png,deer,test,4
data/raw/cifar-10/train/23281.png,automobile,test,1
data/raw/cifar-10/train/33669.png,truck,test,9
data/raw/cifar-10/train/28847.png,truck,test,9
data/raw/cifar-10/train/8302.png,ship,test,8
data/raw/cifar-10/train/17780.png,bird,test,2
data/raw/cifar-10/train/13280.png,deer,test,4
data/raw/cifar-10/train/25878.png,frog,test,6
data/raw/cifar-10/train/28085.png,deer,test,4
data/raw/cifar-10/train/46257.png,frog,test,6
data/raw/cifar-10/train/40506.png,automobile,test,1
data/raw/cifar-10/train/3988.png,airplane,test,0
data/raw/cifar-10/train/17183.png,horse,test,7
data/raw/cifar-10/train/4876.png,frog,test,6
data/raw/cifar-10/train/44060.png,ship,test,8
data/raw/cifar-10/train/13304.png,deer,test,4
data/raw/cifar-10/train/16615.png,truck,test,9
data/raw/cifar-10/train/15859.png,cat,test,3
data/raw/cifar-10/train/14201.png,frog,test,6
data/raw/cifar-10/train/27768.png,frog,test,6
data/raw/cifar-10/train/29337.png,airplane,test,0
data/raw/cifar-10/train/8190.png,automobile,test,1
data/raw/cifar-10/train/13240.png,automobile,test,1
data/raw/cifar-10/train/36303.png,deer,test,4
data/raw/cifar-10/train/25635.png,dog,test,5
data/raw/cifar-10/train/41961.png,airplane,test,0
data/raw/cifar-10/train/3716.png,horse,test,7
data/raw/cifar-10/train/3812.png,truck,test,9
data/raw/cifar-10/train/34655.png,bird,test,2
data/raw/cifar-10/train/34503.png,truck,test,9
data/raw/cifar-10/train/3608.png,airplane,test,0
data/raw/cifar-10/train/39825.png,automobile,test,1
data/raw/cifar-10/train/23036.png,airplane,test,0
data/raw/cifar-10/train/41809.png,ship,test,8
data/raw/cifar-10/train/46296.png,cat,test,3
data/raw/cifar-10/train/42566.png,frog,test,6
data/raw/cifar-10/train/22997.png,deer,test,4
data/raw/cifar-10/train/26785.png,ship,test,8
data/raw/cifar-10/train/37476.png,cat,test,3
data/raw/cifar-10/train/47879.png,frog,test,6
data/raw/cifar-10/train/48430.png,deer,test,4
data/raw/cifar-10/train/43191.png,bird,test,2
data/raw/cifar-10/train/44282.png,automobile,test,1
data/raw/cifar-10/train/24394.png,deer,test,4
data/raw/cifar-10/train/32074.png,horse,test,7
data/raw/cifar-10/train/5490.png,frog,test,6
data/raw/cifar-10/train/40867.png,horse,test,7
data/raw/cifar-10/train/3037.png,deer,test,4
data/raw/cifar-10/train/28838.png,deer,test,4
data/raw/cifar-10/train/19993.png,truck,test,9
data/raw/cifar-10/train/36223.png,cat,test,3
data/raw/cifar-10/train/26434.png,automobile,test,1
data/raw/cifar-10/train/16298.png,airplane,test,0
data/raw/cifar-10/train/45618.png,ship,test,8
data/raw/cifar-10/train/4295.png,cat,test,3
data/raw/cifar-10/train/23456.png,deer,test,4
data/raw/cifar-10/train/39581.png,bird,test,2
data/raw/cifar-10/train/39587.png,truck,test,9
data/raw/cifar-10/train/17052.png,cat,test,3
data/raw/cifar-10/train/20428.png,truck,test,9
data/raw/cifar-10/train/30426.png,deer,test,4
data/raw/cifar-10/train/31844.png,deer,test,4
data/raw/cifar-10/train/34045.png,horse,test,7
data/raw/cifar-10/train/2837.png,frog,test,6
data/raw/cifar-10/train/43937.png,horse,test,7
data/raw/cifar-10/train/25182.png,automobile,test,1
data/raw/cifar-10/train/33824.png,deer,test,4
data/raw/cifar-10/train/24518.png,horse,test,7
data/raw/cifar-10/train/4785.png,truck,test,9
data/raw/cifar-10/train/25908.png,truck,test,9
data/raw/cifar-10/train/18963.png,dog,test,5
data/raw/cifar-10/train/27161.png,truck,test,9
data/raw/cifar-10/train/13572.png,automobile,test,1
data/raw/cifar-10/train/28412.png,dog,test,5
data/raw/cifar-10/train/16445.png,dog,test,5
data/raw/cifar-10/train/32959.png,frog,test,6
data/raw/cifar-10/train/15461.png,automobile,test,1
data/raw/cifar-10/train/24932.png,airplane,test,0
data/raw/cifar-10/train/44887.png,automobile,test,1
data/raw/cifar-10/train/8600.png,cat,test,3
data/raw/cifar-10/train/18739.png,deer,test,4
data/raw/cifar-10/train/16575.png,frog,test,6
data/raw/cifar-10/train/11018.png,bird,test,2
data/raw/cifar-10/train/29311.png,frog,test,6
data/raw/cifar-10/train/28611.png,frog,test,6
data/raw/cifar-10/train/6695.png,dog,test,5
data/raw/cifar-10/train/3156.png,ship,test,8
data/raw/cifar-10/train/4100.png,automobile,test,1
data/raw/cifar-10/train/14606.png,cat,test,3
data/raw/cifar-10/train/29641.png,frog,test,6
data/raw/cifar-10/train/34413.png,horse,test,7
data/raw/cifar-10/train/2546.png,automobile,test,1
data/raw/cifar-10/train/11520.png,dog,test,5
data/raw/cifar-10/train/10317.png,truck,test,9
data/raw/cifar-10/train/31503.png,automobile,test,1
data/raw/cifar-10/train/21945.png,dog,test,5
data/raw/cifar-10/train/31513.png,automobile,test,1
data/raw/cifar-10/train/31587.png,airplane,test,0
data/raw/cifar-10/train/19706.png,frog,test,6
data/raw/cifar-10/train/15254.png,deer,test,4
data/raw/cifar-10/train/24823.png,dog,test,5
data/raw/cifar-10/train/41372.png,dog,test,5
data/raw/cifar-10/train/2587.png,ship,test,8
data/raw/cifar-10/train/1171.png,automobile,test,1
data/raw/cifar-10/train/21625.png,automobile,test,1
data/raw/cifar-10/train/19139.png,frog,test,6
data/raw/cifar-10/train/47491.png,cat,test,3
data/raw/cifar-10/train/24893.png,horse,test,7
data/raw/cifar-10/train/41376.png,ship,test,8
data/raw/cifar-10/train/11348.png,dog,test,5
data/raw/cifar-10/train/41767.png,deer,test,4
data/raw/cifar-10/train/12172.png,frog,test,6
data/raw/cifar-10/train/31314.png,ship,test,8
data/raw/cifar-10/train/16406.png,cat,test,3
data/raw/cifar-10/train/9537.png,ship,test,8
data/raw/cifar-10/train/42698.png,automobile,test,1
data/raw/cifar-10/train/6223.png,dog,test,5
data/raw/cifar-10/train/26246.png,frog,test,6
data/raw/cifar-10/train/31824.png,bird,test,2
data/raw/cifar-10/train/43923.png,cat,test,3
data/raw/cifar-10/train/43646.png,frog,test,6
data/raw/cifar-10/train/23777.png,airplane,test,0
data/raw/cifar-10/train/39381.png,airplane,test,0
data/raw/cifar-10/train/27823.png,horse,test,7
data/raw/cifar-10/train/1847.png,cat,test,3
data/raw/cifar-10/train/5292.png,frog,test,6
data/raw/cifar-10/train/1298.png,deer,test,4
data/raw/cifar-10/train/43674.png,truck,test,9
data/raw/cifar-10/train/9675.png,ship,test,8
data/raw/cifar-10/train/30890.png,dog,test,5
data/raw/cifar-10/train/44007.png,horse,test,7
data/raw/cifar-10/train/43167.png,frog,test,6
data/raw/cifar-10/train/44515.png,horse,test,7
data/raw/cifar-10/train/34526.png,truck,test,9
data/raw/cifar-10/train/19002.png,bird,test,2
data/raw/cifar-10/train/38779.png,truck,test,9
data/raw/cifar-10/train/380.png,ship,test,8
data/raw/cifar-10/train/3445.png,automobile,test,1
data/raw/cifar-10/train/1425.png,airplane,test,0
data/raw/cifar-10/train/25107.png,airplane,test,0
data/raw/cifar-10/train/2631.png,automobile,test,1
data/raw/cifar-10/train/36744.png,cat,test,3
data/raw/cifar-10/train/10650.png,frog,test,6
data/raw/cifar-10/train/32903.png,truck,test,9
data/raw/cifar-10/train/35830.png,truck,test,9
data/raw/cifar-10/train/26147.png,bird,test,2
data/raw/cifar-10/train/27935.png,airplane,test,0
data/raw/cifar-10/train/912.png,airplane,test,0
data/raw/cifar-10/train/14641.png,bird,test,2
data/raw/cifar-10/train/48113.png,cat,test,3
data/raw/cifar-10/train/12685.png,frog,test,6
data/raw/cifar-10/train/45644.png,horse,test,7
data/raw/cifar-10/train/11341.png,bird,test,2
data/raw/cifar-10/train/21918.png,frog,test,6
data/raw/cifar-10/train/49716.png,dog,test,5
data/raw/cifar-10/train/37041.png,truck,test,9
data/raw/cifar-10/train/5603.png,truck,test,9
data/raw/cifar-10/train/9558.png,truck,test,9
data/raw/cifar-10/train/35381.png,cat,test,3
data/raw/cifar-10/train/46075.png,dog,test,5
data/raw/cifar-10/train/21603.png,airplane,test,0
data/raw/cifar-10/train/24907.png,cat,test,3
data/raw/cifar-10/train/26799.png,frog,test,6
data/raw/cifar-10/train/26233.png,frog,test,6
data/raw/cifar-10/train/31148.png,automobile,test,1
data/raw/cifar-10/train/25385.png,cat,test,3
data/raw/cifar-10/train/24069.png,automobile,test,1
data/raw/cifar-10/train/25141.png,airplane,test,0
data/raw/cifar-10/train/2428.png,airplane,test,0
data/raw/cifar-10/train/2527.png,truck,test,9
data/raw/cifar-10/train/17623.png,horse,test,7
data/raw/cifar-10/train/33877.png,cat,test,3
data/raw/cifar-10/train/16085.png,ship,test,8
data/raw/cifar-10/train/36891.png,cat,test,3
data/raw/cifar-10/train/29406.png,deer,test,4
data/raw/cifar-10/train/37495.png,automobile,test,1
data/raw/cifar-10/train/49687.png,bird,test,2
data/raw/cifar-10/train/4914.png,truck,test,9
data/raw/cifar-10/train/28848.png,automobile,test,1
data/raw/cifar-10/train/33025.png,truck,test,9
data/raw/cifar-10/train/33550.png,ship,test,8
data/raw/cifar-10/train/26484.png,truck,test,9
data/raw/cifar-10/train/49941.png,cat,test,3
data/raw/cifar-10/train/38203.png,dog,test,5
data/raw/cifar-10/train/14950.png,airplane,test,0
data/raw/cifar-10/train/17025.png,cat,test,3
data/raw/cifar-10/train/909.png,dog,test,5
data/raw/cifar-10/train/28391.png,truck,test,9
data/raw/cifar-10/train/33678.png,bird,test,2
data/raw/cifar-10/train/44296.png,horse,test,7
data/raw/cifar-10/train/19234.png,frog,test,6
data/raw/cifar-10/train/43247.png,horse,test,7
data/raw/cifar-10/train/6391.png,bird,test,2
data/raw/cifar-10/train/45910.png,cat,test,3
data/raw/cifar-10/train/23633.png,bird,test,2
data/raw/cifar-10/train/27219.png,frog,test,6
data/raw/cifar-10/train/962.png,frog,test,6
data/raw/cifar-10/train/14425.png,truck,test,9
data/raw/cifar-10/train/29396.png,cat,test,3
data/raw/cifar-10/train/3329.png,cat,test,3
data/raw/cifar-10/train/26208.png,airplane,test,0
data/raw/cifar-10/train/22938.png,dog,test,5
data/raw/cifar-10/train/14571.png,dog,test,5
data/raw/cifar-10/train/33767.png,truck,test,9
data/raw/cifar-10/train/19820.png,dog,test,5
data/raw/cifar-10/train/45313.png,dog,test,5
data/raw/cifar-10/train/21950.png,deer,test,4
data/raw/cifar-10/train/35650.png,automobile,test,1
data/raw/cifar-10/train/42354.png,horse,test,7
data/raw/cifar-10/train/5057.png,truck,test,9
data/raw/cifar-10/train/12297.png,airplane,test,0
data/raw/cifar-10/train/22362.png,deer,test,4
data/raw/cifar-10/train/43259.png,frog,test,6
data/raw/cifar-10/train/4975.png,ship,test,8
data/raw/cifar-10/train/27904.png,dog,test,5
data/raw/cifar-10/train/1990.png,frog,test,6
data/raw/cifar-10/train/12445.png,deer,test,4
data/raw/cifar-10/train/29653.png,horse,test,7
data/raw/cifar-10/train/23672.png,deer,test,4
data/raw/cifar-10/train/48287.png,ship,test,8
data/raw/cifar-10/train/28923.png,ship,test,8
data/raw/cifar-10/train/47066.png,dog,test,5
data/raw/cifar-10/train/28158.png,cat,test,3
data/raw/cifar-10/train/26510.png,automobile,test,1
data/raw/cifar-10/train/21778.png,airplane,test,0
data/raw/cifar-10/train/14639.png,frog,test,6
data/raw/cifar-10/train/23625.png,truck,test,9
data/raw/cifar-10/train/4715.png,horse,test,7
data/raw/cifar-10/train/43545.png,horse,test,7
data/raw/cifar-10/train/925.png,bird,test,2
data/raw/cifar-10/train/37596.png,horse,test,7
data/raw/cifar-10/train/35751.png,airplane,test,0
data/raw/cifar-10/train/12841.png,truck,test,9
data/raw/cifar-10/train/20721.png,truck,test,9
data/raw/cifar-10/train/1476.png,bird,test,2
data/raw/cifar-10/train/46110.png,cat,test,3
data/raw/cifar-10/train/10617.png,bird,test,2
data/raw/cifar-10/train/27761.png,airplane,test,0
data/raw/cifar-10/train/17280.png,automobile,test,1
data/raw/cifar-10/train/37770.png,cat,test,3
data/raw/cifar-10/train/28947.png,dog,test,5
data/raw/cifar-10/train/25386.png,airplane,test,0
data/raw/cifar-10/train/29843.png,dog,test,5
data/raw/cifar-10/train/106.png,automobile,test,1
data/raw/cifar-10/train/42166.png,airplane,test,0
data/raw/cifar-10/train/32760.png,frog,test,6
data/raw/cifar-10/train/6150.png,truck,test,9
data/raw/cifar-10/train/32573.png,frog,test,6
data/raw/cifar-10/train/34523.png,ship,test,8
data/raw/cifar-10/train/18299.png,airplane,test,0
data/raw/cifar-10/train/42591.png,cat,test,3
data/raw/cifar-10/train/34825.png,deer,test,4
data/raw/cifar-10/train/14164.png,frog,test,6
data/raw/cifar-10/train/24583.png,deer,test,4
data/raw/cifar-10/train/12916.png,airplane,test,0
data/raw/cifar-10/train/4792.png,cat,test,3
data/raw/cifar-10/train/40240.png,dog,test,5
data/raw/cifar-10/train/8303.png,cat,test,3
data/raw/cifar-10/train/29611.png,deer,test,4
data/raw/cifar-10/train/17905.png,cat,test,3
data/raw/cifar-10/train/25078.png,cat,test,3
data/raw/cifar-10/train/19946.png,airplane,test,0
data/raw/cifar-10/train/2238.png,bird,test,2
data/raw/cifar-10/train/38622.png,truck,test,9
data/raw/cifar-10/train/19531.png,ship,test,8
data/raw/cifar-10/train/3152.png,horse,test,7
data/raw/cifar-10/train/22603.png,bird,test,2
data/raw/cifar-10/train/3476.png,cat,test,3
data/raw/cifar-10/train/17930.png,horse,test,7
data/raw/cifar-10/train/38840.png,dog,test,5
data/raw/cifar-10/train/7997.png,ship,test,8
data/raw/cifar-10/train/8603.png,truck,test,9
data/raw/cifar-10/train/42640.png,bird,test,2
data/raw/cifar-10/train/4182.png,frog,test,6
data/raw/cifar-10/train/45339.png,ship,test,8
data/raw/cifar-10/train/31076.png,deer,test,4
data/raw/cifar-10/train/33590.png,airplane,test,0
data/raw/cifar-10/train/31996.png,dog,test,5
data/raw/cifar-10/train/24537.png,horse,test,7
data/raw/cifar-10/train/34924.png,automobile,test,1
data/raw/cifar-10/train/31753.png,frog,test,6
data/raw/cifar-10/train/36408.png,horse,test,7
data/raw/cifar-10/train/3097.png,frog,test,6
data/raw/cifar-10/train/4484.png,cat,test,3
data/raw/cifar-10/train/42323.png,horse,test,7
data/raw/cifar-10/train/41333.png,horse,test,7
data/raw/cifar-10/train/37167.png,bird,test,2
data/raw/cifar-10/train/40446.png,ship,test,8
data/raw/cifar-10/train/44730.png,deer,test,4
data/raw/cifar-10/train/24799.png,bird,test,2
data/raw/cifar-10/train/9635.png,dog,test,5
data/raw/cifar-10/train/10968.png,cat,test,3
data/raw/cifar-10/train/17591.png,truck,test,9
data/raw/cifar-10/train/6741.png,ship,test,8
data/raw/cifar-10/train/30927.png,ship,test,8
data/raw/cifar-10/train/32949.png,horse,test,7
data/raw/cifar-10/train/47059.png,horse,test,7
data/raw/cifar-10/train/34908.png,bird,test,2
data/raw/cifar-10/train/33607.png,dog,test,5
data/raw/cifar-10/train/37628.png,deer,test,4
data/raw/cifar-10/train/40022.png,horse,test,7
data/raw/cifar-10/train/4307.png,bird,test,2
data/raw/cifar-10/train/5148.png,cat,test,3
data/raw/cifar-10/train/20075.png,automobile,test,1
data/raw/cifar-10/train/4563.png,automobile,test,1
data/raw/cifar-10/train/43080.png,horse,test,7
data/raw/cifar-10/train/11584.png,airplane,test,0
data/raw/cifar-10/train/35557.png,automobile,test,1
data/raw/cifar-10/train/23076.png,truck,test,9
data/raw/cifar-10/train/4199.png,bird,test,2
data/raw/cifar-10/train/2281.png,automobile,test,1
data/raw/cifar-10/train/41966.png,frog,test,6
data/raw/cifar-10/train/43224.png,horse,test,7
data/raw/cifar-10/train/1396.png,horse,test,7
data/raw/cifar-10/train/7994.png,frog,test,6
data/raw/cifar-10/train/28881.png,cat,test,3
data/raw/cifar-10/train/10640.png,ship,test,8
data/raw/cifar-10/train/247.png,ship,test,8
data/raw/cifar-10/train/28226.png,bird,test,2
data/raw/cifar-10/train/25178.png,airplane,test,0
data/raw/cifar-10/train/35254.png,horse,test,7
data/raw/cifar-10/train/29892.png,deer,test,4
data/raw/cifar-10/train/45458.png,airplane,test,0
data/raw/cifar-10/train/17129.png,automobile,test,1
data/raw/cifar-10/train/13388.png,dog,test,5
data/raw/cifar-10/train/31287.png,airplane,test,0
data/raw/cifar-10/train/12261.png,automobile,test,1
data/raw/cifar-10/train/18927.png,automobile,test,1
data/raw/cifar-10/train/7914.png,automobile,test,1
data/raw/cifar-10/train/28301.png,airplane,test,0
data/raw/cifar-10/train/25250.png,dog,test,5
data/raw/cifar-10/train/48550.png,bird,test,2
data/raw/cifar-10/train/40027.png,horse,test,7
data/raw/cifar-10/train/5957.png,airplane,test,0
data/raw/cifar-10/train/14178.png,truck,test,9
data/raw/cifar-10/train/11926.png,deer,test,4
data/raw/cifar-10/train/47963.png,frog,test,6
data/raw/cifar-10/train/34143.png,frog,test,6
data/raw/cifar-10/train/47720.png,bird,test,2
data/raw/cifar-10/train/49349.png,automobile,test,1
data/raw/cifar-10/train/25637.png,deer,test,4
data/raw/cifar-10/train/36896.png,horse,test,7
data/raw/cifar-10/train/6147.png,bird,test,2
data/raw/cifar-10/train/35810.png,deer,test,4
data/raw/cifar-10/train/6887.png,bird,test,2
data/raw/cifar-10/train/25497.png,bird,test,2
data/raw/cifar-10/train/40082.png,automobile,test,1
data/raw/cifar-10/train/5456.png,cat,test,3
data/raw/cifar-10/train/1146.png,automobile,test,1
data/raw/cifar-10/train/10588.png,cat,test,3
data/raw/cifar-10/train/7911.png,deer,test,4
data/raw/cifar-10/train/19986.png,bird,test,2
data/raw/cifar-10/train/17191.png,dog,test,5
data/raw/cifar-10/train/48173.png,deer,test,4
data/raw/cifar-10/train/9118.png,ship,test,8
data/raw/cifar-10/train/32577.png,dog,test,5
data/raw/cifar-10/train/2306.png,dog,test,5
data/raw/cifar-10/train/33419.png,ship,test,8
data/raw/cifar-10/train/45706.png,dog,test,5
data/raw/cifar-10/train/45681.png,ship,test,8
data/raw/cifar-10/train/31426.png,ship,test,8
data/raw/cifar-10/train/21348.png,cat,test,3
data/raw/cifar-10/train/47210.png,dog,test,5
data/raw/cifar-10/train/27204.png,cat,test,3
data/raw/cifar-10/train/15378.png,deer,test,4
data/raw/cifar-10/train/5529.png,ship,test,8
data/raw/cifar-10/train/44926.png,airplane,test,0
data/raw/cifar-10/train/45897.png,cat,test,3
data/raw/cifar-10/train/78.png,airplane,test,0
data/raw/cifar-10/train/44275.png,frog,test,6
data/raw/cifar-10/train/42836.png,ship,test,8
data/raw/cifar-10/train/28273.png,airplane,test,0
data/raw/cifar-10/train/230.png,cat,test,3
data/raw/cifar-10/train/34307.png,deer,test,4
data/raw/cifar-10/train/26598.png,truck,test,9
data/raw/cifar-10/train/20135.png,truck,test,9
data/raw/cifar-10/train/22437.png,dog,test,5
data/raw/cifar-10/train/42872.png,deer,test,4
data/raw/cifar-10/train/38726.png,automobile,test,1
data/raw/cifar-10/train/30217.png,horse,test,7
data/raw/cifar-10/train/30696.png,airplane,test,0
data/raw/cifar-10/train/17464.png,horse,test,7
data/raw/cifar-10/train/17022.png,truck,test,9
data/raw/cifar-10/train/32857.png,frog,test,6
data/raw/cifar-10/train/8939.png,automobile,test,1
data/raw/cifar-10/train/48858.png,horse,test,7
data/raw/cifar-10/train/27847.png,ship,test,8
data/raw/cifar-10/train/29755.png,airplane,test,0
data/raw/cifar-10/train/35290.png,dog,test,5
data/raw/cifar-10/train/22828.png,ship,test,8
data/raw/cifar-10/train/44628.png,bird,test,2
data/raw/cifar-10/train/3179.png,cat,test,3
data/raw/cifar-10/train/31667.png,deer,test,4
data/raw/cifar-10/train/17743.png,frog,test,6
data/raw/cifar-10/train/31124.png,horse,test,7
data/raw/cifar-10/train/7771.png,airplane,test,0
data/raw/cifar-10/train/9429.png,frog,test,6
data/raw/cifar-10/train/151.png,cat,test,3
data/raw/cifar-10/train/9489.png,ship,test,8
data/raw/cifar-10/train/36240.png,horse,test,7
data/raw/cifar-10/train/5111.png,cat,test,3
data/raw/cifar-10/train/25029.png,cat,test,3
data/raw/cifar-10/train/18117.png,truck,test,9
data/raw/cifar-10/train/15837.png,cat,test,3
data/raw/cifar-10/train/11178.png,ship,test,8
data/raw/cifar-10/train/29321.png,horse,test,7
data/raw/cifar-10/train/15127.png,deer,test,4
data/raw/cifar-10/train/27890.png,truck,test,9
data/raw/cifar-10/train/6571.png,airplane,test,0
data/raw/cifar-10/train/2388.png,bird,test,2
data/raw/cifar-10/train/31245.png,ship,test,8
data/raw/cifar-10/train/3444.png,airplane,test,0
data/raw/cifar-10/train/22167.png,truck,test,9
data/raw/cifar-10/train/35803.png,dog,test,5
data/raw/cifar-10/train/862.png,cat,test,3
data/raw/cifar-10/train/30578.png,ship,test,8
data/raw/cifar-10/train/8729.png,truck,test,9
data/raw/cifar-10/train/15720.png,frog,test,6
data/raw/cifar-10/train/1705.png,deer,test,4
data/raw/cifar-10/train/23491.png,horse,test,7
data/raw/cifar-10/train/47651.png,frog,test,6
data/raw/cifar-10/train/13963.png,truck,test,9
data/raw/cifar-10/train/42064.png,horse,test,7
data/raw/cifar-10/train/38677.png,bird,test,2
data/raw/cifar-10/train/41843.png,airplane,test,0
data/raw/cifar-10/train/10989.png,horse,test,7
data/raw/cifar-10/train/19676.png,frog,test,6
data/raw/cifar-10/train/24517.png,dog,test,5
data/raw/cifar-10/train/11678.png,truck,test,9
data/raw/cifar-10/train/3736.png,automobile,test,1
data/raw/cifar-10/train/16978.png,truck,test,9
data/raw/cifar-10/train/27712.png,dog,test,5
data/raw/cifar-10/train/35312.png,bird,test,2
data/raw/cifar-10/train/41368.png,dog,test,5
data/raw/cifar-10/train/13860.png,ship,test,8
data/raw/cifar-10/train/31608.png,automobile,test,1
data/raw/cifar-10/train/45034.png,truck,test,9
data/raw/cifar-10/train/29445.png,airplane,test,0
data/raw/cifar-10/train/4299.png,ship,test,8
data/raw/cifar-10/train/8477.png,automobile,test,1
data/raw/cifar-10/train/6275.png,deer,test,4
data/raw/cifar-10/train/32647.png,horse,test,7
data/raw/cifar-10/train/38657.png,airplane,test,0
data/raw/cifar-10/train/16208.png,bird,test,2
data/raw/cifar-10/train/40590.png,airplane,test,0
data/raw/cifar-10/train/38855.png,dog,test,5
data/raw/cifar-10/train/40059.png,cat,test,3
data/raw/cifar-10/train/14482.png,automobile,test,1
data/raw/cifar-10/train/49673.png,airplane,test,0
data/raw/cifar-10/train/25560.png,cat,test,3
data/raw/cifar-10/train/45903.png,deer,test,4
data/raw/cifar-10/train/13999.png,dog,test,5
data/raw/cifar-10/train/40856.png,truck,test,9
data/raw/cifar-10/train/38325.png,truck,test,9
data/raw/cifar-10/train/22229.png,bird,test,2
data/raw/cifar-10/train/49321.png,frog,test,6
data/raw/cifar-10/train/29798.png,frog,test,6
data/raw/cifar-10/train/23916.png,frog,test,6
data/raw/cifar-10/train/20566.png,horse,test,7
data/raw/cifar-10/train/33174.png,frog,test,6
data/raw/cifar-10/train/31749.png,frog,test,6
data/raw/cifar-10/train/4793.png,frog,test,6
data/raw/cifar-10/train/951.png,truck,test,9
data/raw/cifar-10/train/12168.png,automobile,test,1
data/raw/cifar-10/train/34800.png,airplane,test,0
data/raw/cifar-10/train/18435.png,deer,test,4
data/raw/cifar-10/train/15520.png,deer,test,4
data/raw/cifar-10/train/40807.png,airplane,test,0
data/raw/cifar-10/train/43258.png,cat,test,3
data/raw/cifar-10/train/27814.png,airplane,test,0
data/raw/cifar-10/train/38257.png,horse,test,7
data/raw/cifar-10/train/38284.png,deer,test,4
data/raw/cifar-10/train/15748.png,dog,test,5
data/raw/cifar-10/train/3376.png,airplane,test,0
data/raw/cifar-10/train/43118.png,frog,test,6
data/raw/cifar-10/train/5647.png,dog,test,5
data/raw/cifar-10/train/8263.png,cat,test,3
data/raw/cifar-10/train/25019.png,bird,test,2
data/raw/cifar-10/train/25434.png,truck,test,9
data/raw/cifar-10/train/30952.png,automobile,test,1
data/raw/cifar-10/train/23499.png,cat,test,3
data/raw/cifar-10/train/1623.png,truck,test,9
data/raw/cifar-10/train/29243.png,dog,test,5
data/raw/cifar-10/train/6221.png,dog,test,5
data/raw/cifar-10/train/35063.png,horse,test,7
data/raw/cifar-10/train/11765.png,cat,test,3
data/raw/cifar-10/train/24674.png,frog,test,6
data/raw/cifar-10/train/50.png,airplane,test,0
data/raw/cifar-10/train/6486.png,deer,test,4
data/raw/cifar-10/train/45408.png,horse,test,7
data/raw/cifar-10/train/42905.png,deer,test,4
data/raw/cifar-10/train/11783.png,automobile,test,1
data/raw/cifar-10/train/47327.png,airplane,test,0
data/raw/cifar-10/train/47955.png,dog,test,5
data/raw/cifar-10/train/31150.png,dog,test,5
data/raw/cifar-10/train/30339.png,cat,test,3
data/raw/cifar-10/train/3498.png,ship,test,8
data/raw/cifar-10/train/45266.png,airplane,test,0
data/raw/cifar-10/train/43366.png,bird,test,2
data/raw/cifar-10/train/45889.png,horse,test,7
data/raw/cifar-10/train/7466.png,bird,test,2
data/raw/cifar-10/train/47540.png,cat,test,3
data/raw/cifar-10/train/45996.png,horse,test,7
data/raw/cifar-10/train/24877.png,ship,test,8
data/raw/cifar-10/train/11158.png,truck,test,9
data/raw/cifar-10/train/37810.png,cat,test,3
data/raw/cifar-10/train/38608.png,ship,test,8
data/raw/cifar-10/train/8010.png,frog,test,6
data/raw/cifar-10/train/19479.png,horse,test,7
data/raw/cifar-10/train/2714.png,frog,test,6
data/raw/cifar-10/train/2232.png,dog,test,5
data/raw/cifar-10/train/14231.png,cat,test,3
data/raw/cifar-10/train/17482.png,bird,test,2
data/raw/cifar-10/train/20553.png,truck,test,9
data/raw/cifar-10/train/3010.png,automobile,test,1
data/raw/cifar-10/train/23434.png,truck,test,9
data/raw/cifar-10/train/19377.png,bird,test,2
data/raw/cifar-10/train/40458.png,cat,test,3
data/raw/cifar-10/train/19166.png,automobile,test,1
data/raw/cifar-10/train/34022.png,ship,test,8
data/raw/cifar-10/train/28101.png,deer,test,4
data/raw/cifar-10/train/12959.png,bird,test,2
data/raw/cifar-10/train/24172.png,deer,test,4
data/raw/cifar-10/train/45350.png,airplane,test,0
data/raw/cifar-10/train/45784.png,cat,test,3
data/raw/cifar-10/train/22706.png,ship,test,8
data/raw/cifar-10/train/49683.png,dog,test,5
data/raw/cifar-10/train/45061.png,bird,test,2
data/raw/cifar-10/train/29515.png,truck,test,9
data/raw/cifar-10/train/26502.png,dog,test,5
data/raw/cifar-10/train/19019.png,automobile,test,1
data/raw/cifar-10/train/6146.png,frog,test,6
data/raw/cifar-10/train/21493.png,deer,test,4
data/raw/cifar-10/train/37533.png,airplane,test,0
data/raw/cifar-10/train/3159.png,dog,test,5
data/raw/cifar-10/train/2114.png,horse,test,7
data/raw/cifar-10/train/14973.png,cat,test,3
data/raw/cifar-10/train/11184.png,cat,test,3
data/raw/cifar-10/train/45496.png,truck,test,9
data/raw/cifar-10/train/44890.png,automobile,test,1
data/raw/cifar-10/train/32220.png,cat,test,3
data/raw/cifar-10/train/42274.png,dog,test,5
data/raw/cifar-10/train/1596.png,deer,test,4
data/raw/cifar-10/train/27591.png,dog,test,5
data/raw/cifar-10/train/21008.png,horse,test,7
data/raw/cifar-10/train/31084.png,airplane,test,0
data/raw/cifar-10/train/32115.png,ship,test,8
data/raw/cifar-10/train/41063.png,dog,test,5
data/raw/cifar-10/train/41282.png,ship,test,8
data/raw/cifar-10/train/12125.png,deer,test,4
data/raw/cifar-10/train/3480.png,truck,test,9
data/raw/cifar-10/train/22967.png,bird,test,2
data/raw/cifar-10/train/34550.png,truck,test,9
data/raw/cifar-10/train/40730.png,truck,test,9
data/raw/cifar-10/train/11993.png,bird,test,2
data/raw/cifar-10/train/41568.png,ship,test,8
data/raw/cifar-10/train/24935.png,ship,test,8
data/raw/cifar-10/train/1926.png,deer,test,4
data/raw/cifar-10/train/27040.png,horse,test,7
data/raw/cifar-10/train/9636.png,bird,test,2
data/raw/cifar-10/train/9984.png,airplane,test,0
data/raw/cifar-10/train/45908.png,ship,test,8
data/raw/cifar-10/train/5249.png,bird,test,2
data/raw/cifar-10/train/22301.png,ship,test,8
data/raw/cifar-10/train/44336.png,bird,test,2
data/raw/cifar-10/train/47802.png,cat,test,3
data/raw/cifar-10/train/19444.png,horse,test,7
data/raw/cifar-10/train/520.png,ship,test,8
data/raw/cifar-10/train/6964.png,bird,test,2
data/raw/cifar-10/train/43717.png,cat,test,3
data/raw/cifar-10/train/27445.png,airplane,test,0
data/raw/cifar-10/train/40070.png,dog,test,5
data/raw/cifar-10/train/20835.png,airplane,test,0
data/raw/cifar-10/train/34692.png,ship,test,8
data/raw/cifar-10/train/32595.png,horse,test,7
data/raw/cifar-10/train/39344.png,frog,test,6
data/raw/cifar-10/train/46377.png,automobile,test,1
data/raw/cifar-10/train/40580.png,horse,test,7
data/raw/cifar-10/train/38768.png,horse,test,7
data/raw/cifar-10/train/39300.png,ship,test,8
data/raw/cifar-10/train/30067.png,horse,test,7
data/raw/cifar-10/train/14248.png,automobile,test,1
data/raw/cifar-10/train/36681.png,horse,test,7
data/raw/cifar-10/train/25575.png,airplane,test,0
data/raw/cifar-10/train/26459.png,truck,test,9
data/raw/cifar-10/train/20868.png,ship,test,8
data/raw/cifar-10/train/21428.png,ship,test,8
data/raw/cifar-10/train/30551.png,ship,test,8
data/raw/cifar-10/train/32795.png,cat,test,3
data/raw/cifar-10/train/24949.png,horse,test,7
data/raw/cifar-10/train/23362.png,automobile,test,1
data/raw/cifar-10/train/43595.png,frog,test,6
data/raw/cifar-10/train/45413.png,airplane,test,0
data/raw/cifar-10/train/13179.png,horse,test,7
data/raw/cifar-10/train/23665.png,truck,test,9
data/raw/cifar-10/train/36686.png,cat,test,3
data/raw/cifar-10/train/40491.png,dog,test,5
data/raw/cifar-10/train/24529.png,automobile,test,1
data/raw/cifar-10/train/14599.png,automobile,test,1
data/raw/cifar-10/train/20289.png,ship,test,8
data/raw/cifar-10/train/21942.png,frog,test,6
data/raw/cifar-10/train/45596.png,deer,test,4
data/raw/cifar-10/train/4536.png,dog,test,5
data/raw/cifar-10/train/40927.png,ship,test,8
data/raw/cifar-10/train/5163.png,cat,test,3
data/raw/cifar-10/train/39535.png,ship,test,8
data/raw/cifar-10/train/31392.png,airplane,test,0
data/raw/cifar-10/train/29005.png,cat,test,3
data/raw/cifar-10/train/20687.png,airplane,test,0
data/raw/cifar-10/train/25777.png,deer,test,4
data/raw/cifar-10/train/41155.png,cat,test,3
data/raw/cifar-10/train/45680.png,airplane,test,0
data/raw/cifar-10/train/44271.png,deer,test,4
data/raw/cifar-10/train/32619.png,ship,test,8
data/raw/cifar-10/train/32395.png,ship,test,8
data/raw/cifar-10/train/47718.png,cat,test,3
data/raw/cifar-10/train/20596.png,automobile,test,1
data/raw/cifar-10/train/13187.png,deer,test,4
data/raw/cifar-10/train/22401.png,ship,test,8
data/raw/cifar-10/train/32622.png,cat,test,3
data/raw/cifar-10/train/41455.png,bird,test,2
data/raw/cifar-10/train/16696.png,bird,test,2
data/raw/cifar-10/train/38267.png,automobile,test,1
data/raw/cifar-10/train/16762.png,bird,test,2
data/raw/cifar-10/train/33007.png,dog,test,5
data/raw/cifar-10/train/25209.png,automobile,test,1
data/raw/cifar-10/train/16620.png,cat,test,3
data/raw/cifar-10/train/14704.png,cat,test,3
data/raw/cifar-10/train/19567.png,cat,test,3
data/raw/cifar-10/train/43562.png,frog,test,6
data/raw/cifar-10/train/1376.png,ship,test,8
data/raw/cifar-10/train/12587.png,automobile,test,1
data/raw/cifar-10/train/4087.png,frog,test,6
data/raw/cifar-10/train/10215.png,horse,test,7
data/raw/cifar-10/train/41151.png,horse,test,7
data/raw/cifar-10/train/8495.png,dog,test,5
data/raw/cifar-10/train/40673.png,horse,test,7
data/raw/cifar-10/train/12735.png,dog,test,5
data/raw/cifar-10/train/10180.png,deer,test,4
data/raw/cifar-10/train/8800.png,dog,test,5
data/raw/cifar-10/train/8973.png,ship,test,8
data/raw/cifar-10/train/41482.png,bird,test,2
data/raw/cifar-10/train/21230.png,deer,test,4
data/raw/cifar-10/train/45826.png,truck,test,9
data/raw/cifar-10/train/37963.png,airplane,test,0
data/raw/cifar-10/train/10360.png,automobile,test,1
data/raw/cifar-10/train/12090.png,dog,test,5
data/raw/cifar-10/train/8522.png,horse,test,7
data/raw/cifar-10/train/35782.png,frog,test,6
data/raw/cifar-10/train/5283.png,automobile,test,1
data/raw/cifar-10/train/41962.png,deer,test,4
data/raw/cifar-10/train/28635.png,automobile,test,1
data/raw/cifar-10/train/13330.png,cat,test,3
data/raw/cifar-10/train/21473.png,airplane,test,0
data/raw/cifar-10/train/26604.png,ship,test,8
data/raw/cifar-10/train/6316.png,bird,test,2
data/raw/cifar-10/train/26912.png,deer,test,4
data/raw/cifar-10/train/24139.png,ship,test,8
data/raw/cifar-10/train/11779.png,horse,test,7
data/raw/cifar-10/train/35444.png,deer,test,4
data/raw/cifar-10/train/35110.png,ship,test,8
data/raw/cifar-10/train/35566.png,frog,test,6
data/raw/cifar-10/train/223.png,ship,test,8
data/raw/cifar-10/train/17735.png,automobile,test,1
data/raw/cifar-10/train/12502.png,bird,test,2
data/raw/cifar-10/train/2289.png,frog,test,6
data/raw/cifar-10/train/444.png,truck,test,9
data/raw/cifar-10/train/43894.png,automobile,test,1
data/raw/cifar-10/train/30269.png,deer,test,4
data/raw/cifar-10/train/18489.png,truck,test,9
data/raw/cifar-10/train/1254.png,truck,test,9
data/raw/cifar-10/train/44722.png,airplane,test,0
data/raw/cifar-10/train/37256.png,bird,test,2
data/raw/cifar-10/train/48992.png,dog,test,5
data/raw/cifar-10/train/46767.png,bird,test,2
data/raw/cifar-10/train/12017.png,cat,test,3
data/raw/cifar-10/train/24637.png,bird,test,2
data/raw/cifar-10/train/12957.png,cat,test,3
data/raw/cifar-10/train/14537.png,cat,test,3
data/raw/cifar-10/train/49494.png,dog,test,5
data/raw/cifar-10/train/43006.png,dog,test,5
data/raw/cifar-10/train/7445.png,airplane,test,0
data/raw/cifar-10/train/18662.png,bird,test,2
data/raw/cifar-10/train/20098.png,airplane,test,0
data/raw/cifar-10/train/11656.png,cat,test,3
data/raw/cifar-10/train/29681.png,frog,test,6
data/raw/cifar-10/train/28432.png,ship,test,8
data/raw/cifar-10/train/15508.png,truck,test,9
data/raw/cifar-10/train/35968.png,bird,test,2
data/raw/cifar-10/train/24812.png,ship,test,8
data/raw/cifar-10/train/817.png,deer,test,4
data/raw/cifar-10/train/24047.png,deer,test,4
data/raw/cifar-10/train/1898.png,cat,test,3
data/raw/cifar-10/train/14760.png,dog,test,5
data/raw/cifar-10/train/6961.png,frog,test,6
data/raw/cifar-10/train/4073.png,cat,test,3
data/raw/cifar-10/train/42115.png,horse,test,7
data/raw/cifar-10/train/30058.png,frog,test,6
data/raw/cifar-10/train/1802.png,dog,test,5
data/raw/cifar-10/train/13772.png,truck,test,9
data/raw/cifar-10/train/20355.png,truck,test,9
data/raw/cifar-10/train/41573.png,ship,test,8
data/raw/cifar-10/train/19450.png,cat,test,3
data/raw/cifar-10/train/18572.png,frog,test,6
data/raw/cifar-10/train/2411.png,dog,test,5
data/raw/cifar-10/train/46779.png,deer,test,4
data/raw/cifar-10/train/32394.png,dog,test,5
data/raw/cifar-10/train/17428.png,frog,test,6
data/raw/cifar-10/train/30891.png,horse,test,7
data/raw/cifar-10/train/20429.png,truck,test,9
data/raw/cifar-10/train/42868.png,airplane,test,0
data/raw/cifar-10/train/18964.png,truck,test,9
data/raw/cifar-10/train/23580.png,frog,test,6
data/raw/cifar-10/train/39475.png,automobile,test,1
data/raw/cifar-10/train/26029.png,dog,test,5
data/raw/cifar-10/train/17545.png,truck,test,9
data/raw/cifar-10/train/8993.png,truck,test,9
data/raw/cifar-10/train/8897.png,truck,test,9
data/raw/cifar-10/train/47991.png,ship,test,8
data/raw/cifar-10/train/28472.png,dog,test,5
data/raw/cifar-10/train/29516.png,airplane,test,0
data/raw/cifar-10/train/38812.png,cat,test,3
data/raw/cifar-10/train/6873.png,cat,test,3
data/raw/cifar-10/train/39192.png,ship,test,8
data/raw/cifar-10/train/33690.png,horse,test,7
data/raw/cifar-10/train/14550.png,automobile,test,1
data/raw/cifar-10/train/45205.png,horse,test,7
data/raw/cifar-10/train/23709.png,frog,test,6
data/raw/cifar-10/train/28081.png,airplane,test,0
data/raw/cifar-10/train/13652.png,dog,test,5
data/raw/cifar-10/train/25158.png,dog,test,5
data/raw/cifar-10/train/21375.png,ship,test,8
data/raw/cifar-10/train/717.png,ship,test,8
data/raw/cifar-10/train/23607.png,frog,test,6
data/raw/cifar-10/train/40961.png,bird,test,2
data/raw/cifar-10/train/28593.png,cat,test,3
data/raw/cifar-10/train/49780.png,truck,test,9
data/raw/cifar-10/train/9535.png,automobile,test,1
data/raw/cifar-10/train/32432.png,dog,test,5
data/raw/cifar-10/train/23341.png,bird,test,2
data/raw/cifar-10/train/10207.png,dog,test,5
data/raw/cifar-10/train/2506.png,cat,test,3
data/raw/cifar-10/train/47405.png,airplane,test,0
data/raw/cifar-10/train/24797.png,dog,test,5
data/raw/cifar-10/train/1473.png,truck,test,9
data/raw/cifar-10/train/37032.png,truck,test,9
data/raw/cifar-10/train/49925.png,ship,test,8
data/raw/cifar-10/train/20636.png,truck,test,9
data/raw/cifar-10/train/26440.png,truck,test,9
data/raw/cifar-10/train/18703.png,automobile,test,1
data/raw/cifar-10/train/27945.png,airplane,test,0
data/raw/cifar-10/train/26326.png,dog,test,5
data/raw/cifar-10/train/9158.png,airplane,test,0
data/raw/cifar-10/train/20451.png,deer,test,4
data/raw/cifar-10/train/5719.png,frog,test,6
data/raw/cifar-10/train/38918.png,frog,test,6
data/raw/cifar-10/train/12608.png,bird,test,2
data/raw/cifar-10/train/10323.png,cat,test,3
data/raw/cifar-10/train/41818.png,dog,test,5
data/raw/cifar-10/train/410.png,frog,test,6
data/raw/cifar-10/train/16760.png,cat,test,3
data/raw/cifar-10/train/29245.png,airplane,test,0
data/raw/cifar-10/train/37547.png,cat,test,3
data/raw/cifar-10/train/23612.png,deer,test,4
data/raw/cifar-10/train/48582.png,horse,test,7
data/raw/cifar-10/train/41118.png,cat,test,3
data/raw/cifar-10/train/17070.png,horse,test,7
data/raw/cifar-10/train/31958.png,automobile,test,1
data/raw/cifar-10/train/18876.png,deer,test,4
data/raw/cifar-10/train/26935.png,cat,test,3
data/raw/cifar-10/train/9973.png,ship,test,8
data/raw/cifar-10/train/4637.png,automobile,test,1
data/raw/cifar-10/train/29354.png,deer,test,4
data/raw/cifar-10/train/4941.png,airplane,test,0
data/raw/cifar-10/train/6752.png,automobile,test,1
data/raw/cifar-10/train/20060.png,dog,test,5
data/raw/cifar-10/train/8064.png,frog,test,6
data/raw/cifar-10/train/37646.png,bird,test,2
data/raw/cifar-10/train/7841.png,bird,test,2
data/raw/cifar-10/train/22472.png,ship,test,8
data/raw/cifar-10/train/21969.png,truck,test,9
data/raw/cifar-10/train/12138.png,bird,test,2
data/raw/cifar-10/train/19161.png,dog,test,5
data/raw/cifar-10/train/35105.png,bird,test,2
data/raw/cifar-10/train/17422.png,bird,test,2
data/raw/cifar-10/train/36186.png,bird,test,2
data/raw/cifar-10/train/16681.png,cat,test,3
data/raw/cifar-10/train/10976.png,ship,test,8
data/raw/cifar-10/train/48711.png,frog,test,6
data/raw/cifar-10/train/30692.png,ship,test,8
data/raw/cifar-10/train/35238.png,dog,test,5
data/raw/cifar-10/train/4251.png,automobile,test,1
data/raw/cifar-10/train/6404.png,ship,test,8
data/raw/cifar-10/train/40026.png,horse,test,7
data/raw/cifar-10/train/22004.png,dog,test,5
data/raw/cifar-10/train/45454.png,frog,test,6
data/raw/cifar-10/train/35058.png,truck,test,9
data/raw/cifar-10/train/10305.png,cat,test,3
data/raw/cifar-10/train/39435.png,truck,test,9
data/raw/cifar-10/train/12997.png,frog,test,6
data/raw/cifar-10/train/20276.png,airplane,test,0
data/raw/cifar-10/train/24627.png,frog,test,6
data/raw/cifar-10/train/41302.png,deer,test,4
data/raw/cifar-10/train/30259.png,bird,test,2
data/raw/cifar-10/train/16904.png,airplane,test,0
data/raw/cifar-10/train/49576.png,deer,test,4
data/raw/cifar-10/train/17429.png,truck,test,9
data/raw/cifar-10/train/24718.png,frog,test,6
data/raw/cifar-10/train/34132.png,airplane,test,0
data/raw/cifar-10/train/5924.png,truck,test,9
data/raw/cifar-10/train/5320.png,cat,test,3
data/raw/cifar-10/train/13303.png,cat,test,3
data/raw/cifar-10/train/13869.png,ship,test,8
data/raw/cifar-10/train/23199.png,automobile,test,1
data/raw/cifar-10/train/46164.png,truck,test,9
data/raw/cifar-10/train/21292.png,truck,test,9
data/raw/cifar-10/train/7133.png,cat,test,3
data/raw/cifar-10/train/7837.png,horse,test,7
data/raw/cifar-10/train/3615.png,ship,test,8
data/raw/cifar-10/train/17699.png,cat,test,3
data/raw/cifar-10/train/19805.png,airplane,test,0
data/raw/cifar-10/train/44815.png,frog,test,6
data/raw/cifar-10/train/4030.png,ship,test,8
data/raw/cifar-10/train/35052.png,automobile,test,1
data/raw/cifar-10/train/23135.png,deer,test,4
data/raw/cifar-10/train/40386.png,bird,test,2
data/raw/cifar-10/train/32105.png,truck,test,9
data/raw/cifar-10/train/24502.png,ship,test,8
data/raw/cifar-10/train/33245.png,frog,test,6
data/raw/cifar-10/train/11697.png,automobile,test,1
data/raw/cifar-10/train/30158.png,bird,test,2
data/raw/cifar-10/train/27815.png,automobile,test,1
data/raw/cifar-10/train/45297.png,automobile,test,1
data/raw/cifar-10/train/2118.png,dog,test,5
data/raw/cifar-10/train/43958.png,deer,test,4
data/raw/cifar-10/train/41066.png,horse,test,7
data/raw/cifar-10/train/15353.png,airplane,test,0
data/raw/cifar-10/train/6692.png,bird,test,2
data/raw/cifar-10/train/17602.png,ship,test,8
data/raw/cifar-10/train/31259.png,ship,test,8
data/raw/cifar-10/train/15128.png,cat,test,3
data/raw/cifar-10/train/47832.png,truck,test,9
data/raw/cifar-10/train/39104.png,dog,test,5
data/raw/cifar-10/train/15301.png,cat,test,3
data/raw/cifar-10/train/19145.png,automobile,test,1
data/raw/cifar-10/train/12664.png,deer,test,4
data/raw/cifar-10/train/27563.png,airplane,test,0
data/raw/cifar-10/train/6005.png,ship,test,8
data/raw/cifar-10/train/837.png,frog,test,6
data/raw/cifar-10/train/13962.png,horse,test,7
data/raw/cifar-10/train/49572.png,ship,test,8
data/raw/cifar-10/train/22768.png,frog,test,6
data/raw/cifar-10/train/8306.png,automobile,test,1
data/raw/cifar-10/train/48980.png,airplane,test,0
data/raw/cifar-10/train/15559.png,automobile,test,1
data/raw/cifar-10/train/33905.png,horse,test,7
data/raw/cifar-10/train/9902.png,frog,test,6
data/raw/cifar-10/train/49548.png,dog,test,5
data/raw/cifar-10/train/25503.png,airplane,test,0
data/raw/cifar-10/train/25437.png,deer,test,4
data/raw/cifar-10/train/32217.png,dog,test,5
data/raw/cifar-10/train/44401.png,deer,test,4
data/raw/cifar-10/train/6553.png,horse,test,7
data/raw/cifar-10/train/11927.png,horse,test,7
data/raw/cifar-10/train/15843.png,horse,test,7
data/raw/cifar-10/train/49111.png,frog,test,6
data/raw/cifar-10/train/31507.png,airplane,test,0
data/raw/cifar-10/train/93.png,ship,test,8
data/raw/cifar-10/train/3592.png,cat,test,3
data/raw/cifar-10/train/18743.png,frog,test,6
data/raw/cifar-10/train/34948.png,deer,test,4
data/raw/cifar-10/train/3913.png,frog,test,6
data/raw/cifar-10/train/37573.png,bird,test,2
data/raw/cifar-10/train/44243.png,truck,test,9
data/raw/cifar-10/train/39209.png,automobile,test,1
data/raw/cifar-10/train/47146.png,frog,test,6
data/raw/cifar-10/train/19881.png,automobile,test,1
data/raw/cifar-10/train/13636.png,frog,test,6
data/raw/cifar-10/train/44017.png,horse,test,7
data/raw/cifar-10/train/42618.png,ship,test,8
data/raw/cifar-10/train/1390.png,automobile,test,1
data/raw/cifar-10/train/27678.png,dog,test,5
data/raw/cifar-10/train/28131.png,dog,test,5
data/raw/cifar-10/train/9207.png,ship,test,8
data/raw/cifar-10/train/22613.png,horse,test,7
data/raw/cifar-10/train/36013.png,frog,test,6
data/raw/cifar-10/train/49184.png,horse,test,7
data/raw/cifar-10/train/2274.png,truck,test,9
data/raw/cifar-10/train/26877.png,cat,test,3
data/raw/cifar-10/train/18359.png,airplane,test,0
data/raw/cifar-10/train/29981.png,airplane,test,0
data/raw/cifar-10/train/28727.png,dog,test,5
data/raw/cifar-10/train/41483.png,deer,test,4
data/raw/cifar-10/train/10086.png,cat,test,3
data/raw/cifar-10/train/39748.png,bird,test,2
data/raw/cifar-10/train/26872.png,dog,test,5
data/raw/cifar-10/train/49963.png,frog,test,6
data/raw/cifar-10/train/8299.png,truck,test,9
data/raw/cifar-10/train/41644.png,automobile,test,1
data/raw/cifar-10/train/16833.png,ship,test,8
data/raw/cifar-10/train/37347.png,horse,test,7
data/raw/cifar-10/train/32993.png,horse,test,7
data/raw/cifar-10/train/49664.png,automobile,test,1
data/raw/cifar-10/train/12701.png,truck,test,9
data/raw/cifar-10/train/35328.png,airplane,test,0
data/raw/cifar-10/train/34867.png,bird,test,2
data/raw/cifar-10/train/16850.png,truck,test,9
data/raw/cifar-10/train/39039.png,ship,test,8
data/raw/cifar-10/train/8710.png,frog,test,6
data/raw/cifar-10/train/15759.png,truck,test,9
data/raw/cifar-10/train/11564.png,airplane,test,0
data/raw/cifar-10/train/16166.png,bird,test,2
data/raw/cifar-10/train/23704.png,automobile,test,1
data/raw/cifar-10/train/15722.png,ship,test,8
data/raw/cifar-10/train/6215.png,deer,test,4
data/raw/cifar-10/train/3718.png,deer,test,4
data/raw/cifar-10/train/22316.png,truck,test,9
data/raw/cifar-10/train/12185.png,dog,test,5
data/raw/cifar-10/train/6060.png,horse,test,7
data/raw/cifar-10/train/11876.png,frog,test,6
data/raw/cifar-10/train/13431.png,horse,test,7
data/raw/cifar-10/train/11050.png,ship,test,8
data/raw/cifar-10/train/20992.png,dog,test,5
data/raw/cifar-10/train/12963.png,dog,test,5
data/raw/cifar-10/train/15919.png,deer,test,4
data/raw/cifar-10/train/45888.png,dog,test,5
data/raw/cifar-10/train/13811.png,ship,test,8
data/raw/cifar-10/train/23567.png,airplane,test,0
data/raw/cifar-10/train/13229.png,bird,test,2
data/raw/cifar-10/train/49968.png,ship,test,8
data/raw/cifar-10/train/8736.png,automobile,test,1
data/raw/cifar-10/train/47592.png,deer,test,4
data/raw/cifar-10/train/20154.png,cat,test,3
data/raw/cifar-10/train/37126.png,dog,test,5
data/raw/cifar-10/train/21380.png,dog,test,5
data/raw/cifar-10/train/31282.png,deer,test,4
data/raw/cifar-10/train/7824.png,frog,test,6
data/raw/cifar-10/train/14568.png,airplane,test,0
data/raw/cifar-10/train/22650.png,ship,test,8
data/raw/cifar-10/train/48944.png,ship,test,8
data/raw/cifar-10/train/6884.png,cat,test,3
data/raw/cifar-10/train/17111.png,horse,test,7
data/raw/cifar-10/train/2634.png,airplane,test,0
data/raw/cifar-10/train/12652.png,bird,test,2
data/raw/cifar-10/train/31791.png,truck,test,9
data/raw/cifar-10/train/40539.png,dog,test,5
data/raw/cifar-10/train/22760.png,cat,test,3
data/raw/cifar-10/train/1325.png,deer,test,4
data/raw/cifar-10/train/37908.png,frog,test,6
data/raw/cifar-10/train/11598.png,truck,test,9
data/raw/cifar-10/train/8156.png,airplane,test,0
data/raw/cifar-10/train/41888.png,frog,test,6
data/raw/cifar-10/train/1291.png,truck,test,9
data/raw/cifar-10/train/18910.png,frog,test,6
data/raw/cifar-10/train/32924.png,cat,test,3
data/raw/cifar-10/train/33412.png,frog,test,6
data/raw/cifar-10/train/22336.png,automobile,test,1
data/raw/cifar-10/train/14933.png,dog,test,5
data/raw/cifar-10/train/9790.png,horse,test,7
data/raw/cifar-10/train/6260.png,dog,test,5
data/raw/cifar-10/train/48500.png,bird,test,2
data/raw/cifar-10/train/4771.png,frog,test,6
data/raw/cifar-10/train/48053.png,cat,test,3
data/raw/cifar-10/train/8455.png,bird,test,2
data/raw/cifar-10/train/39627.png,deer,test,4
data/raw/cifar-10/train/30198.png,horse,test,7
data/raw/cifar-10/train/8018.png,bird,test,2
data/raw/cifar-10/train/13733.png,horse,test,7
data/raw/cifar-10/train/48690.png,deer,test,4
data/raw/cifar-10/train/35763.png,dog,test,5
data/raw/cifar-10/train/18630.png,dog,test,5
data/raw/cifar-10/train/10153.png,bird,test,2
data/raw/cifar-10/train/902.png,ship,test,8
data/raw/cifar-10/train/4830.png,cat,test,3
data/raw/cifar-10/train/45789.png,ship,test,8
data/raw/cifar-10/train/13064.png,truck,test,9
data/raw/cifar-10/train/45038.png,ship,test,8
data/raw/cifar-10/train/18897.png,cat,test,3
data/raw/cifar-10/train/103.png,truck,test,9
data/raw/cifar-10/train/32153.png,horse,test,7
data/raw/cifar-10/train/18067.png,automobile,test,1
data/raw/cifar-10/train/5202.png,dog,test,5
data/raw/cifar-10/train/31331.png,dog,test,5
data/raw/cifar-10/train/24705.png,cat,test,3
data/raw/cifar-10/train/42941.png,dog,test,5
data/raw/cifar-10/train/16398.png,airplane,test,0
data/raw/cifar-10/train/44089.png,truck,test,9
data/raw/cifar-10/train/1088.png,ship,test,8
data/raw/cifar-10/train/37311.png,dog,test,5
data/raw/cifar-10/train/40223.png,truck,test,9
data/raw/cifar-10/train/41905.png,truck,test,9
data/raw/cifar-10/train/4756.png,bird,test,2
data/raw/cifar-10/train/43611.png,airplane,test,0
data/raw/cifar-10/train/1503.png,automobile,test,1
data/raw/cifar-10/train/13554.png,ship,test,8
data/raw/cifar-10/train/41575.png,airplane,test,0
data/raw/cifar-10/train/24593.png,airplane,test,0
data/raw/cifar-10/train/24100.png,cat,test,3
data/raw/cifar-10/train/44273.png,automobile,test,1
data/raw/cifar-10/train/2002.png,truck,test,9
data/raw/cifar-10/train/15737.png,dog,test,5
data/raw/cifar-10/train/39357.png,deer,test,4
data/raw/cifar-10/train/14229.png,bird,test,2
data/raw/cifar-10/train/26615.png,automobile,test,1
data/raw/cifar-10/train/48666.png,frog,test,6
data/raw/cifar-10/train/7081.png,truck,test,9
data/raw/cifar-10/train/48345.png,bird,test,2
data/raw/cifar-10/train/13756.png,automobile,test,1
data/raw/cifar-10/train/41399.png,automobile,test,1
data/raw/cifar-10/train/1442.png,horse,test,7
data/raw/cifar-10/train/46465.png,ship,test,8
data/raw/cifar-10/train/9773.png,dog,test,5
data/raw/cifar-10/train/21210.png,truck,test,9
data/raw/cifar-10/train/16563.png,frog,test,6
data/raw/cifar-10/train/9686.png,deer,test,4
data/raw/cifar-10/train/10101.png,automobile,test,1
data/raw/cifar-10/train/28368.png,frog,test,6
data/raw/cifar-10/train/14613.png,deer,test,4
data/raw/cifar-10/train/4265.png,horse,test,7
data/raw/cifar-10/train/23598.png,bird,test,2
data/raw/cifar-10/train/45103.png,airplane,test,0
data/raw/cifar-10/train/4764.png,deer,test,4
data/raw/cifar-10/train/21019.png,bird,test,2
data/raw/cifar-10/train/25381.png,cat,test,3
data/raw/cifar-10/train/28145.png,dog,test,5
data/raw/cifar-10/train/22182.png,truck,test,9
data/raw/cifar-10/train/32292.png,bird,test,2
data/raw/cifar-10/train/14523.png,dog,test,5
data/raw/cifar-10/train/13893.png,horse,test,7
data/raw/cifar-10/train/42613.png,horse,test,7
data/raw/cifar-10/train/33624.png,frog,test,6
data/raw/cifar-10/train/37453.png,truck,test,9
data/raw/cifar-10/train/27551.png,ship,test,8
data/raw/cifar-10/train/35693.png,automobile,test,1
data/raw/cifar-10/train/44570.png,ship,test,8
data/raw/cifar-10/train/27722.png,bird,test,2
data/raw/cifar-10/train/21539.png,automobile,test,1
data/raw/cifar-10/train/26201.png,airplane,test,0
data/raw/cifar-10/train/14715.png,ship,test,8
data/raw/cifar-10/train/26752.png,dog,test,5
data/raw/cifar-10/train/46011.png,dog,test,5
data/raw/cifar-10/train/30531.png,automobile,test,1
data/raw/cifar-10/train/24300.png,truck,test,9
data/raw/cifar-10/train/37966.png,cat,test,3
data/raw/cifar-10/train/25455.png,horse,test,7
data/raw/cifar-10/train/22501.png,automobile,test,1
data/raw/cifar-10/train/32683.png,cat,test,3
data/raw/cifar-10/train/3907.png,airplane,test,0
data/raw/cifar-10/train/24609.png,ship,test,8
data/raw/cifar-10/train/40429.png,bird,test,2
data/raw/cifar-10/train/1533.png,bird,test,2
data/raw/cifar-10/train/623.png,deer,test,4
data/raw/cifar-10/train/29603.png,truck,test,9
data/raw/cifar-10/train/28121.png,truck,test,9
data/raw/cifar-10/train/1315.png,ship,test,8
data/raw/cifar-10/train/32118.png,deer,test,4
data/raw/cifar-10/train/18244.png,dog,test,5
data/raw/cifar-10/train/39367.png,cat,test,3
data/raw/cifar-10/train/32312.png,automobile,test,1
data/raw/cifar-10/train/11809.png,ship,test,8
data/raw/cifar-10/train/6027.png,bird,test,2
data/raw/cifar-10/train/5540.png,cat,test,3
data/raw/cifar-10/train/43150.png,ship,test,8
data/raw/cifar-10/train/10001.png,automobile,test,1
data/raw/cifar-10/train/48846.png,automobile,test,1
data/raw/cifar-10/train/9329.png,airplane,test,0
data/raw/cifar-10/train/35773.png,cat,test,3
data/raw/cifar-10/train/49253.png,deer,test,4
data/raw/cifar-10/train/2195.png,dog,test,5
data/raw/cifar-10/train/46453.png,deer,test,4
data/raw/cifar-10/train/42151.png,automobile,test,1
data/raw/cifar-10/train/34949.png,airplane,test,0
data/raw/cifar-10/train/3703.png,truck,test,9
data/raw/cifar-10/train/23476.png,cat,test,3
data/raw/cifar-10/train/38935.png,horse,test,7
data/raw/cifar-10/train/19245.png,horse,test,7
data/raw/cifar-10/train/18071.png,frog,test,6
data/raw/cifar-10/train/38973.png,deer,test,4
data/raw/cifar-10/train/48428.png,bird,test,2
data/raw/cifar-10/train/37140.png,truck,test,9
data/raw/cifar-10/train/34974.png,truck,test,9
data/raw/cifar-10/train/39943.png,deer,test,4
data/raw/cifar-10/train/6075.png,automobile,test,1
data/raw/cifar-10/train/44821.png,airplane,test,0
data/raw/cifar-10/train/5496.png,deer,test,4
data/raw/cifar-10/train/6406.png,cat,test,3
data/raw/cifar-10/train/16430.png,frog,test,6
data/raw/cifar-10/train/15819.png,cat,test,3
data/raw/cifar-10/train/33416.png,automobile,test,1
data/raw/cifar-10/train/39966.png,automobile,test,1
data/raw/cifar-10/train/36840.png,horse,test,7
data/raw/cifar-10/train/37763.png,truck,test,9
data/raw/cifar-10/train/12229.png,automobile,test,1
data/raw/cifar-10/train/34915.png,cat,test,3
data/raw/cifar-10/train/13517.png,horse,test,7
data/raw/cifar-10/train/31237.png,horse,test,7
data/raw/cifar-10/train/2433.png,cat,test,3
data/raw/cifar-10/train/10552.png,frog,test,6
data/raw/cifar-10/train/35768.png,horse,test,7
data/raw/cifar-10/train/21628.png,automobile,test,1
data/raw/cifar-10/train/24217.png,ship,test,8
data/raw/cifar-10/train/43407.png,truck,test,9
data/raw/cifar-10/train/1979.png,frog,test,6
data/raw/cifar-10/train/21814.png,automobile,test,1
data/raw/cifar-10/train/9273.png,bird,test,2
data/raw/cifar-10/train/19121.png,truck,test,9
data/raw/cifar-10/train/34483.png,bird,test,2
data/raw/cifar-10/train/6766.png,automobile,test,1
data/raw/cifar-10/train/16641.png,deer,test,4
data/raw/cifar-10/train/21962.png,dog,test,5
data/raw/cifar-10/train/16897.png,dog,test,5
data/raw/cifar-10/train/13797.png,frog,test,6
data/raw/cifar-10/train/9426.png,truck,test,9
data/raw/cifar-10/train/7281.png,dog,test,5
data/raw/cifar-10/train/47038.png,dog,test,5
data/raw/cifar-10/train/3220.png,deer,test,4
data/raw/cifar-10/train/47415.png,ship,test,8
data/raw/cifar-10/train/21887.png,bird,test,2
data/raw/cifar-10/train/22841.png,dog,test,5
data/raw/cifar-10/train/26279.png,dog,test,5
data/raw/cifar-10/train/39463.png,ship,test,8
data/raw/cifar-10/train/36008.png,airplane,test,0
data/raw/cifar-10/train/3104.png,automobile,test,1
data/raw/cifar-10/train/43734.png,cat,test,3
data/raw/cifar-10/train/34774.png,truck,test,9
data/raw/cifar-10/train/33231.png,automobile,test,1
data/raw/cifar-10/train/5515.png,deer,test,4
data/raw/cifar-10/train/26585.png,deer,test,4
data/raw/cifar-10/train/39243.png,bird,test,2
data/raw/cifar-10/train/26890.png,dog,test,5
data/raw/cifar-10/train/14348.png,airplane,test,0
data/raw/cifar-10/train/8888.png,horse,test,7
data/raw/cifar-10/train/46171.png,frog,test,6
data/raw/cifar-10/train/17255.png,horse,test,7
data/raw/cifar-10/train/4870.png,airplane,test,0
data/raw/cifar-10/train/34658.png,ship,test,8
data/raw/cifar-10/train/7811.png,airplane,test,0
data/raw/cifar-10/train/6606.png,deer,test,4
data/raw/cifar-10/train/41022.png,cat,test,3
data/raw/cifar-10/train/34461.png,airplane,test,0
data/raw/cifar-10/train/23077.png,deer,test,4
data/raw/cifar-10/train/5790.png,frog,test,6
data/raw/cifar-10/train/44176.png,airplane,test,0
data/raw/cifar-10/train/3956.png,horse,test,7
data/raw/cifar-10/train/11419.png,automobile,test,1
data/raw/cifar-10/train/22179.png,airplane,test,0
data/raw/cifar-10/train/13956.png,bird,test,2
data/raw/cifar-10/train/42500.png,ship,test,8
data/raw/cifar-10/train/49221.png,ship,test,8
data/raw/cifar-10/train/23992.png,truck,test,9
data/raw/cifar-10/train/37054.png,deer,test,4
data/raw/cifar-10/train/17174.png,frog,test,6
data/raw/cifar-10/train/13486.png,bird,test,2
data/raw/cifar-10/train/35524.png,horse,test,7
data/raw/cifar-10/train/49472.png,bird,test,2
data/raw/cifar-10/train/6581.png,dog,test,5
data/raw/cifar-10/train/4139.png,bird,test,2
data/raw/cifar-10/train/45315.png,airplane,test,0
data/raw/cifar-10/train/49044.png,ship,test,8
data/raw/cifar-10/train/13389.png,ship,test,8
data/raw/cifar-10/train/28416.png,truck,test,9
data/raw/cifar-10/train/8430.png,ship,test,8
data/raw/cifar-10/train/19152.png,cat,test,3
data/raw/cifar-10/train/15464.png,truck,test,9
data/raw/cifar-10/train/11989.png,dog,test,5
data/raw/cifar-10/train/10015.png,dog,test,5
data/raw/cifar-10/train/8619.png,ship,test,8
data/raw/cifar-10/train/31286.png,bird,test,2
data/raw/cifar-10/train/16145.png,horse,test,7
data/raw/cifar-10/train/43720.png,truck,test,9
data/raw/cifar-10/train/18102.png,bird,test,2
data/raw/cifar-10/train/41065.png,frog,test,6
data/raw/cifar-10/train/35416.png,deer,test,4
data/raw/cifar-10/train/38660.png,frog,test,6
data/raw/cifar-10/train/18198.png,deer,test,4
data/raw/cifar-10/train/41428.png,truck,test,9
data/raw/cifar-10/train/32058.png,bird,test,2
data/raw/cifar-10/train/23762.png,cat,test,3
data/raw/cifar-10/train/21838.png,truck,test,9
data/raw/cifar-10/train/20724.png,airplane,test,0
data/raw/cifar-10/train/29417.png,horse,test,7
data/raw/cifar-10/train/1411.png,automobile,test,1
data/raw/cifar-10/train/3981.png,ship,test,8
data/raw/cifar-10/train/31279.png,ship,test,8
data/raw/cifar-10/train/31580.png,deer,test,4
data/raw/cifar-10/train/38375.png,ship,test,8
data/raw/cifar-10/train/45964.png,dog,test,5
data/raw/cifar-10/train/7928.png,frog,test,6
data/raw/cifar-10/train/40495.png,truck,test,9
data/raw/cifar-10/train/42857.png,bird,test,2
data/raw/cifar-10/train/47784.png,dog,test,5
data/raw/cifar-10/train/27525.png,truck,test,9
data/raw/cifar-10/train/10274.png,frog,test,6
data/raw/cifar-10/train/32377.png,airplane,test,0
data/raw/cifar-10/train/21235.png,automobile,test,1
data/raw/cifar-10/train/20792.png,horse,test,7
data/raw/cifar-10/train/24028.png,truck,test,9
data/raw/cifar-10/train/41862.png,automobile,test,1
data/raw/cifar-10/train/25959.png,cat,test,3
data/raw/cifar-10/train/8079.png,horse,test,7
data/raw/cifar-10/train/9166.png,horse,test,7
data/raw/cifar-10/train/39271.png,horse,test,7
data/raw/cifar-10/train/40884.png,ship,test,8
data/raw/cifar-10/train/27934.png,frog,test,6
data/raw/cifar-10/train/5084.png,truck,test,9
data/raw/cifar-10/train/36950.png,ship,test,8
data/raw/cifar-10/train/49385.png,cat,test,3
data/raw/cifar-10/train/18329.png,bird,test,2
data/raw/cifar-10/train/46484.png,dog,test,5
data/raw/cifar-10/train/28854.png,horse,test,7
data/raw/cifar-10/train/22818.png,automobile,test,1
data/raw/cifar-10/train/46756.png,truck,test,9
data/raw/cifar-10/train/15887.png,airplane,test,0
data/raw/cifar-10/train/33573.png,airplane,test,0
data/raw/cifar-10/train/19069.png,cat,test,3
data/raw/cifar-10/train/3459.png,frog,test,6
data/raw/cifar-10/train/12440.png,horse,test,7
data/raw/cifar-10/train/38466.png,deer,test,4
data/raw/cifar-10/train/20436.png,deer,test,4
data/raw/cifar-10/train/21855.png,truck,test,9
data/raw/cifar-10/train/38937.png,frog,test,6
data/raw/cifar-10/train/16323.png,cat,test,3
data/raw/cifar-10/train/32583.png,bird,test,2
data/raw/cifar-10/train/24219.png,bird,test,2
data/raw/cifar-10/train/44000.png,dog,test,5
data/raw/cifar-10/train/36565.png,frog,test,6
data/raw/cifar-10/train/12114.png,cat,test,3
data/raw/cifar-10/train/34905.png,horse,test,7
data/raw/cifar-10/train/32110.png,airplane,test,0
data/raw/cifar-10/train/15427.png,deer,test,4
data/raw/cifar-10/train/20431.png,truck,test,9
data/raw/cifar-10/train/11689.png,truck,test,9
data/raw/cifar-10/train/44756.png,truck,test,9
data/raw/cifar-10/train/25594.png,bird,test,2
data/raw/cifar-10/train/39950.png,horse,test,7
data/raw/cifar-10/train/9726.png,horse,test,7
data/raw/cifar-10/train/5303.png,frog,test,6
data/raw/cifar-10/train/27380.png,frog,test,6
data/raw/cifar-10/train/7528.png,airplane,test,0
data/raw/cifar-10/train/46123.png,frog,test,6
data/raw/cifar-10/train/44592.png,automobile,test,1
data/raw/cifar-10/train/21680.png,ship,test,8
data/raw/cifar-10/train/33644.png,automobile,test,1
data/raw/cifar-10/train/34104.png,deer,test,4
data/raw/cifar-10/train/46813.png,cat,test,3
data/raw/cifar-10/train/39740.png,airplane,test,0
data/raw/cifar-10/train/46455.png,horse,test,7
data/raw/cifar-10/train/12484.png,truck,test,9
data/raw/cifar-10/train/9691.png,automobile,test,1
data/raw/cifar-10/train/8728.png,truck,test,9
data/raw/cifar-10/train/8259.png,airplane,test,0
data/raw/cifar-10/train/10672.png,bird,test,2
data/raw/cifar-10/train/35128.png,truck,test,9
data/raw/cifar-10/train/24961.png,truck,test,9
data/raw/cifar-10/train/1003.png,cat,test,3
data/raw/cifar-10/train/37332.png,dog,test,5
data/raw/cifar-10/train/46425.png,cat,test,3
data/raw/cifar-10/train/34081.png,automobile,test,1
data/raw/cifar-10/train/17963.png,ship,test,8
data/raw/cifar-10/train/7415.png,truck,test,9
data/raw/cifar-10/train/17271.png,truck,test,9
data/raw/cifar-10/train/22057.png,ship,test,8
data/raw/cifar-10/train/16333.png,automobile,test,1
data/raw/cifar-10/train/26512.png,truck,test,9
data/raw/cifar-10/train/6124.png,ship,test,8
data/raw/cifar-10/train/41775.png,airplane,test,0
data/raw/cifar-10/train/39040.png,automobile,test,1
data/raw/cifar-10/train/35218.png,horse,test,7
data/raw/cifar-10/train/40540.png,horse,test,7
data/raw/cifar-10/train/33341.png,horse,test,7
data/raw/cifar-10/train/10172.png,ship,test,8
data/raw/cifar-10/train/33963.png,dog,test,5
data/raw/cifar-10/train/47293.png,cat,test,3
data/raw/cifar-10/train/40481.png,bird,test,2
data/raw/cifar-10/train/18212.png,airplane,test,0
data/raw/cifar-10/train/21556.png,truck,test,9
data/raw/cifar-10/train/13504.png,truck,test,9
data/raw/cifar-10/train/22977.png,ship,test,8
data/raw/cifar-10/train/27906.png,automobile,test,1
data/raw/cifar-10/train/10272.png,automobile,test,1
data/raw/cifar-10/train/17155.png,airplane,test,0
data/raw/cifar-10/train/32282.png,ship,test,8
data/raw/cifar-10/train/14728.png,airplane,test,0
data/raw/cifar-10/train/35823.png,dog,test,5
data/raw/cifar-10/train/16020.png,automobile,test,1
data/raw/cifar-10/train/23796.png,frog,test,6
data/raw/cifar-10/train/39577.png,deer,test,4
data/raw/cifar-10/train/10667.png,horse,test,7
data/raw/cifar-10/train/49200.png,deer,test,4
data/raw/cifar-10/train/922.png,frog,test,6
data/raw/cifar-10/train/44894.png,cat,test,3
data/raw/cifar-10/train/47368.png,truck,test,9
data/raw/cifar-10/train/17913.png,cat,test,3
data/raw/cifar-10/train/32977.png,dog,test,5
data/raw/cifar-10/train/34299.png,deer,test,4
data/raw/cifar-10/train/17239.png,frog,test,6
data/raw/cifar-10/train/49491.png,airplane,test,0
data/raw/cifar-10/train/26454.png,cat,test,3
data/raw/cifar-10/train/22215.png,ship,test,8
data/raw/cifar-10/train/4866.png,truck,test,9
data/raw/cifar-10/train/17237.png,dog,test,5
data/raw/cifar-10/train/42411.png,automobile,test,1
data/raw/cifar-10/train/45914.png,deer,test,4
data/raw/cifar-10/train/16746.png,automobile,test,1
data/raw/cifar-10/train/20924.png,deer,test,4
data/raw/cifar-10/train/20433.png,frog,test,6
data/raw/cifar-10/train/8368.png,horse,test,7
data/raw/cifar-10/train/46681.png,airplane,test,0
data/raw/cifar-10/train/23395.png,deer,test,4
data/raw/cifar-10/train/1776.png,ship,test,8
data/raw/cifar-10/train/15253.png,truck,test,9
data/raw/cifar-10/train/12655.png,truck,test,9
data/raw/cifar-10/train/7752.png,deer,test,4
data/raw/cifar-10/train/12265.png,automobile,test,1
data/raw/cifar-10/train/12974.png,cat,test,3
data/raw/cifar-10/train/43539.png,frog,test,6
data/raw/cifar-10/train/18524.png,deer,test,4
data/raw/cifar-10/train/22237.png,frog,test,6
data/raw/cifar-10/train/48195.png,bird,test,2
data/raw/cifar-10/train/4235.png,frog,test,6
data/raw/cifar-10/train/4836.png,cat,test,3
data/raw/cifar-10/train/15296.png,automobile,test,1
data/raw/cifar-10/train/30247.png,bird,test,2
data/raw/cifar-10/train/5149.png,frog,test,6
data/raw/cifar-10/train/22594.png,cat,test,3
data/raw/cifar-10/train/41589.png,airplane,test,0
data/raw/cifar-10/train/14092.png,cat,test,3
data/raw/cifar-10/train/48991.png,ship,test,8
data/raw/cifar-10/train/39511.png,truck,test,9
data/raw/cifar-10/train/43276.png,dog,test,5
data/raw/cifar-10/train/14001.png,deer,test,4
data/raw/cifar-10/train/4682.png,deer,test,4
data/raw/cifar-10/train/4483.png,bird,test,2
data/raw/cifar-10/train/33278.png,bird,test,2
data/raw/cifar-10/train/45935.png,horse,test,7
data/raw/cifar-10/train/7566.png,horse,test,7
data/raw/cifar-10/train/23486.png,airplane,test,0
data/raw/cifar-10/train/42683.png,cat,test,3
data/raw/cifar-10/train/24308.png,frog,test,6
data/raw/cifar-10/train/21461.png,deer,test,4
data/raw/cifar-10/train/12821.png,airplane,test,0
data/raw/cifar-10/train/27576.png,truck,test,9
data/raw/cifar-10/train/16337.png,ship,test,8
data/raw/cifar-10/train/13769.png,automobile,test,1
data/raw/cifar-10/train/5850.png,dog,test,5
data/raw/cifar-10/train/36709.png,ship,test,8
data/raw/cifar-10/train/49696.png,horse,test,7
data/raw/cifar-10/train/4452.png,dog,test,5
data/raw/cifar-10/train/49209.png,truck,test,9
data/raw/cifar-10/train/736.png,airplane,test,0
data/raw/cifar-10/train/3279.png,dog,test,5
data/raw/cifar-10/train/49390.png,ship,test,8
data/raw/cifar-10/train/32569.png,horse,test,7
data/raw/cifar-10/train/3415.png,automobile,test,1
data/raw/cifar-10/train/1800.png,automobile,test,1
data/raw/cifar-10/train/22098.png,horse,test,7
data/raw/cifar-10/train/10994.png,cat,test,3
data/raw/cifar-10/train/44621.png,automobile,test,1
data/raw/cifar-10/train/3318.png,horse,test,7
data/raw/cifar-10/train/12143.png,horse,test,7
data/raw/cifar-10/train/17082.png,horse,test,7
data/raw/cifar-10/train/27290.png,dog,test,5
data/raw/cifar-10/train/9512.png,truck,test,9
data/raw/cifar-10/train/34479.png,dog,test,5
data/raw/cifar-10/train/13880.png,bird,test,2
data/raw/cifar-10/train/8923.png,ship,test,8
data/raw/cifar-10/train/42659.png,automobile,test,1
data/raw/cifar-10/train/47966.png,frog,test,6
data/raw/cifar-10/train/8657.png,cat,test,3
data/raw/cifar-10/train/42515.png,horse,test,7
data/raw/cifar-10/train/13152.png,dog,test,5
data/raw/cifar-10/train/41555.png,deer,test,4
data/raw/cifar-10/train/7766.png,cat,test,3
data/raw/cifar-10/train/17304.png,airplane,test,0
data/raw/cifar-10/train/36103.png,automobile,test,1
data/raw/cifar-10/train/43864.png,truck,test,9
data/raw/cifar-10/train/33756.png,horse,test,7
data/raw/cifar-10/train/26211.png,cat,test,3
data/raw/cifar-10/train/2747.png,horse,test,7
data/raw/cifar-10/train/28853.png,dog,test,5
data/raw/cifar-10/train/39368.png,ship,test,8
data/raw/cifar-10/train/29947.png,dog,test,5
data/raw/cifar-10/train/21936.png,frog,test,6
data/raw/cifar-10/train/13817.png,ship,test,8
data/raw/cifar-10/train/41708.png,frog,test,6
data/raw/cifar-10/train/4416.png,frog,test,6
data/raw/cifar-10/train/29550.png,dog,test,5
data/raw/cifar-10/train/9343.png,deer,test,4
data/raw/cifar-10/train/2644.png,ship,test,8
data/raw/cifar-10/train/33898.png,automobile,test,1
data/raw/cifar-10/train/24915.png,dog,test,5
data/raw/cifar-10/train/22849.png,dog,test,5
data/raw/cifar-10/train/20472.png,airplane,test,0
data/raw/cifar-10/train/28380.png,truck,test,9
data/raw/cifar-10/train/40676.png,frog,test,6
data/raw/cifar-10/train/14644.png,automobile,test,1
data/raw/cifar-10/train/2839.png,truck,test,9
data/raw/cifar-10/train/43644.png,horse,test,7
data/raw/cifar-10/train/41350.png,cat,test,3
data/raw/cifar-10/train/22541.png,airplane,test,0
data/raw/cifar-10/train/24972.png,airplane,test,0
data/raw/cifar-10/train/32431.png,bird,test,2
data/raw/cifar-10/train/45337.png,horse,test,7
data/raw/cifar-10/train/46788.png,ship,test,8
data/raw/cifar-10/train/274.png,truck,test,9
data/raw/cifar-10/train/28279.png,deer,test,4
data/raw/cifar-10/train/39756.png,horse,test,7
data/raw/cifar-10/train/6144.png,ship,test,8
data/raw/cifar-10/train/47121.png,deer,test,4
data/raw/cifar-10/train/19179.png,deer,test,4
data/raw/cifar-10/train/46126.png,bird,test,2
data/raw/cifar-10/train/34457.png,truck,test,9
data/raw/cifar-10/train/45109.png,dog,test,5
data/raw/cifar-10/train/26514.png,frog,test,6
data/raw/cifar-10/train/37172.png,deer,test,4
data/raw/cifar-10/train/42639.png,truck,test,9
data/raw/cifar-10/train/12599.png,cat,test,3
data/raw/cifar-10/train/13440.png,cat,test,3
data/raw/cifar-10/train/35089.png,ship,test,8
data/raw/cifar-10/train/9536.png,automobile,test,1
data/raw/cifar-10/train/43478.png,frog,test,6
data/raw/cifar-10/train/1810.png,frog,test,6
data/raw/cifar-10/train/14633.png,dog,test,5
data/raw/cifar-10/train/46270.png,truck,test,9
data/raw/cifar-10/train/36036.png,dog,test,5
data/raw/cifar-10/train/35885.png,automobile,test,1
data/raw/cifar-10/train/19386.png,deer,test,4
data/raw/cifar-10/train/20662.png,automobile,test,1
data/raw/cifar-10/train/34530.png,bird,test,2
data/raw/cifar-10/train/45694.png,frog,test,6
data/raw/cifar-10/train/39431.png,deer,test,4
data/raw/cifar-10/train/11735.png,airplane,test,0
data/raw/cifar-10/train/24535.png,airplane,test,0
data/raw/cifar-10/train/29386.png,frog,test,6
data/raw/cifar-10/train/4363.png,dog,test,5
data/raw/cifar-10/train/23366.png,cat,test,3
data/raw/cifar-10/train/40467.png,frog,test,6
data/raw/cifar-10/train/2352.png,truck,test,9
data/raw/cifar-10/train/23334.png,truck,test,9
data/raw/cifar-10/train/14820.png,bird,test,2
data/raw/cifar-10/train/11074.png,airplane,test,0
data/raw/cifar-10/train/9738.png,cat,test,3
data/raw/cifar-10/train/2156.png,deer,test,4
data/raw/cifar-10/train/15917.png,horse,test,7
data/raw/cifar-10/train/19524.png,truck,test,9
data/raw/cifar-10/train/35172.png,ship,test,8
data/raw/cifar-10/train/26251.png,ship,test,8
data/raw/cifar-10/train/16586.png,frog,test,6
data/raw/cifar-10/train/45639.png,frog,test,6
data/raw/cifar-10/train/9085.png,frog,test,6
data/raw/cifar-10/train/19222.png,cat,test,3
data/raw/cifar-10/train/11866.png,truck,test,9
data/raw/cifar-10/train/32513.png,ship,test,8
data/raw/cifar-10/train/22407.png,cat,test,3
data/raw/cifar-10/train/14239.png,automobile,test,1
data/raw/cifar-10/train/33833.png,automobile,test,1
data/raw/cifar-10/train/9966.png,automobile,test,1
data/raw/cifar-10/train/18194.png,ship,test,8
data/raw/cifar-10/train/33881.png,cat,test,3
data/raw/cifar-10/train/27633.png,frog,test,6
data/raw/cifar-10/train/202.png,automobile,test,1
data/raw/cifar-10/train/6076.png,airplane,test,0
data/raw/cifar-10/train/47205.png,cat,test,3
data/raw/cifar-10/train/18953.png,bird,test,2
data/raw/cifar-10/train/17682.png,deer,test,4
data/raw/cifar-10/train/32483.png,bird,test,2
data/raw/cifar-10/train/25318.png,truck,test,9
data/raw/cifar-10/train/21777.png,dog,test,5
data/raw/cifar-10/train/27292.png,truck,test,9
data/raw/cifar-10/train/20805.png,truck,test,9
data/raw/cifar-10/train/46196.png,truck,test,9
data/raw/cifar-10/train/2982.png,horse,test,7
data/raw/cifar-10/train/41926.png,bird,test,2
data/raw/cifar-10/train/26161.png,cat,test,3
data/raw/cifar-10/train/37012.png,dog,test,5
data/raw/cifar-10/train/42499.png,automobile,test,1
data/raw/cifar-10/train/1542.png,automobile,test,1
data/raw/cifar-10/train/6248.png,ship,test,8
data/raw/cifar-10/train/45378.png,automobile,test,1
data/raw/cifar-10/train/14928.png,automobile,test,1
data/raw/cifar-10/train/40112.png,deer,test,4
data/raw/cifar-10/train/14220.png,horse,test,7
data/raw/cifar-10/train/6461.png,horse,test,7
data/raw/cifar-10/train/1576.png,deer,test,4
data/raw/cifar-10/train/27733.png,dog,test,5
data/raw/cifar-10/train/26321.png,automobile,test,1
data/raw/cifar-10/train/38447.png,automobile,test,1
data/raw/cifar-10/train/46668.png,dog,test,5
data/raw/cifar-10/train/9785.png,frog,test,6
data/raw/cifar-10/train/33660.png,horse,test,7
data/raw/cifar-10/train/26290.png,truck,test,9
data/raw/cifar-10/train/39223.png,bird,test,2
data/raw/cifar-10/train/26148.png,ship,test,8
data/raw/cifar-10/train/16432.png,dog,test,5
data/raw/cifar-10/train/23455.png,ship,test,8
data/raw/cifar-10/train/44201.png,deer,test,4
data/raw/cifar-10/train/4218.png,frog,test,6
data/raw/cifar-10/train/239.png,automobile,test,1
data/raw/cifar-10/train/32185.png,dog,test,5
data/raw/cifar-10/train/38065.png,automobile,test,1
data/raw/cifar-10/train/46294.png,bird,test,2
data/raw/cifar-10/train/18833.png,automobile,test,1
data/raw/cifar-10/train/16632.png,truck,test,9
data/raw/cifar-10/train/44292.png,deer,test,4
data/raw/cifar-10/train/17882.png,ship,test,8
data/raw/cifar-10/train/17413.png,deer,test,4
data/raw/cifar-10/train/21759.png,airplane,test,0
data/raw/cifar-10/train/24322.png,frog,test,6
data/raw/cifar-10/train/31511.png,automobile,test,1
data/raw/cifar-10/train/22604.png,bird,test,2
data/raw/cifar-10/train/32608.png,cat,test,3
data/raw/cifar-10/train/39843.png,frog,test,6
data/raw/cifar-10/train/7388.png,ship,test,8
data/raw/cifar-10/train/35704.png,frog,test,6
data/raw/cifar-10/train/22769.png,cat,test,3
data/raw/cifar-10/train/19594.png,truck,test,9
data/raw/cifar-10/train/19397.png,horse,test,7
data/raw/cifar-10/train/44850.png,airplane,test,0
data/raw/cifar-10/train/8446.png,ship,test,8
data/raw/cifar-10/train/29137.png,frog,test,6
data/raw/cifar-10/train/4811.png,frog,test,6
data/raw/cifar-10/train/205.png,frog,test,6
data/raw/cifar-10/train/33823.png,bird,test,2
data/raw/cifar-10/train/224.png,airplane,test,0
data/raw/cifar-10/train/34591.png,cat,test,3
data/raw/cifar-10/train/18272.png,airplane,test,0
data/raw/cifar-10/train/21283.png,truck,test,9
data/raw/cifar-10/train/26776.png,dog,test,5
data/raw/cifar-10/train/4531.png,cat,test,3
data/raw/cifar-10/train/9180.png,automobile,test,1
data/raw/cifar-10/train/24020.png,bird,test,2
data/raw/cifar-10/train/27032.png,deer,test,4
data/raw/cifar-10/train/38924.png,deer,test,4
data/raw/cifar-10/train/30859.png,bird,test,2
data/raw/cifar-10/train/40468.png,dog,test,5
data/raw/cifar-10/train/6311.png,truck,test,9
data/raw/cifar-10/train/16635.png,airplane,test,0
data/raw/cifar-10/train/24806.png,bird,test,2
data/raw/cifar-10/train/4425.png,dog,test,5
data/raw/cifar-10/train/14465.png,ship,test,8
data/raw/cifar-10/train/49768.png,ship,test,8
data/raw/cifar-10/train/32374.png,deer,test,4
data/raw/cifar-10/train/198.png,cat,test,3
data/raw/cifar-10/train/27777.png,dog,test,5
data/raw/cifar-10/train/21735.png,dog,test,5
data/raw/cifar-10/train/3822.png,deer,test,4
data/raw/cifar-10/train/12879.png,truck,test,9
data/raw/cifar-10/train/45608.png,frog,test,6
data/raw/cifar-10/train/38126.png,frog,test,6
data/raw/cifar-10/train/45131.png,horse,test,7
data/raw/cifar-10/train/49954.png,ship,test,8
data/raw/cifar-10/train/16611.png,dog,test,5
data/raw/cifar-10/train/1105.png,cat,test,3
data/raw/cifar-10/train/15388.png,frog,test,6
data/raw/cifar-10/train/11493.png,cat,test,3
data/raw/cifar-10/train/12381.png,bird,test,2
data/raw/cifar-10/train/12915.png,automobile,test,1
data/raw/cifar-10/train/40839.png,automobile,test,1
data/raw/cifar-10/train/16842.png,frog,test,6
data/raw/cifar-10/train/35087.png,automobile,test,1
data/raw/cifar-10/train/46391.png,truck,test,9
data/raw/cifar-10/train/36227.png,cat,test,3
data/raw/cifar-10/train/17023.png,ship,test,8
data/raw/cifar-10/train/41540.png,truck,test,9
data/raw/cifar-10/train/37284.png,bird,test,2
data/raw/cifar-10/train/39783.png,horse,test,7
data/raw/cifar-10/train/16065.png,frog,test,6
data/raw/cifar-10/train/9544.png,frog,test,6
data/raw/cifar-10/train/33005.png,deer,test,4
data/raw/cifar-10/train/37202.png,truck,test,9
data/raw/cifar-10/train/30874.png,truck,test,9
data/raw/cifar-10/train/27674.png,cat,test,3
data/raw/cifar-10/train/25551.png,dog,test,5
data/raw/cifar-10/train/20002.png,dog,test,5
data/raw/cifar-10/train/22170.png,horse,test,7
data/raw/cifar-10/train/25491.png,cat,test,3
data/raw/cifar-10/train/2246.png,deer,test,4
data/raw/cifar-10/train/32962.png,deer,test,4
data/raw/cifar-10/train/37117.png,deer,test,4
data/raw/cifar-10/train/2089.png,deer,test,4
data/raw/cifar-10/train/12651.png,ship,test,8
data/raw/cifar-10/train/25416.png,bird,test,2
data/raw/cifar-10/train/36699.png,airplane,test,0
data/raw/cifar-10/train/9782.png,automobile,test,1
data/raw/cifar-10/train/36256.png,ship,test,8
data/raw/cifar-10/train/13830.png,dog,test,5
data/raw/cifar-10/train/26485.png,ship,test,8
data/raw/cifar-10/train/45476.png,automobile,test,1
data/raw/cifar-10/train/18992.png,ship,test,8
data/raw/cifar-10/train/2716.png,horse,test,7
data/raw/cifar-10/train/3729.png,cat,test,3
data/raw/cifar-10/train/36101.png,airplane,test,0
data/raw/cifar-10/train/5112.png,bird,test,2
data/raw/cifar-10/train/2782.png,cat,test,3
data/raw/cifar-10/train/41950.png,horse,test,7
data/raw/cifar-10/train/33798.png,airplane,test,0
data/raw/cifar-10/train/2485.png,bird,test,2
data/raw/cifar-10/train/48853.png,airplane,test,0
data/raw/cifar-10/train/7315.png,horse,test,7
data/raw/cifar-10/train/46226.png,truck,test,9
data/raw/cifar-10/train/9583.png,automobile,test,1
data/raw/cifar-10/train/12830.png,dog,test,5
data/raw/cifar-10/train/29545.png,airplane,test,0
data/raw/cifar-10/train/33749.png,automobile,test,1
data/raw/cifar-10/train/49440.png,airplane,test,0
data/raw/cifar-10/train/2286.png,ship,test,8
data/raw/cifar-10/train/11089.png,horse,test,7
data/raw/cifar-10/train/32434.png,horse,test,7
data/raw/cifar-10/train/3500.png,dog,test,5
data/raw/cifar-10/train/9141.png,airplane,test,0
data/raw/cifar-10/train/14934.png,deer,test,4
data/raw/cifar-10/train/34751.png,airplane,test,0
data/raw/cifar-10/train/28961.png,truck,test,9
data/raw/cifar-10/train/11277.png,airplane,test,0
data/raw/cifar-10/train/8276.png,bird,test,2
data/raw/cifar-10/train/27214.png,deer,test,4
data/raw/cifar-10/train/31629.png,ship,test,8
data/raw/cifar-10/train/11131.png,automobile,test,1
data/raw/cifar-10/train/8661.png,airplane,test,0
data/raw/cifar-10/train/44891.png,ship,test,8
data/raw/cifar-10/train/7058.png,dog,test,5
data/raw/cifar-10/train/12198.png,ship,test,8
data/raw/cifar-10/train/9344.png,cat,test,3
data/raw/cifar-10/train/21751.png,bird,test,2
data/raw/cifar-10/train/2851.png,dog,test,5
data/raw/cifar-10/train/22503.png,frog,test,6
data/raw/cifar-10/train/38110.png,horse,test,7
data/raw/cifar-10/train/34346.png,cat,test,3
data/raw/cifar-10/train/27660.png,deer,test,4
data/raw/cifar-10/train/17698.png,frog,test,6
data/raw/cifar-10/train/6801.png,horse,test,7
data/raw/cifar-10/train/2514.png,airplane,test,0
data/raw/cifar-10/train/30590.png,deer,test,4
data/raw/cifar-10/train/1534.png,bird,test,2
data/raw/cifar-10/train/39337.png,ship,test,8
data/raw/cifar-10/train/654.png,dog,test,5
data/raw/cifar-10/train/47166.png,frog,test,6
data/raw/cifar-10/train/18508.png,deer,test,4
data/raw/cifar-10/train/26570.png,frog,test,6
data/raw/cifar-10/train/42606.png,bird,test,2
data/raw/cifar-10/train/6988.png,frog,test,6
data/raw/cifar-10/train/23310.png,deer,test,4
data/raw/cifar-10/train/47407.png,horse,test,7
data/raw/cifar-10/train/41973.png,bird,test,2
data/raw/cifar-10/train/47764.png,airplane,test,0
data/raw/cifar-10/train/38193.png,automobile,test,1
data/raw/cifar-10/train/18161.png,automobile,test,1
data/raw/cifar-10/train/12065.png,automobile,test,1
data/raw/cifar-10/train/42438.png,automobile,test,1
data/raw/cifar-10/train/46504.png,cat,test,3
data/raw/cifar-10/train/1194.png,dog,test,5
data/raw/cifar-10/train/18334.png,automobile,test,1
data/raw/cifar-10/train/27925.png,ship,test,8
data/raw/cifar-10/train/49924.png,frog,test,6
data/raw/cifar-10/train/11186.png,dog,test,5
data/raw/cifar-10/train/32523.png,airplane,test,0
data/raw/cifar-10/train/34893.png,ship,test,8
data/raw/cifar-10/train/38644.png,automobile,test,1
data/raw/cifar-10/train/45418.png,dog,test,5
data/raw/cifar-10/train/5230.png,deer,test,4
data/raw/cifar-10/train/38928.png,ship,test,8
data/raw/cifar-10/train/751.png,dog,test,5
data/raw/cifar-10/train/7639.png,frog,test,6
data/raw/cifar-10/train/29776.png,dog,test,5
data/raw/cifar-10/train/5653.png,horse,test,7
data/raw/cifar-10/train/16367.png,cat,test,3
data/raw/cifar-10/train/17684.png,ship,test,8
data/raw/cifar-10/train/37357.png,frog,test,6
data/raw/cifar-10/train/17592.png,dog,test,5
data/raw/cifar-10/train/43424.png,ship,test,8
data/raw/cifar-10/train/9339.png,cat,test,3
data/raw/cifar-10/train/35225.png,ship,test,8
data/raw/cifar-10/train/39091.png,dog,test,5
data/raw/cifar-10/train/15251.png,ship,test,8
data/raw/cifar-10/train/42375.png,frog,test,6
data/raw/cifar-10/train/19020.png,frog,test,6
data/raw/cifar-10/train/46560.png,truck,test,9
data/raw/cifar-10/train/2852.png,automobile,test,1
data/raw/cifar-10/train/3000.png,deer,test,4
data/raw/cifar-10/train/46255.png,bird,test,2
data/raw/cifar-10/train/40984.png,ship,test,8
data/raw/cifar-10/train/30047.png,dog,test,5
data/raw/cifar-10/train/17349.png,ship,test,8
data/raw/cifar-10/train/3269.png,ship,test,8
data/raw/cifar-10/train/9098.png,truck,test,9
data/raw/cifar-10/train/43500.png,deer,test,4
data/raw/cifar-10/train/7946.png,horse,test,7
data/raw/cifar-10/train/6438.png,deer,test,4
data/raw/cifar-10/train/21342.png,deer,test,4
data/raw/cifar-10/train/49830.png,frog,test,6
data/raw/cifar-10/train/2987.png,cat,test,3
data/raw/cifar-10/train/32002.png,dog,test,5
data/raw/cifar-10/train/27100.png,automobile,test,1
data/raw/cifar-10/train/22516.png,bird,test,2
data/raw/cifar-10/train/24733.png,frog,test,6
data/raw/cifar-10/train/19766.png,automobile,test,1
data/raw/cifar-10/train/8435.png,cat,test,3
data/raw/cifar-10/train/9705.png,truck,test,9
data/raw/cifar-10/train/2151.png,frog,test,6
data/raw/cifar-10/train/10851.png,truck,test,9
data/raw/cifar-10/train/4021.png,cat,test,3
data/raw/cifar-10/train/14584.png,bird,test,2
data/raw/cifar-10/train/49480.png,ship,test,8
data/raw/cifar-10/train/32616.png,deer,test,4
data/raw/cifar-10/train/27389.png,deer,test,4
data/raw/cifar-10/train/47320.png,horse,test,7
data/raw/cifar-10/train/12037.png,horse,test,7
data/raw/cifar-10/train/6344.png,cat,test,3
data/raw/cifar-10/train/34057.png,frog,test,6
data/raw/cifar-10/train/30939.png,frog,test,6
data/raw/cifar-10/train/17605.png,frog,test,6
data/raw/cifar-10/train/32304.png,deer,test,4
data/raw/cifar-10/train/11319.png,frog,test,6
data/raw/cifar-10/train/20632.png,cat,test,3
data/raw/cifar-10/train/36647.png,deer,test,4
data/raw/cifar-10/train/1989.png,airplane,test,0
data/raw/cifar-10/train/30037.png,horse,test,7
data/raw/cifar-10/train/41168.png,airplane,test,0
data/raw/cifar-10/train/32781.png,dog,test,5
data/raw/cifar-10/train/37090.png,deer,test,4
data/raw/cifar-10/train/7479.png,cat,test,3
data/raw/cifar-10/train/14332.png,dog,test,5
data/raw/cifar-10/train/23701.png,cat,test,3
data/raw/cifar-10/train/26472.png,automobile,test,1
data/raw/cifar-10/train/46796.png,bird,test,2
data/raw/cifar-10/train/13898.png,automobile,test,1
data/raw/cifar-10/train/26197.png,horse,test,7
data/raw/cifar-10/train/6720.png,airplane,test,0
data/raw/cifar-10/train/27997.png,frog,test,6
data/raw/cifar-10/train/17859.png,frog,test,6
data/raw/cifar-10/train/25176.png,bird,test,2
data/raw/cifar-10/train/26903.png,deer,test,4
data/raw/cifar-10/train/7753.png,truck,test,9
data/raw/cifar-10/train/40442.png,deer,test,4
data/raw/cifar-10/train/46466.png,horse,test,7
data/raw/cifar-10/train/42005.png,ship,test,8
data/raw/cifar-10/train/44312.png,automobile,test,1
data/raw/cifar-10/train/34941.png,automobile,test,1
data/raw/cifar-10/train/48637.png,automobile,test,1
data/raw/cifar-10/train/47773.png,automobile,test,1
data/raw/cifar-10/train/43621.png,deer,test,4
data/raw/cifar-10/train/42691.png,frog,test,6
data/raw/cifar-10/train/38688.png,truck,test,9
data/raw/cifar-10/train/46128.png,automobile,test,1
data/raw/cifar-10/train/10379.png,bird,test,2
data/raw/cifar-10/train/5350.png,airplane,test,0
data/raw/cifar-10/train/42208.png,ship,test,8
data/raw/cifar-10/train/3521.png,bird,test,2
data/raw/cifar-10/train/7323.png,deer,test,4
data/raw/cifar-10/train/8464.png,dog,test,5
data/raw/cifar-10/train/11101.png,airplane,test,0
data/raw/cifar-10/train/9589.png,bird,test,2
data/raw/cifar-10/train/18741.png,truck,test,9
data/raw/cifar-10/train/23892.png,airplane,test,0
data/raw/cifar-10/train/31366.png,deer,test,4
data/raw/cifar-10/train/26477.png,frog,test,6
data/raw/cifar-10/train/41254.png,ship,test,8
data/raw/cifar-10/train/674.png,bird,test,2
data/raw/cifar-10/train/1072.png,horse,test,7
data/raw/cifar-10/train/26611.png,truck,test,9
data/raw/cifar-10/train/27231.png,horse,test,7
data/raw/cifar-10/train/11256.png,airplane,test,0
data/raw/cifar-10/train/37063.png,airplane,test,0
data/raw/cifar-10/train/11073.png,dog,test,5
data/raw/cifar-10/train/4405.png,frog,test,6
data/raw/cifar-10/train/30664.png,bird,test,2
data/raw/cifar-10/train/21346.png,airplane,test,0
data/raw/cifar-10/train/10579.png,airplane,test,0
data/raw/cifar-10/train/43549.png,airplane,test,0
data/raw/cifar-10/train/3741.png,ship,test,8
data/raw/cifar-10/train/13627.png,bird,test,2
data/raw/cifar-10/train/28898.png,airplane,test,0
data/raw/cifar-10/train/6289.png,truck,test,9
data/raw/cifar-10/train/26441.png,ship,test,8
data/raw/cifar-10/train/21647.png,ship,test,8
data/raw/cifar-10/train/28722.png,horse,test,7
data/raw/cifar-10/train/33168.png,deer,test,4
data/raw/cifar-10/train/10642.png,deer,test,4
data/raw/cifar-10/train/481.png,truck,test,9
data/raw/cifar-10/train/23419.png,frog,test,6
data/raw/cifar-10/train/3671.png,ship,test,8
data/raw/cifar-10/train/24202.png,bird,test,2
data/raw/cifar-10/train/22430.png,horse,test,7
data/raw/cifar-10/train/42889.png,frog,test,6
data/raw/cifar-10/train/38778.png,truck,test,9
data/raw/cifar-10/train/14572.png,truck,test,9
data/raw/cifar-10/train/38459.png,ship,test,8
data/raw/cifar-10/train/1718.png,dog,test,5
data/raw/cifar-10/train/1196.png,airplane,test,0
data/raw/cifar-10/train/1629.png,frog,test,6
data/raw/cifar-10/train/37071.png,truck,test,9
data/raw/cifar-10/train/28943.png,cat,test,3
data/raw/cifar-10/train/15530.png,bird,test,2
data/raw/cifar-10/train/11078.png,dog,test,5
data/raw/cifar-10/train/48935.png,dog,test,5
data/raw/cifar-10/train/9729.png,truck,test,9
data/raw/cifar-10/train/32187.png,deer,test,4
data/raw/cifar-10/train/43148.png,deer,test,4
data/raw/cifar-10/train/4440.png,cat,test,3
data/raw/cifar-10/train/37391.png,automobile,test,1
data/raw/cifar-10/train/5423.png,automobile,test,1
data/raw/cifar-10/train/36771.png,ship,test,8
data/raw/cifar-10/train/40789.png,cat,test,3
data/raw/cifar-10/train/30188.png,horse,test,7
data/raw/cifar-10/train/47962.png,frog,test,6
data/raw/cifar-10/train/5030.png,deer,test,4
data/raw/cifar-10/train/14647.png,bird,test,2
data/raw/cifar-10/train/43831.png,horse,test,7
data/raw/cifar-10/train/49128.png,ship,test,8
data/raw/cifar-10/train/36038.png,horse,test,7
data/raw/cifar-10/train/46360.png,automobile,test,1
data/raw/cifar-10/train/18072.png,truck,test,9
data/raw/cifar-10/train/24274.png,truck,test,9
data/raw/cifar-10/train/2759.png,truck,test,9
data/raw/cifar-10/train/17149.png,dog,test,5
data/raw/cifar-10/train/10832.png,dog,test,5
data/raw/cifar-10/train/9262.png,truck,test,9
data/raw/cifar-10/train/36119.png,truck,test,9
data/raw/cifar-10/train/25101.png,automobile,test,1
data/raw/cifar-10/train/6306.png,bird,test,2
data/raw/cifar-10/train/10427.png,deer,test,4
data/raw/cifar-10/train/8403.png,truck,test,9
data/raw/cifar-10/train/16107.png,frog,test,6
data/raw/cifar-10/train/31995.png,dog,test,5
data/raw/cifar-10/train/25532.png,airplane,test,0
data/raw/cifar-10/train/32536.png,deer,test,4
data/raw/cifar-10/train/29754.png,truck,test,9
data/raw/cifar-10/train/13947.png,deer,test,4
data/raw/cifar-10/train/16623.png,bird,test,2
data/raw/cifar-10/train/17694.png,bird,test,2
data/raw/cifar-10/train/48139.png,automobile,test,1
data/raw/cifar-10/train/41632.png,truck,test,9
data/raw/cifar-10/train/34156.png,cat,test,3
data/raw/cifar-10/train/24735.png,bird,test,2
data/raw/cifar-10/train/20735.png,frog,test,6
data/raw/cifar-10/train/10727.png,dog,test,5
data/raw/cifar-10/train/42148.png,bird,test,2
data/raw/cifar-10/train/42344.png,truck,test,9
data/raw/cifar-10/train/21740.png,cat,test,3
data/raw/cifar-10/train/20848.png,frog,test,6
data/raw/cifar-10/train/35774.png,truck,test,9
data/raw/cifar-10/train/17303.png,bird,test,2
data/raw/cifar-10/train/986.png,frog,test,6
data/raw/cifar-10/train/41113.png,ship,test,8
data/raw/cifar-10/train/29845.png,airplane,test,0
data/raw/cifar-10/train/48212.png,deer,test,4
data/raw/cifar-10/train/16474.png,ship,test,8
data/raw/cifar-10/train/9267.png,automobile,test,1
data/raw/cifar-10/train/9366.png,automobile,test,1
data/raw/cifar-10/train/45499.png,truck,test,9
data/raw/cifar-10/train/35772.png,bird,test,2
data/raw/cifar-10/train/20617.png,automobile,test,1
data/raw/cifar-10/train/10114.png,frog,test,6
data/raw/cifar-10/train/43066.png,cat,test,3
data/raw/cifar-10/train/10742.png,airplane,test,0
data/raw/cifar-10/train/42012.png,cat,test,3
data/raw/cifar-10/train/2269.png,automobile,test,1
data/raw/cifar-10/train/2694.png,bird,test,2
data/raw/cifar-10/train/40502.png,frog,test,6
data/raw/cifar-10/train/25723.png,dog,test,5
data/raw/cifar-10/train/10050.png,automobile,test,1
data/raw/cifar-10/train/7283.png,ship,test,8
data/raw/cifar-10/train/32486.png,horse,test,7
data/raw/cifar-10/train/20629.png,frog,test,6
data/raw/cifar-10/train/26111.png,bird,test,2
data/raw/cifar-10/train/5184.png,cat,test,3
data/raw/cifar-10/train/14914.png,truck,test,9
data/raw/cifar-10/train/48925.png,airplane,test,0
data/raw/cifar-10/train/48362.png,frog,test,6
data/raw/cifar-10/train/48560.png,truck,test,9
data/raw/cifar-10/train/22328.png,horse,test,7
data/raw/cifar-10/train/7365.png,dog,test,5
data/raw/cifar-10/train/18619.png,frog,test,6
data/raw/cifar-10/train/12775.png,automobile,test,1
data/raw/cifar-10/train/42406.png,dog,test,5
data/raw/cifar-10/train/5516.png,automobile,test,1
data/raw/cifar-10/train/33632.png,dog,test,5
data/raw/cifar-10/train/14030.png,bird,test,2
data/raw/cifar-10/train/42363.png,truck,test,9
data/raw/cifar-10/train/26475.png,automobile,test,1
data/raw/cifar-10/train/7312.png,airplane,test,0
data/raw/cifar-10/train/43090.png,automobile,test,1
data/raw/cifar-10/train/13483.png,horse,test,7
data/raw/cifar-10/train/35227.png,bird,test,2
data/raw/cifar-10/train/19693.png,frog,test,6
data/raw/cifar-10/train/46100.png,automobile,test,1
data/raw/cifar-10/train/30074.png,truck,test,9
data/raw/cifar-10/train/30218.png,ship,test,8
data/raw/cifar-10/train/4925.png,deer,test,4
data/raw/cifar-10/train/24123.png,horse,test,7
data/raw/cifar-10/train/8724.png,ship,test,8
data/raw/cifar-10/train/16244.png,cat,test,3
data/raw/cifar-10/train/22041.png,airplane,test,0
data/raw/cifar-10/train/29728.png,horse,test,7
data/raw/cifar-10/train/37805.png,cat,test,3
data/raw/cifar-10/train/4413.png,ship,test,8
data/raw/cifar-10/train/27982.png,airplane,test,0
data/raw/cifar-10/train/48922.png,truck,test,9
data/raw/cifar-10/train/10289.png,ship,test,8
data/raw/cifar-10/train/36697.png,frog,test,6
data/raw/cifar-10/train/34853.png,deer,test,4
data/raw/cifar-10/train/18427.png,frog,test,6
data/raw/cifar-10/train/30741.png,bird,test,2
data/raw/cifar-10/train/1461.png,dog,test,5
data/raw/cifar-10/train/31560.png,dog,test,5
data/raw/cifar-10/train/37124.png,deer,test,4
data/raw/cifar-10/train/153.png,horse,test,7
data/raw/cifar-10/train/19582.png,automobile,test,1
data/raw/cifar-10/train/35716.png,cat,test,3
data/raw/cifar-10/train/49756.png,bird,test,2
data/raw/cifar-10/train/46124.png,frog,test,6
data/raw/cifar-10/train/29528.png,automobile,test,1
data/raw/cifar-10/train/16928.png,frog,test,6
data/raw/cifar-10/train/41135.png,cat,test,3
data/raw/cifar-10/train/27295.png,horse,test,7
data/raw/cifar-10/train/1960.png,frog,test,6
data/raw/cifar-10/train/33966.png,dog,test,5
data/raw/cifar-10/train/10925.png,dog,test,5
data/raw/cifar-10/train/38866.png,frog,test,6
data/raw/cifar-10/train/21730.png,truck,test,9
data/raw/cifar-10/train/39770.png,automobile,test,1
data/raw/cifar-10/train/34693.png,deer,test,4
data/raw/cifar-10/train/33821.png,dog,test,5
data/raw/cifar-10/train/47937.png,bird,test,2
data/raw/cifar-10/train/11506.png,ship,test,8
data/raw/cifar-10/train/15043.png,automobile,test,1
data/raw/cifar-10/train/7025.png,deer,test,4
data/raw/cifar-10/train/32037.png,bird,test,2
data/raw/cifar-10/train/30033.png,horse,test,7
data/raw/cifar-10/train/1879.png,airplane,test,0
data/raw/cifar-10/train/5803.png,horse,test,7
data/raw/cifar-10/train/11570.png,ship,test,8
data/raw/cifar-10/train/46886.png,frog,test,6
data/raw/cifar-10/train/10879.png,dog,test,5
data/raw/cifar-10/train/20737.png,automobile,test,1
data/raw/cifar-10/train/48529.png,automobile,test,1
data/raw/cifar-10/train/33888.png,truck,test,9
data/raw/cifar-10/train/38547.png,bird,test,2
data/raw/cifar-10/train/18794.png,horse,test,7
data/raw/cifar-10/train/43757.png,deer,test,4
data/raw/cifar-10/train/15831.png,frog,test,6
data/raw/cifar-10/train/27762.png,cat,test,3
data/raw/cifar-10/train/44181.png,ship,test,8
data/raw/cifar-10/train/44993.png,automobile,test,1
data/raw/cifar-10/train/5435.png,deer,test,4
data/raw/cifar-10/train/29138.png,horse,test,7
data/raw/cifar-10/train/33099.png,cat,test,3
data/raw/cifar-10/train/28199.png,horse,test,7
data/raw/cifar-10/train/37522.png,dog,test,5
data/raw/cifar-10/train/37254.png,automobile,test,1
data/raw/cifar-10/train/24163.png,truck,test,9
data/raw/cifar-10/train/1183.png,deer,test,4
data/raw/cifar-10/train/22866.png,cat,test,3
data/raw/cifar-10/train/34351.png,deer,test,4
data/raw/cifar-10/train/34466.png,cat,test,3
data/raw/cifar-10/train/16571.png,bird,test,2
data/raw/cifar-10/train/6610.png,airplane,test,0
data/raw/cifar-10/train/11649.png,horse,test,7
data/raw/cifar-10/train/40161.png,cat,test,3
data/raw/cifar-10/train/41395.png,cat,test,3
data/raw/cifar-10/train/14142.png,ship,test,8
data/raw/cifar-10/train/38191.png,airplane,test,0
data/raw/cifar-10/train/34140.png,frog,test,6
data/raw/cifar-10/train/33469.png,frog,test,6
data/raw/cifar-10/train/12026.png,automobile,test,1
data/raw/cifar-10/train/40404.png,bird,test,2
data/raw/cifar-10/train/11122.png,dog,test,5
data/raw/cifar-10/train/23254.png,cat,test,3
data/raw/cifar-10/train/15472.png,cat,test,3
data/raw/cifar-10/train/34732.png,truck,test,9
data/raw/cifar-10/train/4118.png,cat,test,3
data/raw/cifar-10/train/2132.png,deer,test,4
data/raw/cifar-10/train/15655.png,bird,test,2
data/raw/cifar-10/train/23556.png,truck,test,9
data/raw/cifar-10/train/38215.png,ship,test,8
data/raw/cifar-10/train/10368.png,deer,test,4
data/raw/cifar-10/train/36513.png,truck,test,9
data/raw/cifar-10/train/21955.png,truck,test,9
data/raw/cifar-10/train/43992.png,dog,test,5
data/raw/cifar-10/train/22223.png,horse,test,7
data/raw/cifar-10/train/27620.png,cat,test,3
data/raw/cifar-10/train/14495.png,cat,test,3
data/raw/cifar-10/train/16261.png,horse,test,7
data/raw/cifar-10/train/48330.png,truck,test,9
data/raw/cifar-10/train/26561.png,dog,test,5
data/raw/cifar-10/train/34004.png,dog,test,5
data/raw/cifar-10/train/16416.png,bird,test,2
data/raw/cifar-10/train/20125.png,airplane,test,0
data/raw/cifar-10/train/43694.png,dog,test,5
data/raw/cifar-10/train/19912.png,automobile,test,1
data/raw/cifar-10/train/797.png,bird,test,2
data/raw/cifar-10/train/1784.png,horse,test,7
data/raw/cifar-10/train/1008.png,deer,test,4
data/raw/cifar-10/train/38686.png,deer,test,4
data/raw/cifar-10/train/20372.png,cat,test,3
data/raw/cifar-10/train/3689.png,deer,test,4
data/raw/cifar-10/train/48703.png,bird,test,2
data/raw/cifar-10/train/45899.png,ship,test,8
data/raw/cifar-10/train/5691.png,dog,test,5
data/raw/cifar-10/train/40546.png,bird,test,2
data/raw/cifar-10/train/42255.png,ship,test,8
data/raw/cifar-10/train/37902.png,deer,test,4
data/raw/cifar-10/train/42006.png,dog,test,5
data/raw/cifar-10/train/37018.png,truck,test,9
data/raw/cifar-10/train/42658.png,cat,test,3
data/raw/cifar-10/train/49704.png,dog,test,5
data/raw/cifar-10/train/1561.png,airplane,test,0
data/raw/cifar-10/train/18579.png,airplane,test,0
data/raw/cifar-10/train/29351.png,horse,test,7
data/raw/cifar-10/train/24569.png,horse,test,7
data/raw/cifar-10/train/44311.png,ship,test,8
data/raw/cifar-10/train/38767.png,bird,test,2
data/raw/cifar-10/train/7321.png,airplane,test,0
data/raw/cifar-10/train/3374.png,cat,test,3
data/raw/cifar-10/train/35102.png,cat,test,3
data/raw/cifar-10/train/9861.png,airplane,test,0
data/raw/cifar-10/train/25186.png,cat,test,3
data/raw/cifar-10/train/25738.png,ship,test,8
data/raw/cifar-10/train/42738.png,cat,test,3
data/raw/cifar-10/train/9549.png,horse,test,7
data/raw/cifar-10/train/26554.png,horse,test,7
data/raw/cifar-10/train/21434.png,bird,test,2
data/raw/cifar-10/train/14993.png,dog,test,5
data/raw/cifar-10/train/37171.png,truck,test,9
data/raw/cifar-10/train/34985.png,cat,test,3
data/raw/cifar-10/train/25466.png,dog,test,5
data/raw/cifar-10/train/22302.png,dog,test,5
data/raw/cifar-10/train/8685.png,dog,test,5
data/raw/cifar-10/train/24934.png,deer,test,4
data/raw/cifar-10/train/46136.png,automobile,test,1
data/raw/cifar-10/train/14813.png,bird,test,2
data/raw/cifar-10/train/32783.png,dog,test,5
data/raw/cifar-10/train/6709.png,truck,test,9
data/raw/cifar-10/train/36828.png,truck,test,9
data/raw/cifar-10/train/39704.png,deer,test,4
data/raw/cifar-10/train/9499.png,bird,test,2
data/raw/cifar-10/train/3050.png,airplane,test,0
data/raw/cifar-10/train/26926.png,ship,test,8
data/raw/cifar-10/train/34643.png,deer,test,4
data/raw/cifar-10/train/3868.png,dog,test,5
data/raw/cifar-10/train/36287.png,airplane,test,0
data/raw/cifar-10/train/35689.png,automobile,test,1
data/raw/cifar-10/train/11275.png,dog,test,5
data/raw/cifar-10/train/23147.png,dog,test,5
data/raw/cifar-10/train/48555.png,airplane,test,0
data/raw/cifar-10/train/28171.png,deer,test,4
data/raw/cifar-10/train/41994.png,cat,test,3
data/raw/cifar-10/train/46780.png,deer,test,4
data/raw/cifar-10/train/15589.png,truck,test,9
data/raw/cifar-10/train/18479.png,dog,test,5
data/raw/cifar-10/train/20130.png,truck,test,9
data/raw/cifar-10/train/4145.png,frog,test,6
data/raw/cifar-10/train/22234.png,truck,test,9
data/raw/cifar-10/train/4864.png,ship,test,8
data/raw/cifar-10/train/14736.png,cat,test,3
data/raw/cifar-10/train/42414.png,automobile,test,1
data/raw/cifar-10/train/31171.png,ship,test,8
data/raw/cifar-10/train/17484.png,deer,test,4
data/raw/cifar-10/train/47175.png,truck,test,9
data/raw/cifar-10/train/4357.png,bird,test,2
data/raw/cifar-10/train/49097.png,automobile,test,1
data/raw/cifar-10/train/2207.png,truck,test,9
data/raw/cifar-10/train/35670.png,cat,test,3
data/raw/cifar-10/train/18886.png,automobile,test,1
data/raw/cifar-10/train/35622.png,ship,test,8
data/raw/cifar-10/train/36284.png,truck,test,9
data/raw/cifar-10/train/24137.png,bird,test,2
data/raw/cifar-10/train/22111.png,cat,test,3
data/raw/cifar-10/train/47804.png,bird,test,2
data/raw/cifar-10/train/16689.png,truck,test,9
data/raw/cifar-10/train/17788.png,deer,test,4
data/raw/cifar-10/train/48174.png,automobile,test,1
data/raw/cifar-10/train/32553.png,truck,test,9
data/raw/cifar-10/train/26041.png,airplane,test,0
data/raw/cifar-10/train/44960.png,frog,test,6
data/raw/cifar-10/train/554.png,truck,test,9
data/raw/cifar-10/train/48993.png,dog,test,5
data/raw/cifar-10/train/29130.png,deer,test,4
data/raw/cifar-10/train/37986.png,horse,test,7
data/raw/cifar-10/train/41522.png,cat,test,3
data/raw/cifar-10/train/13275.png,ship,test,8
data/raw/cifar-10/train/13603.png,cat,test,3
data/raw/cifar-10/train/4110.png,bird,test,2
data/raw/cifar-10/train/14564.png,truck,test,9
data/raw/cifar-10/train/3793.png,cat,test,3
data/raw/cifar-10/train/282.png,bird,test,2
data/raw/cifar-10/train/48151.png,truck,test,9
data/raw/cifar-10/train/49584.png,truck,test,9
data/raw/cifar-10/train/49266.png,frog,test,6
data/raw/cifar-10/train/17222.png,airplane,test,0
data/raw/cifar-10/train/43471.png,deer,test,4
data/raw/cifar-10/train/37811.png,horse,test,7
data/raw/cifar-10/train/18064.png,automobile,test,1
data/raw/cifar-10/train/34713.png,ship,test,8
data/raw/cifar-10/train/40147.png,deer,test,4
data/raw/cifar-10/train/5413.png,horse,test,7
data/raw/cifar-10/train/2045.png,bird,test,2
data/raw/cifar-10/train/17447.png,cat,test,3
data/raw/cifar-10/train/22695.png,truck,test,9
data/raw/cifar-10/train/27001.png,airplane,test,0
data/raw/cifar-10/train/49048.png,horse,test,7
data/raw/cifar-10/train/21700.png,ship,test,8
data/raw/cifar-10/train/32586.png,deer,test,4
data/raw/cifar-10/train/6209.png,cat,test,3
data/raw/cifar-10/train/45610.png,deer,test,4
data/raw/cifar-10/train/4069.png,truck,test,9
data/raw/cifar-10/train/46477.png,deer,test,4
data/raw/cifar-10/train/17072.png,airplane,test,0
data/raw/cifar-10/train/2278.png,airplane,test,0
data/raw/cifar-10/train/44888.png,airplane,test,0
data/raw/cifar-10/train/33006.png,ship,test,8
data/raw/cifar-10/train/25303.png,bird,test,2
data/raw/cifar-10/train/8849.png,automobile,test,1
data/raw/cifar-10/train/31756.png,deer,test,4
data/raw/cifar-10/train/33334.png,dog,test,5
data/raw/cifar-10/train/9578.png,bird,test,2
data/raw/cifar-10/train/31714.png,truck,test,9
data/raw/cifar-10/train/14491.png,deer,test,4
data/raw/cifar-10/train/41434.png,automobile,test,1
data/raw/cifar-10/train/36489.png,deer,test,4
data/raw/cifar-10/train/31657.png,frog,test,6
data/raw/cifar-10/train/23803.png,dog,test,5
data/raw/cifar-10/train/19050.png,cat,test,3
data/raw/cifar-10/train/29746.png,horse,test,7
data/raw/cifar-10/train/17316.png,dog,test,5
data/raw/cifar-10/train/14845.png,automobile,test,1
data/raw/cifar-10/train/36798.png,truck,test,9
data/raw/cifar-10/train/41147.png,airplane,test,0
data/raw/cifar-10/train/31059.png,bird,test,2
data/raw/cifar-10/train/11265.png,automobile,test,1
data/raw/cifar-10/train/37253.png,dog,test,5
data/raw/cifar-10/train/48893.png,deer,test,4
data/raw/cifar-10/train/11840.png,deer,test,4
data/raw/cifar-10/train/24515.png,airplane,test,0
data/raw/cifar-10/train/44875.png,horse,test,7
data/raw/cifar-10/train/49926.png,horse,test,7
data/raw/cifar-10/train/28888.png,airplane,test,0
data/raw/cifar-10/train/38690.png,ship,test,8
data/raw/cifar-10/train/48104.png,frog,test,6
data/raw/cifar-10/train/8278.png,horse,test,7
data/raw/cifar-10/train/16008.png,deer,test,4
data/raw/cifar-10/train/24164.png,airplane,test,0
data/raw/cifar-10/train/7486.png,cat,test,3
data/raw/cifar-10/train/16227.png,truck,test,9
data/raw/cifar-10/train/12280.png,truck,test,9
data/raw/cifar-10/train/33706.png,automobile,test,1
data/raw/cifar-10/train/44155.png,dog,test,5
data/raw/cifar-10/train/3782.png,automobile,test,1
data/raw/cifar-10/train/7560.png,deer,test,4
data/raw/cifar-10/train/7364.png,bird,test,2
data/raw/cifar-10/train/11555.png,airplane,test,0
data/raw/cifar-10/train/13316.png,ship,test,8
data/raw/cifar-10/train/47530.png,automobile,test,1
data/raw/cifar-10/train/36884.png,bird,test,2
data/raw/cifar-10/train/41987.png,automobile,test,1
data/raw/cifar-10/train/10933.png,horse,test,7
data/raw/cifar-10/train/14382.png,automobile,test,1
data/raw/cifar-10/train/23203.png,cat,test,3
data/raw/cifar-10/train/581.png,ship,test,8
data/raw/cifar-10/train/11775.png,truck,test,9
data/raw/cifar-10/train/36392.png,ship,test,8
data/raw/cifar-10/train/35012.png,automobile,test,1
data/raw/cifar-10/train/22872.png,horse,test,7
data/raw/cifar-10/train/802.png,cat,test,3
data/raw/cifar-10/train/15512.png,horse,test,7
data/raw/cifar-10/train/10263.png,deer,test,4
data/raw/cifar-10/train/17760.png,frog,test,6
data/raw/cifar-10/train/26302.png,deer,test,4
data/raw/cifar-10/train/22625.png,horse,test,7
data/raw/cifar-10/train/34165.png,automobile,test,1
data/raw/cifar-10/train/16715.png,cat,test,3
data/raw/cifar-10/train/20903.png,airplane,test,0
data/raw/cifar-10/train/47060.png,dog,test,5
data/raw/cifar-10/train/13167.png,automobile,test,1
data/raw/cifar-10/train/42665.png,deer,test,4
data/raw/cifar-10/train/20569.png,airplane,test,0
data/raw/cifar-10/train/47201.png,bird,test,2
data/raw/cifar-10/train/37475.png,horse,test,7
data/raw/cifar-10/train/30210.png,automobile,test,1
data/raw/cifar-10/train/2258.png,deer,test,4
data/raw/cifar-10/train/4431.png,frog,test,6
data/raw/cifar-10/train/41498.png,cat,test,3
data/raw/cifar-10/train/44672.png,automobile,test,1
data/raw/cifar-10/train/11730.png,frog,test,6
data/raw/cifar-10/train/10254.png,frog,test,6
data/raw/cifar-10/train/7012.png,horse,test,7
data/raw/cifar-10/train/284.png,bird,test,2
data/raw/cifar-10/train/25527.png,frog,test,6
data/raw/cifar-10/train/5261.png,cat,test,3
data/raw/cifar-10/train/4041.png,automobile,test,1
data/raw/cifar-10/train/25849.png,horse,test,7
data/raw/cifar-10/train/15319.png,airplane,test,0
data/raw/cifar-10/train/3747.png,dog,test,5
data/raw/cifar-10/train/5168.png,frog,test,6
data/raw/cifar-10/train/18203.png,dog,test,5
data/raw/cifar-10/train/41374.png,ship,test,8
data/raw/cifar-10/train/44807.png,airplane,test,0
data/raw/cifar-10/train/14906.png,deer,test,4
data/raw/cifar-10/train/22729.png,bird,test,2
data/raw/cifar-10/train/46428.png,automobile,test,1
data/raw/cifar-10/train/35298.png,truck,test,9
data/raw/cifar-10/train/1590.png,airplane,test,0
data/raw/cifar-10/train/42345.png,dog,test,5
data/raw/cifar-10/train/38433.png,cat,test,3
data/raw/cifar-10/train/23005.png,airplane,test,0
data/raw/cifar-10/train/14809.png,horse,test,7
data/raw/cifar-10/train/9539.png,automobile,test,1
data/raw/cifar-10/train/22397.png,automobile,test,1
data/raw/cifar-10/train/30615.png,deer,test,4
data/raw/cifar-10/train/42169.png,bird,test,2
data/raw/cifar-10/train/15420.png,bird,test,2
data/raw/cifar-10/train/11635.png,frog,test,6
data/raw/cifar-10/train/49939.png,dog,test,5
data/raw/cifar-10/train/28871.png,dog,test,5
data/raw/cifar-10/train/18384.png,airplane,test,0
data/raw/cifar-10/train/27835.png,frog,test,6
data/raw/cifar-10/train/29626.png,bird,test,2
data/raw/cifar-10/train/11109.png,horse,test,7
data/raw/cifar-10/train/11025.png,dog,test,5
data/raw/cifar-10/train/48987.png,airplane,test,0
data/raw/cifar-10/train/39859.png,frog,test,6
data/raw/cifar-10/train/32599.png,dog,test,5
data/raw/cifar-10/train/45920.png,airplane,test,0
data/raw/cifar-10/train/10140.png,ship,test,8
data/raw/cifar-10/train/47190.png,horse,test,7
data/raw/cifar-10/train/1335.png,bird,test,2
data/raw/cifar-10/train/49663.png,truck,test,9
data/raw/cifar-10/train/47750.png,automobile,test,1
data/raw/cifar-10/train/28203.png,horse,test,7
data/raw/cifar-10/train/32610.png,ship,test,8
data/raw/cifar-10/train/8515.png,frog,test,6
data/raw/cifar-10/train/7864.png,horse,test,7
data/raw/cifar-10/train/2248.png,bird,test,2
data/raw/cifar-10/train/32802.png,dog,test,5
data/raw/cifar-10/train/47846.png,automobile,test,1
data/raw/cifar-10/train/29444.png,horse,test,7
data/raw/cifar-10/train/36204.png,horse,test,7
data/raw/cifar-10/train/34053.png,automobile,test,1
data/raw/cifar-10/train/17066.png,dog,test,5
data/raw/cifar-10/train/45772.png,ship,test,8
data/raw/cifar-10/train/42876.png,truck,test,9
data/raw/cifar-10/train/12264.png,frog,test,6
data/raw/cifar-10/train/49000.png,cat,test,3
data/raw/cifar-10/train/22225.png,dog,test,5
data/raw/cifar-10/train/43928.png,deer,test,4
data/raw/cifar-10/train/28570.png,horse,test,7
data/raw/cifar-10/train/25622.png,automobile,test,1
data/raw/cifar-10/train/17555.png,frog,test,6
data/raw/cifar-10/train/23963.png,ship,test,8
data/raw/cifar-10/train/35004.png,horse,test,7
data/raw/cifar-10/train/28213.png,airplane,test,0
data/raw/cifar-10/train/44801.png,cat,test,3
data/raw/cifar-10/train/21294.png,automobile,test,1
data/raw/cifar-10/train/5999.png,deer,test,4
data/raw/cifar-10/train/33745.png,deer,test,4
data/raw/cifar-10/train/27784.png,ship,test,8
data/raw/cifar-10/train/38802.png,bird,test,2
data/raw/cifar-10/train/19682.png,cat,test,3
data/raw/cifar-10/train/23167.png,truck,test,9
data/raw/cifar-10/train/8677.png,bird,test,2
data/raw/cifar-10/train/23856.png,ship,test,8
data/raw/cifar-10/train/11426.png,airplane,test,0
data/raw/cifar-10/train/29427.png,frog,test,6
data/raw/cifar-10/train/41481.png,dog,test,5
data/raw/cifar-10/train/4654.png,airplane,test,0
data/raw/cifar-10/train/7768.png,deer,test,4
data/raw/cifar-10/train/39037.png,deer,test,4
data/raw/cifar-10/train/38872.png,truck,test,9
data/raw/cifar-10/train/8785.png,deer,test,4
data/raw/cifar-10/train/22441.png,ship,test,8
data/raw/cifar-10/train/36148.png,frog,test,6
data/raw/cifar-10/train/5513.png,automobile,test,1
data/raw/cifar-10/train/47136.png,frog,test,6
data/raw/cifar-10/train/25612.png,automobile,test,1
data/raw/cifar-10/train/27244.png,ship,test,8
data/raw/cifar-10/train/16409.png,dog,test,5
data/raw/cifar-10/train/17004.png,cat,test,3
data/raw/cifar-10/train/38282.png,deer,test,4
data/raw/cifar-10/train/4039.png,bird,test,2
data/raw/cifar-10/train/5392.png,airplane,test,0
data/raw/cifar-10/train/9491.png,ship,test,8
data/raw/cifar-10/train/25827.png,dog,test,5
data/raw/cifar-10/train/18821.png,frog,test,6
data/raw/cifar-10/train/43556.png,automobile,test,1
data/raw/cifar-10/train/43728.png,airplane,test,0
data/raw/cifar-10/train/35279.png,frog,test,6
data/raw/cifar-10/train/12882.png,automobile,test,1
data/raw/cifar-10/train/11781.png,frog,test,6
data/raw/cifar-10/train/15233.png,frog,test,6
data/raw/cifar-10/train/13214.png,frog,test,6
data/raw/cifar-10/train/39807.png,truck,test,9
data/raw/cifar-10/train/8273.png,airplane,test,0
data/raw/cifar-10/train/47135.png,dog,test,5
data/raw/cifar-10/train/8942.png,airplane,test,0
data/raw/cifar-10/train/16522.png,airplane,test,0
data/raw/cifar-10/train/33234.png,bird,test,2
data/raw/cifar-10/train/48184.png,cat,test,3
data/raw/cifar-10/train/14968.png,automobile,test,1
data/raw/cifar-10/train/3987.png,frog,test,6
data/raw/cifar-10/train/3510.png,deer,test,4
data/raw/cifar-10/train/22770.png,airplane,test,0
data/raw/cifar-10/train/16047.png,truck,test,9
data/raw/cifar-10/train/33400.png,automobile,test,1
data/raw/cifar-10/train/40221.png,automobile,test,1
data/raw/cifar-10/train/31556.png,dog,test,5
data/raw/cifar-10/train/9205.png,deer,test,4
data/raw/cifar-10/train/12539.png,automobile,test,1
data/raw/cifar-10/train/20500.png,horse,test,7
data/raw/cifar-10/train/21101.png,horse,test,7
data/raw/cifar-10/train/20089.png,automobile,test,1
data/raw/cifar-10/train/45001.png,horse,test,7
data/raw/cifar-10/train/39377.png,truck,test,9
data/raw/cifar-10/train/2180.png,frog,test,6
data/raw/cifar-10/train/24080.png,airplane,test,0
data/raw/cifar-10/train/3881.png,airplane,test,0
data/raw/cifar-10/train/25803.png,cat,test,3
data/raw/cifar-10/train/10589.png,bird,test,2
data/raw/cifar-10/train/35026.png,horse,test,7
data/raw/cifar-10/train/15291.png,horse,test,7
data/raw/cifar-10/train/37506.png,automobile,test,1
data/raw/cifar-10/train/6828.png,horse,test,7
data/raw/cifar-10/train/40344.png,airplane,test,0
data/raw/cifar-10/train/14801.png,cat,test,3
data/raw/cifar-10/train/1790.png,bird,test,2
data/raw/cifar-10/train/46224.png,ship,test,8
data/raw/cifar-10/train/15083.png,truck,test,9
data/raw/cifar-10/train/46871.png,bird,test,2
data/raw/cifar-10/train/22764.png,automobile,test,1
data/raw/cifar-10/train/31589.png,deer,test,4
data/raw/cifar-10/train/1805.png,deer,test,4
data/raw/cifar-10/train/44908.png,ship,test,8
data/raw/cifar-10/train/11151.png,frog,test,6
data/raw/cifar-10/train/5562.png,dog,test,5
data/raw/cifar-10/train/32441.png,horse,test,7
data/raw/cifar-10/train/21720.png,frog,test,6
data/raw/cifar-10/train/25579.png,airplane,test,0
data/raw/cifar-10/train/27106.png,deer,test,4
data/raw/cifar-10/train/34931.png,bird,test,2
data/raw/cifar-10/train/26077.png,airplane,test,0
data/raw/cifar-10/train/8454.png,airplane,test,0
data/raw/cifar-10/train/24296.png,dog,test,5
data/raw/cifar-10/train/21592.png,bird,test,2
data/raw/cifar-10/train/41783.png,cat,test,3
data/raw/cifar-10/train/20573.png,bird,test,2
data/raw/cifar-10/train/37049.png,frog,test,6
data/raw/cifar-10/train/17722.png,dog,test,5
data/raw/cifar-10/train/27701.png,automobile,test,1
data/raw/cifar-10/train/24397.png,deer,test,4
data/raw/cifar-10/train/30370.png,truck,test,9
data/raw/cifar-10/train/721.png,frog,test,6
data/raw/cifar-10/train/37257.png,frog,test,6
data/raw/cifar-10/train/26172.png,dog,test,5
data/raw/cifar-10/train/49671.png,truck,test,9
data/raw/cifar-10/train/13904.png,deer,test,4
data/raw/cifar-10/train/24793.png,airplane,test,0
data/raw/cifar-10/train/43308.png,dog,test,5
data/raw/cifar-10/train/40241.png,deer,test,4
data/raw/cifar-10/train/44279.png,horse,test,7
data/raw/cifar-10/train/20910.png,ship,test,8
data/raw/cifar-10/train/43750.png,cat,test,3
data/raw/cifar-10/train/30227.png,deer,test,4
data/raw/cifar-10/train/42383.png,cat,test,3
data/raw/cifar-10/train/35540.png,ship,test,8
data/raw/cifar-10/train/2551.png,bird,test,2
data/raw/cifar-10/train/28153.png,horse,test,7
data/raw/cifar-10/train/21931.png,airplane,test,0
data/raw/cifar-10/train/35736.png,dog,test,5
data/raw/cifar-10/train/30751.png,automobile,test,1
data/raw/cifar-10/train/14353.png,frog,test,6
data/raw/cifar-10/train/27714.png,dog,test,5
data/raw/cifar-10/train/42771.png,ship,test,8
data/raw/cifar-10/train/3548.png,dog,test,5
data/raw/cifar-10/train/36434.png,horse,test,7
data/raw/cifar-10/train/21466.png,dog,test,5
data/raw/cifar-10/train/31500.png,cat,test,3
data/raw/cifar-10/train/40874.png,airplane,test,0
data/raw/cifar-10/train/8512.png,dog,test,5
data/raw/cifar-10/train/11679.png,truck,test,9
data/raw/cifar-10/train/19623.png,ship,test,8
data/raw/cifar-10/train/37765.png,frog,test,6
data/raw/cifar-10/train/35501.png,cat,test,3
data/raw/cifar-10/train/28210.png,cat,test,3
data/raw/cifar-10/train/27592.png,truck,test,9
data/raw/cifar-10/train/11013.png,bird,test,2
data/raw/cifar-10/train/12545.png,ship,test,8
data/raw/cifar-10/train/41346.png,airplane,test,0
data/raw/cifar-10/train/48436.png,truck,test,9
data/raw/cifar-10/train/11421.png,bird,test,2
data/raw/cifar-10/train/33521.png,truck,test,9
data/raw/cifar-10/train/10328.png,frog,test,6
data/raw/cifar-10/train/22948.png,frog,test,6
data/raw/cifar-10/train/35700.png,truck,test,9
data/raw/cifar-10/train/26844.png,automobile,test,1
data/raw/cifar-10/train/41880.png,airplane,test,0
data/raw/cifar-10/train/19371.png,airplane,test,0
data/raw/cifar-10/train/1369.png,cat,test,3
data/raw/cifar-10/train/2254.png,deer,test,4
data/raw/cifar-10/train/46335.png,frog,test,6
data/raw/cifar-10/train/12994.png,airplane,test,0
data/raw/cifar-10/train/3079.png,automobile,test,1
data/raw/cifar-10/train/21118.png,deer,test,4
data/raw/cifar-10/train/32400.png,horse,test,7
data/raw/cifar-10/train/35494.png,bird,test,2
data/raw/cifar-10/train/2309.png,truck,test,9
data/raw/cifar-10/train/11306.png,airplane,test,0
data/raw/cifar-10/train/23053.png,automobile,test,1
data/raw/cifar-10/train/1842.png,cat,test,3
data/raw/cifar-10/train/36778.png,deer,test,4
data/raw/cifar-10/train/33720.png,deer,test,4
data/raw/cifar-10/train/6851.png,horse,test,7
data/raw/cifar-10/train/29697.png,frog,test,6
data/raw/cifar-10/train/36090.png,frog,test,6
data/raw/cifar-10/train/12526.png,frog,test,6
data/raw/cifar-10/train/22949.png,ship,test,8
data/raw/cifar-10/train/45727.png,ship,test,8
data/raw/cifar-10/train/15499.png,frog,test,6
data/raw/cifar-10/train/1099.png,cat,test,3
data/raw/cifar-10/train/32098.png,horse,test,7
data/raw/cifar-10/train/16809.png,cat,test,3
data/raw/cifar-10/train/9717.png,bird,test,2
data/raw/cifar-10/train/33958.png,dog,test,5
data/raw/cifar-10/train/22335.png,automobile,test,1
data/raw/cifar-10/train/46153.png,ship,test,8
data/raw/cifar-10/train/29821.png,truck,test,9
data/raw/cifar-10/train/21225.png,bird,test,2
data/raw/cifar-10/train/12812.png,cat,test,3
data/raw/cifar-10/train/44757.png,dog,test,5
data/raw/cifar-10/train/20514.png,automobile,test,1
data/raw/cifar-10/train/11756.png,truck,test,9
data/raw/cifar-10/train/4611.png,dog,test,5
data/raw/cifar-10/train/31976.png,cat,test,3
data/raw/cifar-10/train/38925.png,dog,test,5
data/raw/cifar-10/train/6652.png,ship,test,8
data/raw/cifar-10/train/23371.png,frog,test,6
data/raw/cifar-10/train/7888.png,automobile,test,1
data/raw/cifar-10/train/6596.png,cat,test,3
data/raw/cifar-10/train/10620.png,cat,test,3
data/raw/cifar-10/train/8581.png,horse,test,7
data/raw/cifar-10/train/28395.png,automobile,test,1
data/raw/cifar-10/train/31474.png,automobile,test,1
data/raw/cifar-10/train/48755.png,dog,test,5
data/raw/cifar-10/train/8778.png,deer,test,4
data/raw/cifar-10/train/37168.png,cat,test,3
data/raw/cifar-10/train/14273.png,horse,test,7
data/raw/cifar-10/train/42172.png,automobile,test,1
data/raw/cifar-10/train/17603.png,frog,test,6
data/raw/cifar-10/train/21546.png,ship,test,8
data/raw/cifar-10/train/13530.png,truck,test,9
data/raw/cifar-10/train/49562.png,automobile,test,1
data/raw/cifar-10/train/7854.png,bird,test,2
data/raw/cifar-10/train/10926.png,deer,test,4
data/raw/cifar-10/train/18820.png,bird,test,2
data/raw/cifar-10/train/12163.png,truck,test,9
data/raw/cifar-10/train/6154.png,ship,test,8
data/raw/cifar-10/train/13409.png,bird,test,2
data/raw/cifar-10/train/35942.png,dog,test,5
data/raw/cifar-10/train/44794.png,truck,test,9
data/raw/cifar-10/train/36929.png,truck,test,9
data/raw/cifar-10/train/33771.png,airplane,test,0
data/raw/cifar-10/train/24475.png,truck,test,9
data/raw/cifar-10/train/14477.png,frog,test,6
data/raw/cifar-10/train/7383.png,deer,test,4
data/raw/cifar-10/train/39442.png,dog,test,5
data/raw/cifar-10/train/10852.png,deer,test,4
data/raw/cifar-10/train/13210.png,frog,test,6
data/raw/cifar-10/train/46987.png,truck,test,9
data/raw/cifar-10/train/46354.png,horse,test,7
data/raw/cifar-10/train/37532.png,dog,test,5
data/raw/cifar-10/train/25116.png,bird,test,2
data/raw/cifar-10/train/45153.png,cat,test,3
data/raw/cifar-10/train/930.png,frog,test,6
data/raw/cifar-10/train/40174.png,automobile,test,1
data/raw/cifar-10/train/15006.png,truck,test,9
data/raw/cifar-10/train/32657.png,dog,test,5
data/raw/cifar-10/train/42696.png,deer,test,4
data/raw/cifar-10/train/12633.png,frog,test,6
data/raw/cifar-10/train/16449.png,airplane,test,0
data/raw/cifar-10/train/42635.png,horse,test,7
data/raw/cifar-10/train/48397.png,frog,test,6
data/raw/cifar-10/train/21968.png,horse,test,7
data/raw/cifar-10/train/45671.png,cat,test,3
data/raw/cifar-10/train/36150.png,airplane,test,0
data/raw/cifar-10/train/33246.png,deer,test,4
data/raw/cifar-10/train/32815.png,ship,test,8
data/raw/cifar-10/train/26630.png,bird,test,2
data/raw/cifar-10/train/23846.png,ship,test,8
data/raw/cifar-10/train/35070.png,bird,test,2
data/raw/cifar-10/train/44761.png,deer,test,4
data/raw/cifar-10/train/28884.png,airplane,test,0
data/raw/cifar-10/train/22684.png,deer,test,4
data/raw/cifar-10/train/31755.png,cat,test,3
data/raw/cifar-10/train/41097.png,dog,test,5
data/raw/cifar-10/train/46748.png,horse,test,7
data/raw/cifar-10/train/23985.png,airplane,test,0
data/raw/cifar-10/train/28467.png,frog,test,6
data/raw/cifar-10/train/28283.png,dog,test,5
data/raw/cifar-10/train/39049.png,truck,test,9
data/raw/cifar-10/train/31961.png,dog,test,5
data/raw/cifar-10/train/49582.png,frog,test,6
data/raw/cifar-10/train/8550.png,airplane,test,0
data/raw/cifar-10/train/38176.png,automobile,test,1
data/raw/cifar-10/train/44627.png,frog,test,6
data/raw/cifar-10/train/10151.png,deer,test,4
data/raw/cifar-10/train/14524.png,truck,test,9
data/raw/cifar-10/train/35465.png,cat,test,3
data/raw/cifar-10/train/43686.png,cat,test,3
data/raw/cifar-10/train/32358.png,ship,test,8
data/raw/cifar-10/train/24782.png,frog,test,6
data/raw/cifar-10/train/49273.png,horse,test,7
data/raw/cifar-10/train/40052.png,dog,test,5
data/raw/cifar-10/train/32798.png,deer,test,4
data/raw/cifar-10/train/13859.png,automobile,test,1
data/raw/cifar-10/train/3462.png,cat,test,3
data/raw/cifar-10/train/24029.png,dog,test,5
data/raw/cifar-10/train/46134.png,deer,test,4
data/raw/cifar-10/train/22432.png,deer,test,4
data/raw/cifar-10/train/47871.png,frog,test,6
data/raw/cifar-10/train/8638.png,ship,test,8
data/raw/cifar-10/train/7256.png,automobile,test,1
data/raw/cifar-10/train/18039.png,dog,test,5
data/raw/cifar-10/train/4798.png,automobile,test,1
data/raw/cifar-10/train/34548.png,airplane,test,0
data/raw/cifar-10/train/34564.png,frog,test,6
data/raw/cifar-10/train/7821.png,frog,test,6
data/raw/cifar-10/train/40212.png,airplane,test,0
data/raw/cifar-10/train/46702.png,airplane,test,0
data/raw/cifar-10/train/21780.png,deer,test,4
data/raw/cifar-10/train/36407.png,deer,test,4
data/raw/cifar-10/train/25816.png,frog,test,6
data/raw/cifar-10/train/19382.png,cat,test,3
data/raw/cifar-10/train/49489.png,deer,test,4
data/raw/cifar-10/train/39897.png,ship,test,8
data/raw/cifar-10/train/37355.png,automobile,test,1
data/raw/cifar-10/train/13263.png,automobile,test,1
data/raw/cifar-10/train/33732.png,frog,test,6
data/raw/cifar-10/train/39414.png,deer,test,4
data/raw/cifar-10/train/19464.png,bird,test,2
data/raw/cifar-10/train/30963.png,deer,test,4
data/raw/cifar-10/train/36627.png,bird,test,2
data/raw/cifar-10/train/41885.png,bird,test,2
data/raw/cifar-10/train/48343.png,ship,test,8
data/raw/cifar-10/train/12020.png,frog,test,6
data/raw/cifar-10/train/43053.png,cat,test,3
data/raw/cifar-10/train/7354.png,horse,test,7
data/raw/cifar-10/train/41299.png,ship,test,8
data/raw/cifar-10/train/10824.png,horse,test,7
data/raw/cifar-10/train/49121.png,dog,test,5
data/raw/cifar-10/train/21690.png,dog,test,5
data/raw/cifar-10/train/45664.png,frog,test,6
data/raw/cifar-10/train/30702.png,dog,test,5
data/raw/cifar-10/train/20079.png,horse,test,7
data/raw/cifar-10/train/33280.png,deer,test,4
data/raw/cifar-10/train/10160.png,airplane,test,0
data/raw/cifar-10/train/36074.png,dog,test,5
data/raw/cifar-10/train/32996.png,horse,test,7
data/raw/cifar-10/train/16502.png,airplane,test,0
data/raw/cifar-10/train/8066.png,bird,test,2
data/raw/cifar-10/train/14901.png,automobile,test,1
data/raw/cifar-10/train/26612.png,frog,test,6
data/raw/cifar-10/train/19352.png,automobile,test,1
data/raw/cifar-10/train/32449.png,ship,test,8
data/raw/cifar-10/train/12530.png,horse,test,7
data/raw/cifar-10/train/41385.png,cat,test,3
data/raw/cifar-10/train/12529.png,cat,test,3
data/raw/cifar-10/train/41008.png,bird,test,2
data/raw/cifar-10/train/14528.png,cat,test,3
data/raw/cifar-10/train/45212.png,cat,test,3
data/raw/cifar-10/train/8320.png,cat,test,3
data/raw/cifar-10/train/29094.png,frog,test,6
data/raw/cifar-10/train/31993.png,horse,test,7
data/raw/cifar-10/train/11432.png,airplane,test,0
data/raw/cifar-10/train/41238.png,deer,test,4
data/raw/cifar-10/train/25906.png,airplane,test,0
data/raw/cifar-10/train/24868.png,dog,test,5
data/raw/cifar-10/train/25185.png,cat,test,3
data/raw/cifar-10/train/41822.png,airplane,test,0
data/raw/cifar-10/train/44159.png,automobile,test,1
data/raw/cifar-10/train/42196.png,cat,test,3
data/raw/cifar-10/train/9892.png,horse,test,7
data/raw/cifar-10/train/37135.png,frog,test,6
data/raw/cifar-10/train/35971.png,deer,test,4
data/raw/cifar-10/train/565.png,airplane,test,0
data/raw/cifar-10/train/39766.png,bird,test,2
data/raw/cifar-10/train/10973.png,truck,test,9
data/raw/cifar-10/train/7921.png,truck,test,9
data/raw/cifar-10/train/26182.png,bird,test,2
data/raw/cifar-10/train/8820.png,bird,test,2
data/raw/cifar-10/train/42651.png,cat,test,3
data/raw/cifar-10/train/23359.png,truck,test,9
data/raw/cifar-10/train/11003.png,airplane,test,0
data/raw/cifar-10/train/45792.png,truck,test,9
data/raw/cifar-10/train/19263.png,deer,test,4
data/raw/cifar-10/train/7704.png,truck,test,9
data/raw/cifar-10/train/29920.png,ship,test,8
data/raw/cifar-10/train/31801.png,horse,test,7
data/raw/cifar-10/train/11239.png,airplane,test,0
data/raw/cifar-10/train/20157.png,dog,test,5
data/raw/cifar-10/train/7147.png,bird,test,2
data/raw/cifar-10/train/39881.png,dog,test,5
data/raw/cifar-10/train/44407.png,horse,test,7
data/raw/cifar-10/train/21243.png,truck,test,9
data/raw/cifar-10/train/24348.png,ship,test,8
data/raw/cifar-10/train/32729.png,ship,test,8
data/raw/cifar-10/train/20640.png,cat,test,3
data/raw/cifar-10/train/43881.png,frog,test,6
data/raw/cifar-10/train/34802.png,cat,test,3
data/raw/cifar-10/train/6110.png,automobile,test,1
data/raw/cifar-10/train/27811.png,truck,test,9
data/raw/cifar-10/train/21395.png,horse,test,7
data/raw/cifar-10/train/20557.png,bird,test,2
data/raw/cifar-10/train/898.png,ship,test,8
data/raw/cifar-10/train/37615.png,deer,test,4
data/raw/cifar-10/train/30352.png,truck,test,9
data/raw/cifar-10/train/12206.png,dog,test,5
data/raw/cifar-10/train/30778.png,cat,test,3
data/raw/cifar-10/train/8975.png,cat,test,3
data/raw/cifar-10/train/31866.png,airplane,test,0
data/raw/cifar-10/train/14212.png,ship,test,8
data/raw/cifar-10/train/26165.png,airplane,test,0
data/raw/cifar-10/train/48812.png,horse,test,7
data/raw/cifar-10/train/18367.png,cat,test,3
data/raw/cifar-10/train/46528.png,bird,test,2
data/raw/cifar-10/train/35541.png,ship,test,8
data/raw/cifar-10/train/4197.png,bird,test,2
data/raw/cifar-10/train/49257.png,bird,test,2
data/raw/cifar-10/train/4326.png,horse,test,7
data/raw/cifar-10/train/33180.png,airplane,test,0
data/raw/cifar-10/train/47480.png,frog,test,6
data/raw/cifar-10/train/1062.png,dog,test,5
data/raw/cifar-10/train/33645.png,bird,test,2
data/raw/cifar-10/train/43030.png,ship,test,8
data/raw/cifar-10/train/305.png,automobile,test,1
data/raw/cifar-10/train/34061.png,deer,test,4
data/raw/cifar-10/train/30017.png,dog,test,5
data/raw/cifar-10/train/6439.png,truck,test,9
data/raw/cifar-10/train/32144.png,cat,test,3
data/raw/cifar-10/train/27180.png,airplane,test,0
data/raw/cifar-10/train/28613.png,dog,test,5
data/raw/cifar-10/train/838.png,frog,test,6
data/raw/cifar-10/train/41210.png,automobile,test,1
data/raw/cifar-10/train/28060.png,automobile,test,1
data/raw/cifar-10/train/44158.png,truck,test,9
data/raw/cifar-10/train/6216.png,dog,test,5
data/raw/cifar-10/train/16707.png,horse,test,7
data/raw/cifar-10/train/26695.png,ship,test,8
data/raw/cifar-10/train/8282.png,truck,test,9
data/raw/cifar-10/train/18265.png,deer,test,4
data/raw/cifar-10/train/11376.png,dog,test,5
data/raw/cifar-10/train/45484.png,automobile,test,1
data/raw/cifar-10/train/7351.png,automobile,test,1
data/raw/cifar-10/train/12768.png,airplane,test,0
data/raw/cifar-10/train/12720.png,automobile,test,1
data/raw/cifar-10/train/33215.png,airplane,test,0
data/raw/cifar-10/train/49856.png,cat,test,3
data/raw/cifar-10/train/31255.png,cat,test,3
data/raw/cifar-10/train/1871.png,deer,test,4
data/raw/cifar-10/train/35239.png,horse,test,7
data/raw/cifar-10/train/14169.png,automobile,test,1
data/raw/cifar-10/train/42371.png,cat,test,3
data/raw/cifar-10/train/34828.png,bird,test,2
data/raw/cifar-10/train/26124.png,cat,test,3
data/raw/cifar-10/train/45663.png,bird,test,2
data/raw/cifar-10/train/13415.png,frog,test,6
data/raw/cifar-10/train/44895.png,deer,test,4
data/raw/cifar-10/train/23638.png,deer,test,4
data/raw/cifar-10/train/35671.png,truck,test,9
data/raw/cifar-10/train/10433.png,dog,test,5
data/raw/cifar-10/train/30273.png,airplane,test,0
data/raw/cifar-10/train/22149.png,deer,test,4
data/raw/cifar-10/train/38121.png,ship,test,8
data/raw/cifar-10/train/393.png,airplane,test,0
data/raw/cifar-10/train/47199.png,cat,test,3
data/raw/cifar-10/train/29571.png,bird,test,2
data/raw/cifar-10/train/13665.png,deer,test,4
data/raw/cifar-10/train/1006.png,deer,test,4
data/raw/cifar-10/train/33136.png,bird,test,2
data/raw/cifar-10/train/33040.png,dog,test,5
data/raw/cifar-10/train/49094.png,bird,test,2
data/raw/cifar-10/train/7571.png,truck,test,9
data/raw/cifar-10/train/25988.png,ship,test,8
data/raw/cifar-10/train/36233.png,frog,test,6
data/raw/cifar-10/train/14463.png,truck,test,9
data/raw/cifar-10/train/32817.png,bird,test,2
data/raw/cifar-10/train/44148.png,deer,test,4
data/raw/cifar-10/train/21952.png,deer,test,4
data/raw/cifar-10/train/45547.png,airplane,test,0
data/raw/cifar-10/train/36459.png,truck,test,9
data/raw/cifar-10/train/45876.png,bird,test,2
data/raw/cifar-10/train/36499.png,ship,test,8
data/raw/cifar-10/train/12187.png,truck,test,9
data/raw/cifar-10/train/3043.png,airplane,test,0
data/raw/cifar-10/train/19214.png,bird,test,2
data/raw/cifar-10/train/29906.png,automobile,test,1
data/raw/cifar-10/train/46683.png,cat,test,3
data/raw/cifar-10/train/43064.png,dog,test,5
data/raw/cifar-10/train/45280.png,deer,test,4
data/raw/cifar-10/train/3457.png,dog,test,5
data/raw/cifar-10/train/35884.png,airplane,test,0
data/raw/cifar-10/train/44946.png,truck,test,9
data/raw/cifar-10/train/26730.png,automobile,test,1
data/raw/cifar-10/train/21977.png,automobile,test,1
data/raw/cifar-10/train/45290.png,automobile,test,1
data/raw/cifar-10/train/49117.png,horse,test,7
data/raw/cifar-10/train/7750.png,cat,test,3
data/raw/cifar-10/train/20700.png,horse,test,7
data/raw/cifar-10/train/19757.png,dog,test,5
data/raw/cifar-10/train/30997.png,horse,test,7
data/raw/cifar-10/train/36717.png,frog,test,6
data/raw/cifar-10/train/30869.png,cat,test,3
data/raw/cifar-10/train/792.png,truck,test,9
data/raw/cifar-10/train/14100.png,truck,test,9
data/raw/cifar-10/train/10399.png,bird,test,2
data/raw/cifar-10/train/18288.png,bird,test,2
data/raw/cifar-10/train/27019.png,truck,test,9
data/raw/cifar-10/train/47064.png,ship,test,8
data/raw/cifar-10/train/13537.png,deer,test,4
data/raw/cifar-10/train/21266.png,dog,test,5
data/raw/cifar-10/train/33618.png,airplane,test,0
data/raw/cifar-10/train/13219.png,automobile,test,1
data/raw/cifar-10/train/42250.png,ship,test,8
data/raw/cifar-10/train/29656.png,airplane,test,0
data/raw/cifar-10/train/48233.png,bird,test,2
data/raw/cifar-10/train/5873.png,dog,test,5
data/raw/cifar-10/train/49011.png,horse,test,7
data/raw/cifar-10/train/29429.png,ship,test,8
data/raw/cifar-10/train/20857.png,automobile,test,1
data/raw/cifar-10/train/39021.png,frog,test,6
data/raw/cifar-10/train/25653.png,automobile,test,1
data/raw/cifar-10/train/6895.png,deer,test,4
data/raw/cifar-10/train/77.png,truck,test,9
data/raw/cifar-10/train/26503.png,frog,test,6
data/raw/cifar-10/train/39396.png,horse,test,7
data/raw/cifar-10/train/18594.png,ship,test,8
data/raw/cifar-10/train/39700.png,truck,test,9
data/raw/cifar-10/train/15205.png,truck,test,9
data/raw/cifar-10/train/37739.png,airplane,test,0
data/raw/cifar-10/train/17036.png,frog,test,6
data/raw/cifar-10/train/80.png,automobile,test,1
data/raw/cifar-10/train/12345.png,airplane,test,0
data/raw/cifar-10/train/1635.png,dog,test,5
data/raw/cifar-10/train/23587.png,bird,test,2
data/raw/cifar-10/train/11811.png,deer,test,4
data/raw/cifar-10/train/42929.png,bird,test,2
data/raw/cifar-10/train/19404.png,frog,test,6
data/raw/cifar-10/train/22919.png,truck,test,9
data/raw/cifar-10/train/31480.png,cat,test,3
data/raw/cifar-10/train/35916.png,deer,test,4
data/raw/cifar-10/train/17094.png,airplane,test,0
data/raw/cifar-10/train/17989.png,frog,test,6
data/raw/cifar-10/train/49971.png,cat,test,3
data/raw/cifar-10/train/25193.png,bird,test,2
data/raw/cifar-10/train/10733.png,airplane,test,0
data/raw/cifar-10/train/23887.png,truck,test,9
data/raw/cifar-10/train/25595.png,horse,test,7
data/raw/cifar-10/train/24750.png,cat,test,3
data/raw/cifar-10/train/3986.png,deer,test,4
data/raw/cifar-10/train/11255.png,deer,test,4
data/raw/cifar-10/train/21279.png,dog,test,5
data/raw/cifar-10/train/10917.png,horse,test,7
data/raw/cifar-10/train/25564.png,cat,test,3
data/raw/cifar-10/train/13422.png,truck,test,9
data/raw/cifar-10/train/26515.png,ship,test,8
data/raw/cifar-10/train/45166.png,frog,test,6
data/raw/cifar-10/train/2529.png,deer,test,4
data/raw/cifar-10/train/6515.png,ship,test,8
data/raw/cifar-10/train/9490.png,cat,test,3
data/raw/cifar-10/train/3218.png,deer,test,4
data/raw/cifar-10/train/15431.png,bird,test,2
data/raw/cifar-10/train/23655.png,deer,test,4
data/raw/cifar-10/train/22458.png,horse,test,7
data/raw/cifar-10/train/28622.png,frog,test,6
data/raw/cifar-10/train/34933.png,frog,test,6
data/raw/cifar-10/train/46659.png,automobile,test,1
data/raw/cifar-10/train/17507.png,bird,test,2
data/raw/cifar-10/train/27249.png,horse,test,7
data/raw/cifar-10/train/15782.png,deer,test,4
data/raw/cifar-10/train/4492.png,bird,test,2
data/raw/cifar-10/train/9776.png,deer,test,4
data/raw/cifar-10/train/5552.png,truck,test,9
data/raw/cifar-10/train/35268.png,bird,test,2
data/raw/cifar-10/train/19394.png,horse,test,7
data/raw/cifar-10/train/40318.png,airplane,test,0
data/raw/cifar-10/train/22982.png,deer,test,4
data/raw/cifar-10/train/26640.png,ship,test,8
data/raw/cifar-10/train/39063.png,bird,test,2
data/raw/cifar-10/train/32266.png,ship,test,8
data/raw/cifar-10/train/44024.png,frog,test,6
data/raw/cifar-10/train/45615.png,truck,test,9
data/raw/cifar-10/train/21053.png,deer,test,4
data/raw/cifar-10/train/35031.png,truck,test,9
data/raw/cifar-10/train/1186.png,airplane,test,0
data/raw/cifar-10/train/45225.png,horse,test,7
data/raw/cifar-10/train/13900.png,automobile,test,1
data/raw/cifar-10/train/40774.png,dog,test,5
data/raw/cifar-10/train/12441.png,cat,test,3
data/raw/cifar-10/train/10748.png,automobile,test,1
data/raw/cifar-10/train/24614.png,horse,test,7
data/raw/cifar-10/train/29374.png,dog,test,5
data/raw/cifar-10/train/19618.png,cat,test,3
data/raw/cifar-10/train/19716.png,frog,test,6
data/raw/cifar-10/train/20439.png,automobile,test,1
data/raw/cifar-10/train/32985.png,truck,test,9
data/raw/cifar-10/train/20683.png,airplane,test,0
data/raw/cifar-10/train/24472.png,ship,test,8
data/raw/cifar-10/train/19277.png,cat,test,3
data/raw/cifar-10/train/49362.png,frog,test,6
data/raw/cifar-10/train/4371.png,bird,test,2
data/raw/cifar-10/train/26400.png,cat,test,3
data/raw/cifar-10/train/34113.png,dog,test,5
data/raw/cifar-10/train/6343.png,ship,test,8
data/raw/cifar-10/train/32969.png,airplane,test,0
data/raw/cifar-10/train/48211.png,truck,test,9
data/raw/cifar-10/train/24913.png,frog,test,6
data/raw/cifar-10/train/8028.png,ship,test,8
data/raw/cifar-10/train/27700.png,ship,test,8
data/raw/cifar-10/train/21091.png,bird,test,2
data/raw/cifar-10/train/4703.png,dog,test,5
data/raw/cifar-10/train/28905.png,deer,test,4
data/raw/cifar-10/train/46984.png,bird,test,2
data/raw/cifar-10/train/36657.png,frog,test,6
data/raw/cifar-10/train/34447.png,horse,test,7
data/raw/cifar-10/train/38952.png,cat,test,3
data/raw/cifar-10/train/16501.png,frog,test,6
data/raw/cifar-10/train/23905.png,truck,test,9
data/raw/cifar-10/train/45730.png,deer,test,4
data/raw/cifar-10/train/6910.png,ship,test,8
data/raw/cifar-10/train/30691.png,bird,test,2
data/raw/cifar-10/train/48158.png,cat,test,3
data/raw/cifar-10/train/8612.png,frog,test,6
data/raw/cifar-10/train/8601.png,automobile,test,1
data/raw/cifar-10/train/8268.png,ship,test,8
data/raw/cifar-10/train/42055.png,dog,test,5
data/raw/cifar-10/train/19719.png,ship,test,8
data/raw/cifar-10/train/30863.png,cat,test,3
data/raw/cifar-10/train/11985.png,truck,test,9
data/raw/cifar-10/train/23010.png,truck,test,9
data/raw/cifar-10/train/47458.png,automobile,test,1
data/raw/cifar-10/train/25947.png,truck,test,9
data/raw/cifar-10/train/27441.png,airplane,test,0
data/raw/cifar-10/train/10587.png,dog,test,5
data/raw/cifar-10/train/46740.png,ship,test,8
data/raw/cifar-10/train/48172.png,truck,test,9
data/raw/cifar-10/train/18353.png,horse,test,7
data/raw/cifar-10/train/4365.png,truck,test,9
data/raw/cifar-10/train/7453.png,bird,test,2
data/raw/cifar-10/train/30508.png,deer,test,4
data/raw/cifar-10/train/10161.png,bird,test,2
data/raw/cifar-10/train/1910.png,horse,test,7
data/raw/cifar-10/train/44066.png,truck,test,9
data/raw/cifar-10/train/35847.png,airplane,test,0
data/raw/cifar-10/train/21313.png,ship,test,8
data/raw/cifar-10/train/39118.png,truck,test,9
data/raw/cifar-10/train/18134.png,airplane,test,0
data/raw/cifar-10/train/11434.png,bird,test,2
data/raw/cifar-10/train/43932.png,horse,test,7
data/raw/cifar-10/train/33504.png,bird,test,2
data/raw/cifar-10/train/43784.png,airplane,test,0
data/raw/cifar-10/train/27547.png,bird,test,2
data/raw/cifar-10/train/43126.png,airplane,test,0
data/raw/cifar-10/train/10654.png,cat,test,3
data/raw/cifar-10/train/34750.png,ship,test,8
data/raw/cifar-10/train/4989.png,ship,test,8
data/raw/cifar-10/train/39266.png,deer,test,4
data/raw/cifar-10/train/31859.png,frog,test,6
data/raw/cifar-10/train/21729.png,cat,test,3
data/raw/cifar-10/train/43069.png,automobile,test,1
data/raw/cifar-10/train/40840.png,cat,test,3
data/raw/cifar-10/train/3162.png,bird,test,2
data/raw/cifar-10/train/6459.png,cat,test,3
data/raw/cifar-10/train/855.png,frog,test,6
data/raw/cifar-10/train/6641.png,airplane,test,0
data/raw/cifar-10/train/14133.png,ship,test,8
data/raw/cifar-10/train/31952.png,automobile,test,1
data/raw/cifar-10/train/44557.png,ship,test,8
data/raw/cifar-10/train/14960.png,frog,test,6
data/raw/cifar-10/train/42233.png,frog,test,6
data/raw/cifar-10/train/46639.png,dog,test,5
data/raw/cifar-10/train/26696.png,bird,test,2
data/raw/cifar-10/train/8792.png,automobile,test,1
data/raw/cifar-10/train/45050.png,deer,test,4
data/raw/cifar-10/train/28674.png,bird,test,2
data/raw/cifar-10/train/14373.png,horse,test,7
data/raw/cifar-10/train/46782.png,truck,test,9
data/raw/cifar-10/train/32811.png,truck,test,9
data/raw/cifar-10/train/17181.png,ship,test,8
data/raw/cifar-10/train/10208.png,deer,test,4
data/raw/cifar-10/train/37626.png,frog,test,6
data/raw/cifar-10/train/8030.png,cat,test,3
data/raw/cifar-10/train/32650.png,cat,test,3
data/raw/cifar-10/train/15532.png,frog,test,6
data/raw/cifar-10/train/14978.png,horse,test,7
data/raw/cifar-10/train/46875.png,bird,test,2
data/raw/cifar-10/train/5503.png,cat,test,3
data/raw/cifar-10/train/18860.png,automobile,test,1
data/raw/cifar-10/train/44783.png,ship,test,8
data/raw/cifar-10/train/41435.png,ship,test,8
data/raw/cifar-10/train/15700.png,ship,test,8
data/raw/cifar-10/train/20954.png,cat,test,3
data/raw/cifar-10/train/6901.png,truck,test,9
data/raw/cifar-10/train/36243.png,bird,test,2
data/raw/cifar-10/train/34811.png,automobile,test,1
data/raw/cifar-10/train/20319.png,bird,test,2
data/raw/cifar-10/train/47909.png,deer,test,4
data/raw/cifar-10/train/3165.png,bird,test,2
data/raw/cifar-10/train/11000.png,cat,test,3
data/raw/cifar-10/train/37647.png,airplane,test,0
data/raw/cifar-10/train/4343.png,bird,test,2
data/raw/cifar-10/train/22528.png,horse,test,7
data/raw/cifar-10/train/32567.png,dog,test,5
data/raw/cifar-10/train/40172.png,deer,test,4
data/raw/cifar-10/train/11145.png,frog,test,6
data/raw/cifar-10/train/32433.png,airplane,test,0
data/raw/cifar-10/train/28787.png,cat,test,3
data/raw/cifar-10/train/44514.png,cat,test,3
data/raw/cifar-10/train/38124.png,deer,test,4
data/raw/cifar-10/train/22367.png,truck,test,9
data/raw/cifar-10/train/11369.png,ship,test,8
data/raw/cifar-10/train/14280.png,truck,test,9
data/raw/cifar-10/train/2731.png,dog,test,5
data/raw/cifar-10/train/20701.png,bird,test,2
data/raw/cifar-10/train/725.png,bird,test,2
data/raw/cifar-10/train/2000.png,airplane,test,0
data/raw/cifar-10/train/24278.png,ship,test,8
data/raw/cifar-10/train/9231.png,airplane,test,0
data/raw/cifar-10/train/13242.png,ship,test,8
data/raw/cifar-10/train/29035.png,deer,test,4
data/raw/cifar-10/train/7230.png,dog,test,5
data/raw/cifar-10/train/34355.png,cat,test,3
data/raw/cifar-10/train/6004.png,frog,test,6
data/raw/cifar-10/train/27521.png,dog,test,5
data/raw/cifar-10/train/16355.png,truck,test,9
data/raw/cifar-10/train/1905.png,deer,test,4
data/raw/cifar-10/train/19001.png,frog,test,6
data/raw/cifar-10/train/42259.png,cat,test,3
data/raw/cifar-10/train/37504.png,bird,test,2
data/raw/cifar-10/train/48465.png,horse,test,7
data/raw/cifar-10/train/41659.png,cat,test,3
data/raw/cifar-10/train/35527.png,deer,test,4
data/raw/cifar-10/train/33179.png,frog,test,6
data/raw/cifar-10/train/17895.png,ship,test,8
data/raw/cifar-10/train/35879.png,automobile,test,1
data/raw/cifar-10/train/7092.png,frog,test,6
data/raw/cifar-10/train/15446.png,frog,test,6
data/raw/cifar-10/train/33601.png,cat,test,3
data/raw/cifar-10/train/34664.png,bird,test,2
data/raw/cifar-10/train/14208.png,ship,test,8
data/raw/cifar-10/train/26702.png,frog,test,6
data/raw/cifar-10/train/17463.png,horse,test,7
data/raw/cifar-10/train/31058.png,bird,test,2
data/raw/cifar-10/train/2037.png,ship,test,8
data/raw/cifar-10/train/19698.png,airplane,test,0
data/raw/cifar-10/train/22738.png,dog,test,5
data/raw/cifar-10/train/10526.png,deer,test,4
data/raw/cifar-10/train/11423.png,truck,test,9
data/raw/cifar-10/train/25328.png,ship,test,8
data/raw/cifar-10/train/41203.png,deer,test,4
data/raw/cifar-10/train/23604.png,deer,test,4
data/raw/cifar-10/train/24929.png,frog,test,6
data/raw/cifar-10/train/42201.png,bird,test,2
data/raw/cifar-10/train/35419.png,airplane,test,0
data/raw/cifar-10/train/29079.png,ship,test,8
data/raw/cifar-10/train/26925.png,deer,test,4
data/raw/cifar-10/train/10691.png,airplane,test,0
data/raw/cifar-10/train/1673.png,truck,test,9
data/raw/cifar-10/train/25806.png,dog,test,5
data/raw/cifar-10/train/42171.png,dog,test,5
data/raw/cifar-10/train/38585.png,deer,test,4
data/raw/cifar-10/train/38691.png,frog,test,6
data/raw/cifar-10/train/22793.png,horse,test,7
data/raw/cifar-10/train/23504.png,dog,test,5
data/raw/cifar-10/train/27265.png,bird,test,2
data/raw/cifar-10/train/8860.png,horse,test,7
data/raw/cifar-10/train/48328.png,airplane,test,0
data/raw/cifar-10/train/18656.png,frog,test,6
data/raw/cifar-10/train/34159.png,truck,test,9
data/raw/cifar-10/train/8523.png,airplane,test,0
data/raw/cifar-10/train/30743.png,dog,test,5
data/raw/cifar-10/train/9465.png,airplane,test,0
data/raw/cifar-10/train/35082.png,automobile,test,1
data/raw/cifar-10/train/28344.png,bird,test,2
data/raw/cifar-10/train/39593.png,ship,test,8
data/raw/cifar-10/train/36080.png,frog,test,6
data/raw/cifar-10/train/20421.png,truck,test,9
data/raw/cifar-10/train/48967.png,cat,test,3
data/raw/cifar-10/train/12023.png,deer,test,4
data/raw/cifar-10/train/24306.png,cat,test,3
data/raw/cifar-10/train/19022.png,dog,test,5
data/raw/cifar-10/train/3449.png,dog,test,5
data/raw/cifar-10/train/38005.png,dog,test,5
data/raw/cifar-10/train/21049.png,deer,test,4
data/raw/cifar-10/train/33885.png,horse,test,7
data/raw/cifar-10/train/32349.png,automobile,test,1
data/raw/cifar-10/train/37061.png,ship,test,8
data/raw/cifar-10/train/37612.png,automobile,test,1
data/raw/cifar-10/train/15907.png,automobile,test,1
data/raw/cifar-10/train/8584.png,frog,test,6
data/raw/cifar-10/train/24738.png,deer,test,4
data/raw/cifar-10/train/33942.png,automobile,test,1
data/raw/cifar-10/train/34472.png,ship,test,8
data/raw/cifar-10/train/27038.png,automobile,test,1
data/raw/cifar-10/train/32181.png,cat,test,3
data/raw/cifar-10/train/22460.png,bird,test,2
data/raw/cifar-10/train/23041.png,frog,test,6
data/raw/cifar-10/train/45088.png,horse,test,7
data/raw/cifar-10/train/25931.png,airplane,test,0
data/raw/cifar-10/train/28123.png,automobile,test,1
data/raw/cifar-10/train/30498.png,airplane,test,0
data/raw/cifar-10/train/22651.png,dog,test,5
data/raw/cifar-10/train/2809.png,airplane,test,0
data/raw/cifar-10/train/23086.png,ship,test,8
data/raw/cifar-10/train/24838.png,airplane,test,0
data/raw/cifar-10/train/6049.png,dog,test,5
data/raw/cifar-10/train/37838.png,horse,test,7
data/raw/cifar-10/train/6412.png,automobile,test,1
data/raw/cifar-10/train/37993.png,frog,test,6
data/raw/cifar-10/train/36782.png,cat,test,3
data/raw/cifar-10/train/139.png,bird,test,2
data/raw/cifar-10/train/22028.png,frog,test,6
data/raw/cifar-10/train/47941.png,bird,test,2
data/raw/cifar-10/train/18564.png,dog,test,5
data/raw/cifar-10/train/32552.png,ship,test,8
data/raw/cifar-10/train/46610.png,frog,test,6
data/raw/cifar-10/train/31107.png,truck,test,9
data/raw/cifar-10/train/31318.png,ship,test,8
data/raw/cifar-10/train/3246.png,bird,test,2
data/raw/cifar-10/train/31205.png,cat,test,3
data/raw/cifar-10/train/47197.png,cat,test,3
data/raw/cifar-10/train/39256.png,horse,test,7
data/raw/cifar-10/train/41627.png,horse,test,7
data/raw/cifar-10/train/18323.png,bird,test,2
data/raw/cifar-10/train/3407.png,ship,test,8
data/raw/cifar-10/train/26626.png,truck,test,9
data/raw/cifar-10/train/36748.png,ship,test,8
data/raw/cifar-10/train/9502.png,truck,test,9
data/raw/cifar-10/train/19979.png,horse,test,7
data/raw/cifar-10/train/39642.png,cat,test,3
data/raw/cifar-10/train/39351.png,ship,test,8
data/raw/cifar-10/train/14938.png,deer,test,4
data/raw/cifar-10/train/17649.png,horse,test,7
data/raw/cifar-10/train/34020.png,airplane,test,0
data/raw/cifar-10/train/19366.png,truck,test,9
data/raw/cifar-10/train/26541.png,deer,test,4
data/raw/cifar-10/train/32604.png,automobile,test,1
data/raw/cifar-10/train/1360.png,bird,test,2
data/raw/cifar-10/train/13637.png,deer,test,4
data/raw/cifar-10/train/13638.png,bird,test,2
data/raw/cifar-10/train/11780.png,bird,test,2
data/raw/cifar-10/train/14318.png,bird,test,2
data/raw/cifar-10/train/27237.png,deer,test,4
data/raw/cifar-10/train/18348.png,dog,test,5
data/raw/cifar-10/train/39691.png,deer,test,4
data/raw/cifar-10/train/27270.png,dog,test,5
data/raw/cifar-10/train/10930.png,cat,test,3
data/raw/cifar-10/train/40360.png,airplane,test,0
data/raw/cifar-10/train/3879.png,truck,test,9
data/raw/cifar-10/train/39324.png,frog,test,6
data/raw/cifar-10/train/27135.png,frog,test,6
data/raw/cifar-10/train/15528.png,dog,test,5
data/raw/cifar-10/train/21441.png,airplane,test,0
data/raw/cifar-10/train/49554.png,ship,test,8
data/raw/cifar-10/train/2521.png,deer,test,4
data/raw/cifar-10/train/16630.png,automobile,test,1
data/raw/cifar-10/train/13892.png,bird,test,2
data/raw/cifar-10/train/49118.png,cat,test,3
data/raw/cifar-10/train/13238.png,horse,test,7
data/raw/cifar-10/train/6423.png,cat,test,3
data/raw/cifar-10/train/34226.png,cat,test,3
data/raw/cifar-10/train/20380.png,airplane,test,0
data/raw/cifar-10/train/13050.png,frog,test,6
data/raw/cifar-10/train/8199.png,dog,test,5
data/raw/cifar-10/train/42423.png,truck,test,9
data/raw/cifar-10/train/2962.png,truck,test,9
data/raw/cifar-10/train/38997.png,bird,test,2
data/raw/cifar-10/train/33103.png,horse,test,7
data/raw/cifar-10/train/31607.png,cat,test,3
data/raw/cifar-10/train/2456.png,automobile,test,1
data/raw/cifar-10/train/30583.png,automobile,test,1
data/raw/cifar-10/train/47985.png,frog,test,6
data/raw/cifar-10/train/48277.png,truck,test,9
data/raw/cifar-10/train/46438.png,cat,test,3
data/raw/cifar-10/train/46850.png,horse,test,7
data/raw/cifar-10/train/15666.png,automobile,test,1
data/raw/cifar-10/train/4258.png,bird,test,2
data/raw/cifar-10/train/47601.png,frog,test,6
data/raw/cifar-10/train/4744.png,ship,test,8
data/raw/cifar-10/train/39053.png,frog,test,6
data/raw/cifar-10/train/20008.png,cat,test,3
data/raw/cifar-10/train/24023.png,cat,test,3
data/raw/cifar-10/train/21095.png,automobile,test,1
data/raw/cifar-10/train/21774.png,horse,test,7
data/raw/cifar-10/train/5664.png,automobile,test,1
data/raw/cifar-10/train/3830.png,ship,test,8
data/raw/cifar-10/train/21374.png,cat,test,3
data/raw/cifar-10/train/9615.png,airplane,test,0
data/raw/cifar-10/train/18853.png,dog,test,5
data/raw/cifar-10/train/28433.png,frog,test,6
data/raw/cifar-10/train/38416.png,horse,test,7
data/raw/cifar-10/train/29339.png,airplane,test,0
data/raw/cifar-10/train/30263.png,ship,test,8
data/raw/cifar-10/train/47529.png,dog,test,5
data/raw/cifar-10/train/13387.png,ship,test,8
data/raw/cifar-10/train/705.png,ship,test,8
data/raw/cifar-10/train/13913.png,ship,test,8
data/raw/cifar-10/train/48400.png,deer,test,4
data/raw/cifar-10/train/43332.png,bird,test,2
data/raw/cifar-10/train/30621.png,truck,test,9
data/raw/cifar-10/train/38133.png,truck,test,9
data/raw/cifar-10/train/37801.png,horse,test,7
data/raw/cifar-10/train/45300.png,deer,test,4
data/raw/cifar-10/train/37721.png,dog,test,5
data/raw/cifar-10/train/6956.png,automobile,test,1
data/raw/cifar-10/train/4868.png,ship,test,8
data/raw/cifar-10/train/25133.png,horse,test,7
data/raw/cifar-10/train/21474.png,deer,test,4
data/raw/cifar-10/train/19613.png,dog,test,5
data/raw/cifar-10/train/8791.png,cat,test,3
data/raw/cifar-10/train/29696.png,ship,test,8
data/raw/cifar-10/train/815.png,dog,test,5
data/raw/cifar-10/train/17941.png,frog,test,6
data/raw/cifar-10/train/5908.png,frog,test,6
data/raw/cifar-10/train/20751.png,automobile,test,1
data/raw/cifar-10/train/16060.png,frog,test,6
data/raw/cifar-10/train/42011.png,airplane,test,0
data/raw/cifar-10/train/30569.png,horse,test,7
data/raw/cifar-10/train/34051.png,bird,test,2
data/raw/cifar-10/train/37085.png,frog,test,6
data/raw/cifar-10/train/17201.png,airplane,test,0
data/raw/cifar-10/train/44294.png,dog,test,5
data/raw/cifar-10/train/22024.png,ship,test,8
data/raw/cifar-10/train/23367.png,frog,test,6
data/raw/cifar-10/train/22278.png,frog,test,6
data/raw/cifar-10/train/6835.png,truck,test,9
data/raw/cifar-10/train/46059.png,cat,test,3
data/raw/cifar-10/train/39808.png,horse,test,7
data/raw/cifar-10/train/38681.png,dog,test,5
data/raw/cifar-10/train/17466.png,airplane,test,0
data/raw/cifar-10/train/12639.png,bird,test,2
data/raw/cifar-10/train/18567.png,deer,test,4
data/raw/cifar-10/train/27435.png,airplane,test,0
data/raw/cifar-10/train/44653.png,bird,test,2
data/raw/cifar-10/train/27442.png,cat,test,3
data/raw/cifar-10/train/38473.png,cat,test,3
data/raw/cifar-10/train/21203.png,ship,test,8
data/raw/cifar-10/train/35765.png,bird,test,2
data/raw/cifar-10/train/13423.png,automobile,test,1
data/raw/cifar-10/train/41107.png,frog,test,6
data/raw/cifar-10/train/47437.png,deer,test,4
data/raw/cifar-10/train/42835.png,automobile,test,1
data/raw/cifar-10/train/4542.png,truck,test,9
data/raw/cifar-10/train/1821.png,automobile,test,1
data/raw/cifar-10/train/11793.png,frog,test,6
data/raw/cifar-10/train/45365.png,airplane,test,0
data/raw/cifar-10/train/47372.png,bird,test,2
data/raw/cifar-10/train/47472.png,frog,test,6
data/raw/cifar-10/train/36108.png,automobile,test,1
data/raw/cifar-10/train/11667.png,bird,test,2
data/raw/cifar-10/train/44491.png,ship,test,8
data/raw/cifar-10/train/2467.png,automobile,test,1
data/raw/cifar-10/train/7150.png,ship,test,8
data/raw/cifar-10/train/37266.png,airplane,test,0
data/raw/cifar-10/train/37885.png,horse,test,7
data/raw/cifar-10/train/42883.png,cat,test,3
data/raw/cifar-10/train/20501.png,ship,test,8
data/raw/cifar-10/train/26044.png,cat,test,3
data/raw/cifar-10/train/3410.png,truck,test,9
data/raw/cifar-10/train/185.png,automobile,test,1
data/raw/cifar-10/train/20816.png,deer,test,4
data/raw/cifar-10/train/44670.png,truck,test,9
data/raw/cifar-10/train/1043.png,horse,test,7
data/raw/cifar-10/train/14487.png,airplane,test,0
data/raw/cifar-10/train/7021.png,frog,test,6
data/raw/cifar-10/train/21422.png,dog,test,5
data/raw/cifar-10/train/20670.png,dog,test,5
data/raw/cifar-10/train/17377.png,dog,test,5
data/raw/cifar-10/train/7381.png,bird,test,2
data/raw/cifar-10/train/49967.png,frog,test,6
data/raw/cifar-10/train/29452.png,cat,test,3
data/raw/cifar-10/train/19841.png,truck,test,9
data/raw/cifar-10/train/28719.png,dog,test,5
data/raw/cifar-10/train/33154.png,airplane,test,0
data/raw/cifar-10/train/23562.png,horse,test,7
data/raw/cifar-10/train/22538.png,ship,test,8
data/raw/cifar-10/train/35549.png,airplane,test,0
data/raw/cifar-10/train/808.png,frog,test,6
data/raw/cifar-10/train/41404.png,ship,test,8
data/raw/cifar-10/train/15834.png,frog,test,6
data/raw/cifar-10/train/29418.png,bird,test,2
data/raw/cifar-10/train/33789.png,cat,test,3
data/raw/cifar-10/train/594.png,automobile,test,1
data/raw/cifar-10/train/44999.png,dog,test,5
data/raw/cifar-10/train/18347.png,dog,test,5
data/raw/cifar-10/train/42200.png,airplane,test,0
data/raw/cifar-10/train/25256.png,frog,test,6
data/raw/cifar-10/train/36669.png,truck,test,9
data/raw/cifar-10/train/712.png,deer,test,4
data/raw/cifar-10/train/24391.png,horse,test,7
data/raw/cifar-10/train/23901.png,automobile,test,1
data/raw/cifar-10/train/22094.png,automobile,test,1
data/raw/cifar-10/train/20613.png,ship,test,8
data/raw/cifar-10/train/42015.png,bird,test,2
data/raw/cifar-10/train/29227.png,automobile,test,1
data/raw/cifar-10/train/40155.png,dog,test,5
data/raw/cifar-10/train/39241.png,automobile,test,1
data/raw/cifar-10/train/28436.png,ship,test,8
data/raw/cifar-10/train/2563.png,cat,test,3
data/raw/cifar-10/train/17087.png,bird,test,2
data/raw/cifar-10/train/16717.png,ship,test,8
data/raw/cifar-10/train/25514.png,ship,test,8
data/raw/cifar-10/train/49225.png,bird,test,2
data/raw/cifar-10/train/44354.png,horse,test,7
data/raw/cifar-10/train/12014.png,cat,test,3
data/raw/cifar-10/train/7437.png,deer,test,4
data/raw/cifar-10/train/16464.png,deer,test,4
data/raw/cifar-10/train/45517.png,airplane,test,0
data/raw/cifar-10/train/23586.png,horse,test,7
data/raw/cifar-10/train/37206.png,horse,test,7
data/raw/cifar-10/train/42446.png,cat,test,3
data/raw/cifar-10/train/32030.png,deer,test,4
data/raw/cifar-10/train/35234.png,truck,test,9
data/raw/cifar-10/train/46457.png,horse,test,7
data/raw/cifar-10/train/42522.png,ship,test,8
data/raw/cifar-10/train/49173.png,dog,test,5
data/raw/cifar-10/train/38355.png,deer,test,4
data/raw/cifar-10/train/2918.png,truck,test,9
data/raw/cifar-10/train/37633.png,dog,test,5
data/raw/cifar-10/train/36245.png,cat,test,3
data/raw/cifar-10/train/23865.png,automobile,test,1
data/raw/cifar-10/train/44500.png,automobile,test,1
data/raw/cifar-10/train/3360.png,ship,test,8
data/raw/cifar-10/train/30443.png,deer,test,4
data/raw/cifar-10/train/15149.png,horse,test,7
data/raw/cifar-10/train/24899.png,horse,test,7
data/raw/cifar-10/train/48938.png,deer,test,4
data/raw/cifar-10/train/47275.png,airplane,test,0
data/raw/cifar-10/train/26352.png,deer,test,4
data/raw/cifar-10/train/7920.png,bird,test,2
data/raw/cifar-10/train/3666.png,airplane,test,0
data/raw/cifar-10/train/40903.png,truck,test,9
data/raw/cifar-10/train/13585.png,cat,test,3
data/raw/cifar-10/train/7870.png,cat,test,3
data/raw/cifar-10/train/13791.png,horse,test,7
data/raw/cifar-10/train/40505.png,airplane,test,0
data/raw/cifar-10/train/45849.png,truck,test,9
data/raw/cifar-10/train/34361.png,cat,test,3
data/raw/cifar-10/train/40062.png,horse,test,7
data/raw/cifar-10/train/41423.png,bird,test,2
data/raw/cifar-10/train/3771.png,ship,test,8
data/raw/cifar-10/train/6922.png,bird,test,2
data/raw/cifar-10/train/46838.png,bird,test,2
data/raw/cifar-10/train/33765.png,airplane,test,0
data/raw/cifar-10/train/22484.png,dog,test,5
data/raw/cifar-10/train/9393.png,automobile,test,1
data/raw/cifar-10/train/16997.png,horse,test,7
data/raw/cifar-10/train/2242.png,frog,test,6
data/raw/cifar-10/train/10320.png,dog,test,5
data/raw/cifar-10/train/19107.png,airplane,test,0
data/raw/cifar-10/train/35065.png,truck,test,9
data/raw/cifar-10/train/3527.png,truck,test,9
data/raw/cifar-10/train/38369.png,airplane,test,0
data/raw/cifar-10/train/20379.png,cat,test,3
data/raw/cifar-10/train/6717.png,cat,test,3
data/raw/cifar-10/train/1304.png,deer,test,4
data/raw/cifar-10/train/658.png,truck,test,9
data/raw/cifar-10/train/25519.png,ship,test,8
data/raw/cifar-10/train/30782.png,horse,test,7
data/raw/cifar-10/train/49426.png,truck,test,9
data/raw/cifar-10/train/44367.png,horse,test,7
data/raw/cifar-10/train/4010.png,dog,test,5
data/raw/cifar-10/train/14748.png,deer,test,4
data/raw/cifar-10/train/44365.png,ship,test,8
data/raw/cifar-10/train/8700.png,frog,test,6
data/raw/cifar-10/train/8488.png,deer,test,4
data/raw/cifar-10/train/22944.png,automobile,test,1
data/raw/cifar-10/train/4902.png,horse,test,7
data/raw/cifar-10/train/3842.png,frog,test,6
data/raw/cifar-10/train/48685.png,horse,test,7
data/raw/cifar-10/train/6250.png,deer,test,4
data/raw/cifar-10/train/6128.png,frog,test,6
data/raw/cifar-10/train/1494.png,airplane,test,0
data/raw/cifar-10/train/43628.png,deer,test,4
data/raw/cifar-10/train/8902.png,horse,test,7
data/raw/cifar-10/train/4409.png,ship,test,8
data/raw/cifar-10/train/7064.png,cat,test,3
data/raw/cifar-10/train/48352.png,deer,test,4
data/raw/cifar-10/train/29715.png,bird,test,2
data/raw/cifar-10/train/39155.png,ship,test,8
data/raw/cifar-10/train/30350.png,dog,test,5
data/raw/cifar-10/train/33775.png,truck,test,9
data/raw/cifar-10/train/17245.png,automobile,test,1
data/raw/cifar-10/train/26652.png,bird,test,2
data/raw/cifar-10/train/10818.png,ship,test,8
data/raw/cifar-10/train/22126.png,cat,test,3
data/raw/cifar-10/train/48580.png,horse,test,7
data/raw/cifar-10/train/31203.png,ship,test,8
data/raw/cifar-10/train/36051.png,truck,test,9
data/raw/cifar-10/train/45683.png,horse,test,7
data/raw/cifar-10/train/16316.png,ship,test,8
data/raw/cifar-10/train/24684.png,truck,test,9
data/raw/cifar-10/train/6940.png,horse,test,7
data/raw/cifar-10/train/17956.png,bird,test,2
data/raw/cifar-10/train/28996.png,dog,test,5
data/raw/cifar-10/train/37097.png,dog,test,5
data/raw/cifar-10/train/48011.png,dog,test,5
data/raw/cifar-10/train/9497.png,horse,test,7
data/raw/cifar-10/train/33205.png,bird,test,2
data/raw/cifar-10/train/6697.png,horse,test,7
data/raw/cifar-10/train/16303.png,truck,test,9
data/raw/cifar-10/train/38813.png,automobile,test,1
data/raw/cifar-10/train/49740.png,airplane,test,0
data/raw/cifar-10/train/44097.png,frog,test,6
data/raw/cifar-10/train/15924.png,airplane,test,0
data/raw/cifar-10/train/21215.png,dog,test,5
data/raw/cifar-10/train/8159.png,cat,test,3
data/raw/cifar-10/train/44032.png,airplane,test,0
data/raw/cifar-10/train/37431.png,horse,test,7
data/raw/cifar-10/train/22210.png,cat,test,3
data/raw/cifar-10/train/33375.png,horse,test,7
data/raw/cifar-10/train/10567.png,dog,test,5
data/raw/cifar-10/train/34870.png,ship,test,8
data/raw/cifar-10/train/26405.png,automobile,test,1
data/raw/cifar-10/train/43868.png,airplane,test,0
data/raw/cifar-10/train/20166.png,truck,test,9
data/raw/cifar-10/train/6950.png,frog,test,6
data/raw/cifar-10/train/2828.png,automobile,test,1
data/raw/cifar-10/train/19528.png,airplane,test,0
data/raw/cifar-10/train/13035.png,truck,test,9
data/raw/cifar-10/train/20110.png,horse,test,7
data/raw/cifar-10/train/4300.png,automobile,test,1
data/raw/cifar-10/train/48518.png,cat,test,3
data/raw/cifar-10/train/49739.png,horse,test,7
data/raw/cifar-10/train/44170.png,horse,test,7
data/raw/cifar-10/train/27105.png,airplane,test,0
data/raw/cifar-10/train/11921.png,automobile,test,1
data/raw/cifar-10/train/32313.png,cat,test,3
data/raw/cifar-10/train/13575.png,ship,test,8
data/raw/cifar-10/train/39752.png,cat,test,3
data/raw/cifar-10/train/14255.png,horse,test,7
data/raw/cifar-10/train/4592.png,automobile,test,1
data/raw/cifar-10/train/37675.png,airplane,test,0
data/raw/cifar-10/train/16556.png,automobile,test,1
data/raw/cifar-10/train/9768.png,airplane,test,0
data/raw/cifar-10/train/1064.png,frog,test,6
data/raw/cifar-10/train/48126.png,ship,test,8
data/raw/cifar-10/train/26002.png,bird,test,2
data/raw/cifar-10/train/34683.png,cat,test,3
data/raw/cifar-10/train/28524.png,cat,test,3
data/raw/cifar-10/train/22455.png,horse,test,7
data/raw/cifar-10/train/36933.png,horse,test,7
data/raw/cifar-10/train/23210.png,bird,test,2
data/raw/cifar-10/train/19104.png,airplane,test,0
data/raw/cifar-10/train/20759.png,airplane,test,0
data/raw/cifar-10/train/10605.png,deer,test,4
data/raw/cifar-10/train/46243.png,bird,test,2
data/raw/cifar-10/train/5487.png,deer,test,4
data/raw/cifar-10/train/36875.png,ship,test,8
data/raw/cifar-10/train/31083.png,horse,test,7
data/raw/cifar-10/train/10760.png,dog,test,5
data/raw/cifar-10/train/2876.png,bird,test,2
data/raw/cifar-10/train/41131.png,dog,test,5
data/raw/cifar-10/train/44709.png,frog,test,6
data/raw/cifar-10/train/38904.png,cat,test,3
data/raw/cifar-10/train/23684.png,frog,test,6
data/raw/cifar-10/train/26528.png,bird,test,2
data/raw/cifar-10/train/37369.png,bird,test,2
data/raw/cifar-10/train/31948.png,airplane,test,0
data/raw/cifar-10/train/15162.png,ship,test,8
data/raw/cifar-10/train/5588.png,airplane,test,0
data/raw/cifar-10/train/28291.png,deer,test,4
data/raw/cifar-10/train/21311.png,airplane,test,0
data/raw/cifar-10/train/40801.png,dog,test,5
data/raw/cifar-10/train/10184.png,frog,test,6
data/raw/cifar-10/train/13038.png,automobile,test,1
data/raw/cifar-10/train/29152.png,airplane,test,0
data/raw/cifar-10/train/9582.png,horse,test,7
data/raw/cifar-10/train/2265.png,airplane,test,0
data/raw/cifar-10/train/9628.png,ship,test,8
data/raw/cifar-10/train/21859.png,dog,test,5
data/raw/cifar-10/train/18819.png,deer,test,4
data/raw/cifar-10/train/22372.png,deer,test,4
data/raw/cifar-10/train/17106.png,frog,test,6
data/raw/cifar-10/train/30009.png,deer,test,4
data/raw/cifar-10/train/37.png,cat,test,3
data/raw/cifar-10/train/2859.png,deer,test,4
data/raw/cifar-10/train/39981.png,cat,test,3
data/raw/cifar-10/train/1569.png,cat,test,3
data/raw/cifar-10/train/11614.png,ship,test,8
data/raw/cifar-10/train/46671.png,ship,test,8
data/raw/cifar-10/train/1149.png,deer,test,4
data/raw/cifar-10/train/26072.png,dog,test,5
data/raw/cifar-10/train/20780.png,bird,test,2
data/raw/cifar-10/train/21724.png,airplane,test,0
data/raw/cifar-10/train/37286.png,truck,test,9
data/raw/cifar-10/train/16499.png,bird,test,2
data/raw/cifar-10/train/2854.png,truck,test,9
data/raw/cifar-10/train/9689.png,dog,test,5
data/raw/cifar-10/train/18441.png,dog,test,5
data/raw/cifar-10/train/15292.png,frog,test,6
data/raw/cifar-10/train/18880.png,automobile,test,1
data/raw/cifar-10/train/31935.png,cat,test,3
data/raw/cifar-10/train/18962.png,automobile,test,1
data/raw/cifar-10/train/18766.png,airplane,test,0
data/raw/cifar-10/train/31172.png,bird,test,2
data/raw/cifar-10/train/37686.png,dog,test,5
data/raw/cifar-10/train/685.png,cat,test,3
data/raw/cifar-10/train/9488.png,truck,test,9
data/raw/cifar-10/train/30103.png,bird,test,2
data/raw/cifar-10/train/45972.png,frog,test,6
data/raw/cifar-10/train/11156.png,dog,test,5
data/raw/cifar-10/train/15757.png,automobile,test,1
data/raw/cifar-10/train/42747.png,bird,test,2
data/raw/cifar-10/train/6108.png,frog,test,6
data/raw/cifar-10/train/48861.png,deer,test,4
data/raw/cifar-10/train/13217.png,frog,test,6
data/raw/cifar-10/train/33444.png,cat,test,3
data/raw/cifar-10/train/34166.png,horse,test,7
data/raw/cifar-10/train/49512.png,airplane,test,0
data/raw/cifar-10/train/43160.png,ship,test,8
data/raw/cifar-10/train/31616.png,deer,test,4
data/raw/cifar-10/train/6309.png,airplane,test,0
data/raw/cifar-10/train/35908.png,deer,test,4
data/raw/cifar-10/train/1717.png,horse,test,7
data/raw/cifar-10/train/9763.png,frog,test,6
data/raw/cifar-10/train/35020.png,truck,test,9
data/raw/cifar-10/train/40714.png,automobile,test,1
data/raw/cifar-10/train/22034.png,truck,test,9
data/raw/cifar-10/train/14440.png,bird,test,2
data/raw/cifar-10/train/14390.png,ship,test,8
data/raw/cifar-10/train/31867.png,deer,test,4
data/raw/cifar-10/train/298.png,dog,test,5
data/raw/cifar-10/train/24687.png,deer,test,4
data/raw/cifar-10/train/39189.png,frog,test,6
data/raw/cifar-10/train/45380.png,cat,test,3
data/raw/cifar-10/train/18344.png,truck,test,9
data/raw/cifar-10/train/14490.png,horse,test,7
data/raw/cifar-10/train/83.png,deer,test,4
data/raw/cifar-10/train/29809.png,automobile,test,1
data/raw/cifar-10/train/171.png,ship,test,8
data/raw/cifar-10/train/7918.png,truck,test,9
data/raw/cifar-10/train/6178.png,bird,test,2
data/raw/cifar-10/train/11336.png,bird,test,2
data/raw/cifar-10/train/46016.png,ship,test,8
data/raw/cifar-10/train/31673.png,frog,test,6
data/raw/cifar-10/train/40717.png,bird,test,2
data/raw/cifar-10/train/19127.png,cat,test,3
data/raw/cifar-10/train/30776.png,truck,test,9
data/raw/cifar-10/train/33279.png,frog,test,6
data/raw/cifar-10/train/38915.png,ship,test,8
data/raw/cifar-10/train/43637.png,automobile,test,1
data/raw/cifar-10/train/7591.png,dog,test,5
data/raw/cifar-10/train/49659.png,automobile,test,1
data/raw/cifar-10/train/42040.png,airplane,test,0
data/raw/cifar-10/train/40045.png,dog,test,5
data/raw/cifar-10/train/3911.png,cat,test,3
data/raw/cifar-10/train/8143.png,horse,test,7
data/raw/cifar-10/train/13273.png,horse,test,7
data/raw/cifar-10/train/24575.png,horse,test,7
data/raw/cifar-10/train/12989.png,cat,test,3
data/raw/cifar-10/train/41036.png,cat,test,3
data/raw/cifar-10/train/44920.png,truck,test,9
data/raw/cifar-10/train/40841.png,deer,test,4
data/raw/cifar-10/train/12110.png,bird,test,2
data/raw/cifar-10/train/19938.png,ship,test,8
data/raw/cifar-10/train/18358.png,truck,test,9
data/raw/cifar-10/train/38118.png,truck,test,9
data/raw/cifar-10/train/28983.png,dog,test,5
data/raw/cifar-10/train/48494.png,bird,test,2
data/raw/cifar-10/train/46567.png,deer,test,4
data/raw/cifar-10/train/39690.png,cat,test,3
data/raw/cifar-10/train/20509.png,ship,test,8
data/raw/cifar-10/train/7623.png,automobile,test,1
data/raw/cifar-10/train/20645.png,dog,test,5
data/raw/cifar-10/train/42793.png,bird,test,2
data/raw/cifar-10/train/44956.png,dog,test,5
data/raw/cifar-10/train/21988.png,bird,test,2
data/raw/cifar-10/train/1917.png,cat,test,3
data/raw/cifar-10/train/21921.png,dog,test,5
data/raw/cifar-10/train/22907.png,automobile,test,1
data/raw/cifar-10/train/31280.png,frog,test,6
data/raw/cifar-10/train/37490.png,horse,test,7
data/raw/cifar-10/train/1846.png,cat,test,3
data/raw/cifar-10/train/11600.png,truck,test,9
data/raw/cifar-10/train/29096.png,frog,test,6
data/raw/cifar-10/train/49723.png,dog,test,5
data/raw/cifar-10/train/20802.png,dog,test,5
data/raw/cifar-10/train/45902.png,cat,test,3
data/raw/cifar-10/train/12554.png,airplane,test,0
data/raw/cifar-10/train/40662.png,bird,test,2
data/raw/cifar-10/train/48837.png,ship,test,8
data/raw/cifar-10/train/29973.png,truck,test,9
data/raw/cifar-10/train/33425.png,dog,test,5
data/raw/cifar-10/train/2817.png,bird,test,2
data/raw/cifar-10/train/26769.png,bird,test,2
data/raw/cifar-10/train/2480.png,frog,test,6
data/raw/cifar-10/train/3119.png,bird,test,2
data/raw/cifar-10/train/33505.png,dog,test,5
data/raw/cifar-10/train/47401.png,ship,test,8
data/raw/cifar-10/train/22365.png,cat,test,3
data/raw/cifar-10/train/47088.png,horse,test,7
data/raw/cifar-10/train/5463.png,deer,test,4
data/raw/cifar-10/train/28537.png,dog,test,5
data/raw/cifar-10/train/26680.png,dog,test,5
data/raw/cifar-10/train/16859.png,deer,test,4
data/raw/cifar-10/train/26341.png,frog,test,6
data/raw/cifar-10/train/14369.png,cat,test,3
data/raw/cifar-10/train/26865.png,bird,test,2
data/raw/cifar-10/train/29265.png,automobile,test,1
data/raw/cifar-10/train/15238.png,ship,test,8
data/raw/cifar-10/train/15569.png,bird,test,2
data/raw/cifar-10/train/1827.png,deer,test,4
data/raw/cifar-10/train/7543.png,bird,test,2
data/raw/cifar-10/train/24285.png,automobile,test,1
data/raw/cifar-10/train/34646.png,truck,test,9
data/raw/cifar-10/train/47837.png,automobile,test,1
data/raw/cifar-10/train/604.png,cat,test,3
data/raw/cifar-10/train/6620.png,cat,test,3
data/raw/cifar-10/train/24543.png,truck,test,9
data/raw/cifar-10/train/17405.png,truck,test,9
data/raw/cifar-10/train/10536.png,automobile,test,1
data/raw/cifar-10/train/2600.png,ship,test,8
data/raw/cifar-10/train/8991.png,bird,test,2
data/raw/cifar-10/train/33241.png,ship,test,8
data/raw/cifar-10/train/18097.png,dog,test,5
data/raw/cifar-10/train/18020.png,truck,test,9
data/raw/cifar-10/train/19091.png,ship,test,8
data/raw/cifar-10/train/42063.png,bird,test,2
data/raw/cifar-10/train/25799.png,deer,test,4
data/raw/cifar-10/train/40068.png,deer,test,4
data/raw/cifar-10/train/40454.png,automobile,test,1
data/raw/cifar-10/train/44361.png,deer,test,4
data/raw/cifar-10/train/35784.png,automobile,test,1
data/raw/cifar-10/train/21757.png,frog,test,6
data/raw/cifar-10/train/1449.png,automobile,test,1
data/raw/cifar-10/train/10749.png,automobile,test,1
data/raw/cifar-10/train/31726.png,ship,test,8
data/raw/cifar-10/train/9875.png,airplane,test,0
data/raw/cifar-10/train/30910.png,airplane,test,0
data/raw/cifar-10/train/26686.png,frog,test,6
data/raw/cifar-10/train/7282.png,ship,test,8
data/raw/cifar-10/train/21634.png,airplane,test,0
data/raw/cifar-10/train/45435.png,automobile,test,1
data/raw/cifar-10/train/34575.png,deer,test,4
data/raw/cifar-10/train/14878.png,airplane,test,0
data/raw/cifar-10/train/28004.png,airplane,test,0
data/raw/cifar-10/train/7420.png,truck,test,9
data/raw/cifar-10/train/15246.png,horse,test,7
data/raw/cifar-10/train/18328.png,ship,test,8
data/raw/cifar-10/train/43530.png,deer,test,4
data/raw/cifar-10/train/23754.png,horse,test,7
data/raw/cifar-10/train/33478.png,dog,test,5
data/raw/cifar-10/train/31220.png,ship,test,8
data/raw/cifar-10/train/28543.png,frog,test,6
data/raw/cifar-10/train/23050.png,ship,test,8
data/raw/cifar-10/train/29736.png,airplane,test,0
data/raw/cifar-10/train/46691.png,dog,test,5
data/raw/cifar-10/train/43520.png,automobile,test,1
data/raw/cifar-10/train/34975.png,bird,test,2
data/raw/cifar-10/train/29128.png,dog,test,5
data/raw/cifar-10/train/40096.png,cat,test,3
data/raw/cifar-10/train/16486.png,deer,test,4
data/raw/cifar-10/train/35377.png,horse,test,7
data/raw/cifar-10/train/37961.png,deer,test,4
data/raw/cifar-10/train/18330.png,cat,test,3
data/raw/cifar-10/train/4226.png,ship,test,8
data/raw/cifar-10/train/20140.png,cat,test,3
data/raw/cifar-10/train/33030.png,ship,test,8
data/raw/cifar-10/train/22843.png,cat,test,3
data/raw/cifar-10/train/39650.png,dog,test,5
data/raw/cifar-10/train/24442.png,automobile,test,1
data/raw/cifar-10/train/45492.png,deer,test,4
data/raw/cifar-10/train/133.png,frog,test,6
data/raw/cifar-10/train/10651.png,airplane,test,0
data/raw/cifar-10/train/37019.png,deer,test,4
data/raw/cifar-10/train/28082.png,automobile,test,1
data/raw/cifar-10/train/44864.png,deer,test,4
data/raw/cifar-10/train/145.png,bird,test,2
data/raw/cifar-10/train/5096.png,frog,test,6
data/raw/cifar-10/train/18872.png,frog,test,6
data/raw/cifar-10/train/11404.png,automobile,test,1
data/raw/cifar-10/train/30523.png,deer,test,4
data/raw/cifar-10/train/26090.png,frog,test,6
data/raw/cifar-10/train/1927.png,airplane,test,0
data/raw/cifar-10/train/38353.png,bird,test,2
data/raw/cifar-10/train/22263.png,ship,test,8
data/raw/cifar-10/train/35548.png,dog,test,5
data/raw/cifar-10/train/17264.png,truck,test,9
data/raw/cifar-10/train/34533.png,truck,test,9
data/raw/cifar-10/train/35998.png,deer,test,4
data/raw/cifar-10/train/26667.png,ship,test,8
data/raw/cifar-10/train/6577.png,ship,test,8
data/raw/cifar-10/train/8987.png,cat,test,3
data/raw/cifar-10/train/9753.png,cat,test,3
data/raw/cifar-10/train/44565.png,truck,test,9
data/raw/cifar-10/train/41026.png,dog,test,5
data/raw/cifar-10/train/49579.png,horse,test,7
data/raw/cifar-10/train/13766.png,dog,test,5
data/raw/cifar-10/train/30362.png,cat,test,3
data/raw/cifar-10/train/969.png,horse,test,7
data/raw/cifar-10/train/41461.png,airplane,test,0
data/raw/cifar-10/train/17400.png,dog,test,5
data/raw/cifar-10/train/49053.png,dog,test,5
data/raw/cifar-10/train/16738.png,truck,test,9
data/raw/cifar-10/train/48361.png,deer,test,4
data/raw/cifar-10/train/31708.png,bird,test,2
data/raw/cifar-10/train/21104.png,cat,test,3
data/raw/cifar-10/train/44796.png,frog,test,6
data/raw/cifar-10/train/42392.png,frog,test,6
data/raw/cifar-10/train/45234.png,airplane,test,0
data/raw/cifar-10/train/32191.png,airplane,test,0
data/raw/cifar-10/train/27507.png,automobile,test,1
data/raw/cifar-10/train/46535.png,dog,test,5
data/raw/cifar-10/train/35145.png,cat,test,3
data/raw/cifar-10/train/37694.png,airplane,test,0
data/raw/cifar-10/train/49653.png,automobile,test,1
data/raw/cifar-10/train/47916.png,cat,test,3
data/raw/cifar-10/train/49921.png,dog,test,5
data/raw/cifar-10/train/29437.png,frog,test,6
data/raw/cifar-10/train/8298.png,airplane,test,0
data/raw/cifar-10/train/31390.png,horse,test,7
data/raw/cifar-10/train/25696.png,bird,test,2
data/raw/cifar-10/train/10243.png,dog,test,5
data/raw/cifar-10/train/42791.png,frog,test,6
data/raw/cifar-10/train/8097.png,airplane,test,0
data/raw/cifar-10/train/33566.png,frog,test,6
data/raw/cifar-10/train/33022.png,bird,test,2
data/raw/cifar-10/train/43911.png,truck,test,9
data/raw/cifar-10/train/21619.png,truck,test,9
data/raw/cifar-10/train/21868.png,bird,test,2
data/raw/cifar-10/train/34978.png,ship,test,8
data/raw/cifar-10/train/9186.png,cat,test,3
data/raw/cifar-10/train/23536.png,ship,test,8
data/raw/cifar-10/train/29599.png,ship,test,8
data/raw/cifar-10/train/9953.png,bird,test,2
data/raw/cifar-10/train/44285.png,dog,test,5
data/raw/cifar-10/train/21844.png,horse,test,7
data/raw/cifar-10/train/40259.png,automobile,test,1
data/raw/cifar-10/train/19709.png,dog,test,5
data/raw/cifar-10/train/4759.png,ship,test,8
data/raw/cifar-10/train/13109.png,automobile,test,1
data/raw/cifar-10/train/42195.png,dog,test,5
data/raw/cifar-10/train/39651.png,airplane,test,0
data/raw/cifar-10/train/45779.png,cat,test,3
data/raw/cifar-10/train/10404.png,automobile,test,1
data/raw/cifar-10/train/45773.png,dog,test,5
data/raw/cifar-10/train/37745.png,horse,test,7
data/raw/cifar-10/train/2400.png,horse,test,7
data/raw/cifar-10/train/5321.png,truck,test,9
data/raw/cifar-10/train/8558.png,frog,test,6
data/raw/cifar-10/train/27939.png,cat,test,3
data/raw/cifar-10/train/5537.png,horse,test,7
data/raw/cifar-10/train/12970.png,cat,test,3
data/raw/cifar-10/train/41105.png,bird,test,2
data/raw/cifar-10/train/36641.png,truck,test,9
data/raw/cifar-10/train/45907.png,truck,test,9
data/raw/cifar-10/train/24977.png,ship,test,8
data/raw/cifar-10/train/35795.png,cat,test,3
data/raw/cifar-10/train/48705.png,dog,test,5
data/raw/cifar-10/train/38430.png,cat,test,3
data/raw/cifar-10/train/35697.png,horse,test,7
data/raw/cifar-10/train/30628.png,deer,test,4
data/raw/cifar-10/train/107.png,ship,test,8
data/raw/cifar-10/train/3588.png,deer,test,4
data/raw/cifar-10/train/7663.png,bird,test,2
data/raw/cifar-10/train/15526.png,deer,test,4
data/raw/cifar-10/train/6891.png,truck,test,9
data/raw/cifar-10/train/15478.png,bird,test,2
data/raw/cifar-10/train/35182.png,ship,test,8
data/raw/cifar-10/train/1555.png,cat,test,3
data/raw/cifar-10/train/48509.png,airplane,test,0
data/raw/cifar-10/train/22989.png,bird,test,2
data/raw/cifar-10/train/2636.png,ship,test,8
data/raw/cifar-10/train/24555.png,ship,test,8
data/raw/cifar-10/train/40021.png,bird,test,2
data/raw/cifar-10/train/37762.png,airplane,test,0
data/raw/cifar-10/train/21550.png,cat,test,3
data/raw/cifar-10/train/26676.png,cat,test,3
data/raw/cifar-10/train/29897.png,dog,test,5
data/raw/cifar-10/train/44284.png,deer,test,4
data/raw/cifar-10/train/45942.png,dog,test,5
data/raw/cifar-10/train/28308.png,bird,test,2
data/raw/cifar-10/train/1265.png,deer,test,4
data/raw/cifar-10/train/43106.png,cat,test,3
data/raw/cifar-10/train/46908.png,bird,test,2
data/raw/cifar-10/train/14253.png,bird,test,2
data/raw/cifar-10/train/12195.png,ship,test,8
data/raw/cifar-10/train/8853.png,ship,test,8
data/raw/cifar-10/train/29275.png,airplane,test,0
data/raw/cifar-10/train/13973.png,deer,test,4
data/raw/cifar-10/train/13930.png,ship,test,8
data/raw/cifar-10/train/27374.png,bird,test,2
data/raw/cifar-10/train/22820.png,dog,test,5
data/raw/cifar-10/train/9277.png,deer,test,4
data/raw/cifar-10/train/44773.png,frog,test,6
data/raw/cifar-10/train/22600.png,horse,test,7
data/raw/cifar-10/train/4301.png,ship,test,8
data/raw/cifar-10/train/29171.png,ship,test,8
data/raw/cifar-10/train/24093.png,cat,test,3
data/raw/cifar-10/train/47223.png,frog,test,6
data/raw/cifar-10/train/26492.png,automobile,test,1
data/raw/cifar-10/train/2763.png,automobile,test,1
data/raw/cifar-10/train/24546.png,horse,test,7
data/raw/cifar-10/train/49824.png,truck,test,9
data/raw/cifar-10/train/36964.png,horse,test,7
data/raw/cifar-10/train/45105.png,ship,test,8
data/raw/cifar-10/train/39252.png,horse,test,7
data/raw/cifar-10/train/24174.png,truck,test,9
data/raw/cifar-10/train/16096.png,horse,test,7
data/raw/cifar-10/train/42021.png,bird,test,2
data/raw/cifar-10/train/41227.png,truck,test,9
data/raw/cifar-10/train/34283.png,horse,test,7
data/raw/cifar-10/train/33210.png,deer,test,4
data/raw/cifar-10/train/10236.png,horse,test,7
data/raw/cifar-10/train/41457.png,airplane,test,0
data/raw/cifar-10/train/39443.png,ship,test,8
data/raw/cifar-10/train/19357.png,truck,test,9
data/raw/cifar-10/train/45344.png,horse,test,7
data/raw/cifar-10/train/47829.png,horse,test,7
data/raw/cifar-10/train/48227.png,truck,test,9
data/raw/cifar-10/train/29594.png,airplane,test,0
data/raw/cifar-10/train/10792.png,truck,test,9
data/raw/cifar-10/train/40274.png,frog,test,6
data/raw/cifar-10/train/21576.png,truck,test,9
data/raw/cifar-10/train/45293.png,horse,test,7
data/raw/cifar-10/train/21708.png,dog,test,5
data/raw/cifar-10/train/42588.png,airplane,test,0
data/raw/cifar-10/train/36593.png,horse,test,7
data/raw/cifar-10/train/22146.png,automobile,test,1
data/raw/cifar-10/train/31899.png,deer,test,4
data/raw/cifar-10/train/49484.png,automobile,test,1
data/raw/cifar-10/train/13352.png,horse,test,7
data/raw/cifar-10/train/34182.png,bird,test,2
data/raw/cifar-10/train/49854.png,frog,test,6
data/raw/cifar-10/train/11222.png,bird,test,2
data/raw/cifar-10/train/27190.png,horse,test,7
data/raw/cifar-10/train/24316.png,ship,test,8
data/raw/cifar-10/train/41002.png,horse,test,7
data/raw/cifar-10/train/26170.png,bird,test,2
data/raw/cifar-10/train/36048.png,deer,test,4
data/raw/cifar-10/train/21682.png,ship,test,8
data/raw/cifar-10/train/49004.png,truck,test,9
data/raw/cifar-10/train/46498.png,deer,test,4
data/raw/cifar-10/train/12392.png,cat,test,3
data/raw/cifar-10/train/23080.png,airplane,test,0
data/raw/cifar-10/train/46792.png,frog,test,6
data/raw/cifar-10/train/23814.png,truck,test,9
data/raw/cifar-10/train/41706.png,cat,test,3
data/raw/cifar-10/train/21358.png,frog,test,6
data/raw/cifar-10/train/14948.png,horse,test,7
data/raw/cifar-10/train/43100.png,bird,test,2
data/raw/cifar-10/train/5438.png,truck,test,9
data/raw/cifar-10/train/43614.png,dog,test,5
data/raw/cifar-10/train/9766.png,automobile,test,1
data/raw/cifar-10/train/43206.png,automobile,test,1
data/raw/cifar-10/train/34781.png,airplane,test,0
data/raw/cifar-10/train/673.png,truck,test,9
data/raw/cifar-10/train/25938.png,horse,test,7
data/raw/cifar-10/train/28421.png,automobile,test,1
data/raw/cifar-10/train/33744.png,deer,test,4
data/raw/cifar-10/train/26952.png,ship,test,8
data/raw/cifar-10/train/42779.png,frog,test,6
data/raw/cifar-10/train/29068.png,ship,test,8
data/raw/cifar-10/train/35922.png,frog,test,6
data/raw/cifar-10/train/30018.png,dog,test,5
data/raw/cifar-10/train/21306.png,airplane,test,0
data/raw/cifar-10/train/38149.png,frog,test,6
data/raw/cifar-10/train/9076.png,horse,test,7
data/raw/cifar-10/train/43966.png,airplane,test,0
data/raw/cifar-10/train/11721.png,truck,test,9
data/raw/cifar-10/train/49532.png,dog,test,5
data/raw/cifar-10/train/3369.png,bird,test,2
data/raw/cifar-10/train/6077.png,horse,test,7
data/raw/cifar-10/train/6237.png,bird,test,2
data/raw/cifar-10/train/45497.png,deer,test,4
data/raw/cifar-10/train/25510.png,cat,test,3
data/raw/cifar-10/train/29425.png,bird,test,2
data/raw/cifar-10/train/5539.png,horse,test,7
data/raw/cifar-10/train/38033.png,bird,test,2
data/raw/cifar-10/train/28740.png,deer,test,4
data/raw/cifar-10/train/43472.png,ship,test,8
data/raw/cifar-10/train/20384.png,airplane,test,0
data/raw/cifar-10/train/31543.png,cat,test,3
data/raw/cifar-10/train/41742.png,airplane,test,0
data/raw/cifar-10/train/3658.png,truck,test,9
data/raw/cifar-10/train/28956.png,ship,test,8
data/raw/cifar-10/train/44174.png,cat,test,3
data/raw/cifar-10/train/39348.png,dog,test,5
data/raw/cifar-10/train/2141.png,horse,test,7
data/raw/cifar-10/train/9321.png,frog,test,6
data/raw/cifar-10/train/33766.png,dog,test,5
data/raw/cifar-10/train/8113.png,bird,test,2
data/raw/cifar-10/train/32675.png,frog,test,6
data/raw/cifar-10/train/43585.png,deer,test,4
data/raw/cifar-10/train/24082.png,cat,test,3
data/raw/cifar-10/train/5930.png,ship,test,8
data/raw/cifar-10/train/20512.png,deer,test,4
data/raw/cifar-10/train/5076.png,deer,test,4
data/raw/cifar-10/train/14953.png,dog,test,5
data/raw/cifar-10/train/43792.png,horse,test,7
data/raw/cifar-10/train/11204.png,horse,test,7
data/raw/cifar-10/train/35200.png,ship,test,8
data/raw/cifar-10/train/43975.png,deer,test,4
data/raw/cifar-10/train/12512.png,deer,test,4
data/raw/cifar-10/train/48808.png,deer,test,4
data/raw/cifar-10/train/43356.png,horse,test,7
data/raw/cifar-10/train/23197.png,horse,test,7
data/raw/cifar-10/train/34372.png,ship,test,8
data/raw/cifar-10/train/8889.png,bird,test,2
data/raw/cifar-10/train/47142.png,deer,test,4
data/raw/cifar-10/train/26731.png,bird,test,2
data/raw/cifar-10/train/21023.png,cat,test,3
data/raw/cifar-10/train/40235.png,horse,test,7
data/raw/cifar-10/train/16910.png,truck,test,9
data/raw/cifar-10/train/21505.png,bird,test,2
data/raw/cifar-10/train/37565.png,frog,test,6
data/raw/cifar-10/train/18138.png,dog,test,5
data/raw/cifar-10/train/39190.png,frog,test,6
data/raw/cifar-10/train/5953.png,airplane,test,0
data/raw/cifar-10/train/26551.png,automobile,test,1
data/raw/cifar-10/train/47791.png,frog,test,6
data/raw/cifar-10/train/11335.png,horse,test,7
data/raw/cifar-10/train/7427.png,cat,test,3
data/raw/cifar-10/train/37535.png,ship,test,8
data/raw/cifar-10/train/46514.png,airplane,test,0
data/raw/cifar-10/train/21764.png,frog,test,6
data/raw/cifar-10/train/35370.png,airplane,test,0
data/raw/cifar-10/train/14102.png,automobile,test,1
data/raw/cifar-10/train/21934.png,automobile,test,1
data/raw/cifar-10/train/3930.png,truck,test,9
data/raw/cifar-10/train/27875.png,bird,test,2
data/raw/cifar-10/train/27465.png,frog,test,6
data/raw/cifar-10/train/3135.png,cat,test,3
data/raw/cifar-10/train/43434.png,dog,test,5
data/raw/cifar-10/train/7279.png,frog,test,6
data/raw/cifar-10/train/19620.png,automobile,test,1
data/raw/cifar-10/train/22693.png,airplane,test,0
data/raw/cifar-10/train/36974.png,cat,test,3
data/raw/cifar-10/train/29324.png,horse,test,7
data/raw/cifar-10/train/39392.png,automobile,test,1
data/raw/cifar-10/train/8468.png,cat,test,3
data/raw/cifar-10/train/10070.png,ship,test,8
data/raw/cifar-10/train/34433.png,frog,test,6
data/raw/cifar-10/train/43034.png,deer,test,4
data/raw/cifar-10/train/41720.png,cat,test,3
data/raw/cifar-10/train/18413.png,cat,test,3
data/raw/cifar-10/train/44797.png,horse,test,7
data/raw/cifar-10/train/32988.png,ship,test,8
data/raw/cifar-10/train/17131.png,ship,test,8
data/raw/cifar-10/train/33156.png,horse,test,7
data/raw/cifar-10/train/17187.png,dog,test,5
data/raw/cifar-10/train/41877.png,truck,test,9
data/raw/cifar-10/train/42706.png,ship,test,8
data/raw/cifar-10/train/12601.png,ship,test,8
data/raw/cifar-10/train/41574.png,deer,test,4
data/raw/cifar-10/train/37203.png,horse,test,7
data/raw/cifar-10/train/25758.png,bird,test,2
data/raw/cifar-10/train/30147.png,frog,test,6
data/raw/cifar-10/train/35144.png,deer,test,4
data/raw/cifar-10/train/19007.png,deer,test,4
data/raw/cifar-10/train/40780.png,dog,test,5
data/raw/cifar-10/train/48579.png,horse,test,7
data/raw/cifar-10/train/29264.png,cat,test,3
data/raw/cifar-10/train/40613.png,airplane,test,0
data/raw/cifar-10/train/21809.png,automobile,test,1
data/raw/cifar-10/train/7762.png,bird,test,2
data/raw/cifar-10/train/13391.png,frog,test,6
data/raw/cifar-10/train/1902.png,automobile,test,1
data/raw/cifar-10/train/22881.png,truck,test,9
data/raw/cifar-10/train/35418.png,airplane,test,0
data/raw/cifar-10/train/47086.png,truck,test,9
data/raw/cifar-10/train/22641.png,frog,test,6
data/raw/cifar-10/train/36995.png,bird,test,2
data/raw/cifar-10/train/24807.png,deer,test,4
data/raw/cifar-10/train/23621.png,horse,test,7
data/raw/cifar-10/train/44215.png,dog,test,5
data/raw/cifar-10/train/22545.png,deer,test,4
data/raw/cifar-10/train/49850.png,automobile,test,1
data/raw/cifar-10/train/30738.png,cat,test,3
data/raw/cifar-10/train/21795.png,deer,test,4
data/raw/cifar-10/train/12405.png,truck,test,9
data/raw/cifar-10/train/45144.png,airplane,test,0
data/raw/cifar-10/train/48209.png,dog,test,5
data/raw/cifar-10/train/41858.png,automobile,test,1
data/raw/cifar-10/train/14221.png,truck,test,9
data/raw/cifar-10/train/11234.png,frog,test,6
data/raw/cifar-10/train/28690.png,bird,test,2
data/raw/cifar-10/train/27438.png,frog,test,6
data/raw/cifar-10/train/14966.png,dog,test,5
data/raw/cifar-10/train/29873.png,horse,test,7
data/raw/cifar-10/train/10768.png,bird,test,2
data/raw/cifar-10/train/35346.png,ship,test,8
data/raw/cifar-10/train/33396.png,bird,test,2
data/raw/cifar-10/train/48919.png,horse,test,7
data/raw/cifar-10/train/203.png,truck,test,9
data/raw/cifar-10/train/12190.png,ship,test,8
data/raw/cifar-10/train/7963.png,bird,test,2
data/raw/cifar-10/train/32295.png,automobile,test,1
data/raw/cifar-10/train/37930.png,automobile,test,1
data/raw/cifar-10/train/5353.png,truck,test,9
data/raw/cifar-10/train/21652.png,automobile,test,1
data/raw/cifar-10/train/29650.png,dog,test,5
data/raw/cifar-10/train/20908.png,automobile,test,1
data/raw/cifar-10/train/31505.png,horse,test,7
data/raw/cifar-10/train/18187.png,cat,test,3
data/raw/cifar-10/train/12021.png,ship,test,8
data/raw/cifar-10/train/1244.png,airplane,test,0
data/raw/cifar-10/train/7462.png,truck,test,9
data/raw/cifar-10/train/30905.png,airplane,test,0
data/raw/cifar-10/train/23330.png,deer,test,4
data/raw/cifar-10/train/22168.png,airplane,test,0
data/raw/cifar-10/train/17541.png,cat,test,3
data/raw/cifar-10/train/7745.png,ship,test,8
data/raw/cifar-10/train/48923.png,bird,test,2
data/raw/cifar-10/train/271.png,truck,test,9
data/raw/cifar-10/train/28986.png,ship,test,8
data/raw/cifar-10/train/11160.png,ship,test,8
data/raw/cifar-10/train/46608.png,bird,test,2
data/raw/cifar-10/train/13108.png,bird,test,2
data/raw/cifar-10/train/43336.png,deer,test,4
data/raw/cifar-10/train/8740.png,cat,test,3
data/raw/cifar-10/train/47021.png,truck,test,9
data/raw/cifar-10/train/41248.png,ship,test,8
data/raw/cifar-10/train/11221.png,bird,test,2
data/raw/cifar-10/train/38885.png,horse,test,7
data/raw/cifar-10/train/17443.png,ship,test,8
data/raw/cifar-10/train/6675.png,cat,test,3
data/raw/cifar-10/train/4202.png,frog,test,6
data/raw/cifar-10/train/37418.png,cat,test,3
data/raw/cifar-10/train/45112.png,deer,test,4
data/raw/cifar-10/train/6495.png,automobile,test,1
data/raw/cifar-10/train/17734.png,dog,test,5
data/raw/cifar-10/train/45049.png,truck,test,9
data/raw/cifar-10/train/42407.png,truck,test,9
data/raw/cifar-10/train/46861.png,horse,test,7
data/raw/cifar-10/train/18924.png,horse,test,7
data/raw/cifar-10/train/25778.png,dog,test,5
data/raw/cifar-10/train/29105.png,airplane,test,0
data/raw/cifar-10/train/33162.png,dog,test,5
data/raw/cifar-10/train/28120.png,truck,test,9
data/raw/cifar-10/train/42927.png,ship,test,8
data/raw/cifar-10/train/33965.png,cat,test,3
data/raw/cifar-10/train/49160.png,bird,test,2
data/raw/cifar-10/train/35388.png,bird,test,2
data/raw/cifar-10/train/34110.png,airplane,test,0
data/raw/cifar-10/train/19108.png,frog,test,6
data/raw/cifar-10/train/44194.png,bird,test,2
data/raw/cifar-10/train/29214.png,cat,test,3
data/raw/cifar-10/train/39569.png,frog,test,6
data/raw/cifar-10/train/31913.png,cat,test,3
data/raw/cifar-10/train/15207.png,ship,test,8
data/raw/cifar-10/train/25837.png,horse,test,7
data/raw/cifar-10/train/20082.png,ship,test,8
data/raw/cifar-10/train/3819.png,cat,test,3
data/raw/cifar-10/train/33943.png,ship,test,8
data/raw/cifar-10/train/3983.png,bird,test,2
data/raw/cifar-10/train/37341.png,deer,test,4
data/raw/cifar-10/train/47158.png,dog,test,5
data/raw/cifar-10/train/29078.png,dog,test,5
data/raw/cifar-10/train/19793.png,automobile,test,1
data/raw/cifar-10/train/23065.png,bird,test,2
data/raw/cifar-10/train/8536.png,airplane,test,0
data/raw/cifar-10/train/21078.png,dog,test,5
data/raw/cifar-10/train/11126.png,deer,test,4
data/raw/cifar-10/train/24860.png,airplane,test,0
data/raw/cifar-10/train/37451.png,deer,test,4
data/raw/cifar-10/train/39001.png,frog,test,6
data/raw/cifar-10/train/39297.png,deer,test,4
data/raw/cifar-10/train/47153.png,bird,test,2
data/raw/cifar-10/train/39130.png,cat,test,3
data/raw/cifar-10/train/40453.png,bird,test,2
data/raw/cifar-10/train/42161.png,deer,test,4
data/raw/cifar-10/train/32676.png,frog,test,6
data/raw/cifar-10/train/26271.png,horse,test,7
data/raw/cifar-10/train/49955.png,deer,test,4
data/raw/cifar-10/train/49294.png,horse,test,7
data/raw/cifar-10/train/13565.png,bird,test,2
data/raw/cifar-10/train/3195.png,cat,test,3
data/raw/cifar-10/train/7784.png,bird,test,2
data/raw/cifar-10/train/25644.png,deer,test,4
data/raw/cifar-10/train/16980.png,dog,test,5
data/raw/cifar-10/train/34912.png,automobile,test,1
data/raw/cifar-10/train/17363.png,bird,test,2
data/raw/cifar-10/train/43676.png,ship,test,8
data/raw/cifar-10/train/16026.png,horse,test,7
data/raw/cifar-10/train/45120.png,bird,test,2
data/raw/cifar-10/train/40545.png,frog,test,6
data/raw/cifar-10/train/31055.png,bird,test,2
data/raw/cifar-10/train/7143.png,cat,test,3
data/raw/cifar-10/train/5446.png,cat,test,3
data/raw/cifar-10/train/13855.png,ship,test,8
data/raw/cifar-10/train/5841.png,dog,test,5
data/raw/cifar-10/train/7785.png,airplane,test,0
data/raw/cifar-10/train/24883.png,frog,test,6
data/raw/cifar-10/train/45660.png,ship,test,8
data/raw/cifar-10/train/37344.png,bird,test,2
data/raw/cifar-10/train/45534.png,bird,test,2
data/raw/cifar-10/train/9337.png,truck,test,9
data/raw/cifar-10/train/21675.png,airplane,test,0
data/raw/cifar-10/train/48471.png,airplane,test,0
data/raw/cifar-10/train/30480.png,cat,test,3
data/raw/cifar-10/train/9336.png,automobile,test,1
data/raw/cifar-10/train/29380.png,bird,test,2
data/raw/cifar-10/train/49987.png,horse,test,7
data/raw/cifar-10/train/5151.png,bird,test,2
data/raw/cifar-10/train/816.png,automobile,test,1
data/raw/cifar-10/train/5725.png,bird,test,2
data/raw/cifar-10/train/1432.png,ship,test,8
data/raw/cifar-10/train/48231.png,frog,test,6
data/raw/cifar-10/train/26813.png,deer,test,4
data/raw/cifar-10/train/29198.png,truck,test,9
data/raw/cifar-10/train/44575.png,bird,test,2
data/raw/cifar-10/train/13754.png,frog,test,6
data/raw/cifar-10/train/22562.png,bird,test,2
data/raw/cifar-10/train/1128.png,cat,test,3
data/raw/cifar-10/train/16381.png,airplane,test,0
data/raw/cifar-10/train/8182.png,automobile,test,1
data/raw/cifar-10/train/32980.png,automobile,test,1
data/raw/cifar-10/train/48780.png,bird,test,2
data/raw/cifar-10/train/31590.png,horse,test,7
data/raw/cifar-10/train/30437.png,deer,test,4
data/raw/cifar-10/train/45238.png,dog,test,5
data/raw/cifar-10/train/49961.png,ship,test,8
data/raw/cifar-10/train/26607.png,horse,test,7
data/raw/cifar-10/train/42502.png,cat,test,3
data/raw/cifar-10/train/12491.png,ship,test,8
data/raw/cifar-10/train/19610.png,automobile,test,1
data/raw/cifar-10/train/9962.png,truck,test,9
data/raw/cifar-10/train/16494.png,frog,test,6
data/raw/cifar-10/train/13266.png,truck,test,9
data/raw/cifar-10/train/33457.png,ship,test,8
data/raw/cifar-10/train/38920.png,automobile,test,1
data/raw/cifar-10/train/38359.png,horse,test,7
data/raw/cifar-10/train/39985.png,truck,test,9
data/raw/cifar-10/train/4134.png,horse,test,7
data/raw/cifar-10/train/10600.png,dog,test,5
data/raw/cifar-10/train/41034.png,deer,test,4
data/raw/cifar-10/train/46892.png,deer,test,4
data/raw/cifar-10/train/6992.png,truck,test,9
data/raw/cifar-10/train/33281.png,cat,test,3
data/raw/cifar-10/train/11476.png,airplane,test,0
data/raw/cifar-10/train/34806.png,frog,test,6
data/raw/cifar-10/train/38344.png,dog,test,5
data/raw/cifar-10/train/39067.png,dog,test,5
data/raw/cifar-10/train/7922.png,dog,test,5
data/raw/cifar-10/train/39809.png,frog,test,6
data/raw/cifar-10/train/48771.png,frog,test,6
data/raw/cifar-10/train/45224.png,bird,test,2
data/raw/cifar-10/train/17038.png,horse,test,7
data/raw/cifar-10/train/26839.png,deer,test,4
data/raw/cifar-10/train/6194.png,frog,test,6
data/raw/cifar-10/train/47349.png,deer,test,4
data/raw/cifar-10/train/14864.png,horse,test,7
data/raw/cifar-10/train/47012.png,dog,test,5
data/raw/cifar-10/train/38901.png,airplane,test,0
data/raw/cifar-10/train/7375.png,automobile,test,1
data/raw/cifar-10/train/30202.png,dog,test,5
data/raw/cifar-10/train/13227.png,bird,test,2
data/raw/cifar-10/train/5832.png,automobile,test,1
data/raw/cifar-10/train/10741.png,dog,test,5
data/raw/cifar-10/train/39022.png,cat,test,3
data/raw/cifar-10/train/49837.png,frog,test,6
data/raw/cifar-10/train/24213.png,airplane,test,0
data/raw/cifar-10/train/45466.png,truck,test,9
data/raw/cifar-10/train/37965.png,cat,test,3
data/raw/cifar-10/train/30528.png,deer,test,4
data/raw/cifar-10/train/11577.png,ship,test,8
data/raw/cifar-10/train/2424.png,airplane,test,0
data/raw/cifar-10/train/20072.png,frog,test,6
data/raw/cifar-10/train/8805.png,deer,test,4
data/raw/cifar-10/train/21501.png,bird,test,2
data/raw/cifar-10/train/43891.png,dog,test,5
data/raw/cifar-10/train/40721.png,bird,test,2
data/raw/cifar-10/train/25086.png,frog,test,6
data/raw/cifar-10/train/42704.png,truck,test,9
data/raw/cifar-10/train/18007.png,cat,test,3
data/raw/cifar-10/train/8790.png,bird,test,2
data/raw/cifar-10/train/11935.png,bird,test,2
data/raw/cifar-10/train/30472.png,automobile,test,1
data/raw/cifar-10/train/36524.png,deer,test,4
data/raw/cifar-10/train/42810.png,deer,test,4
data/raw/cifar-10/train/6017.png,truck,test,9
data/raw/cifar-10/train/26860.png,cat,test,3
data/raw/cifar-10/train/3253.png,deer,test,4
data/raw/cifar-10/train/22739.png,bird,test,2
data/raw/cifar-10/train/46915.png,automobile,test,1
data/raw/cifar-10/train/42348.png,automobile,test,1
data/raw/cifar-10/train/40035.png,automobile,test,1
data/raw/cifar-10/train/19707.png,ship,test,8
data/raw/cifar-10/train/7908.png,airplane,test,0
data/raw/cifar-10/train/25762.png,frog,test,6
data/raw/cifar-10/train/34753.png,deer,test,4
data/raw/cifar-10/train/16944.png,truck,test,9
data/raw/cifar-10/train/29675.png,ship,test,8
data/raw/cifar-10/train/19914.png,cat,test,3
data/raw/cifar-10/train/13694.png,ship,test,8
data/raw/cifar-10/train/37999.png,cat,test,3
data/raw/cifar-10/train/49215.png,frog,test,6
data/raw/cifar-10/train/633.png,deer,test,4
data/raw/cifar-10/train/35286.png,airplane,test,0
data/raw/cifar-10/train/14945.png,horse,test,7
data/raw/cifar-10/train/36167.png,dog,test,5
data/raw/cifar-10/train/5178.png,frog,test,6
data/raw/cifar-10/train/4444.png,automobile,test,1
data/raw/cifar-10/train/48455.png,dog,test,5
data/raw/cifar-10/train/11237.png,cat,test,3
data/raw/cifar-10/train/12119.png,cat,test,3
data/raw/cifar-10/train/41749.png,automobile,test,1
data/raw/cifar-10/train/15102.png,truck,test,9
data/raw/cifar-10/train/40860.png,horse,test,7
data/raw/cifar-10/train/9129.png,cat,test,3
data/raw/cifar-10/train/20116.png,frog,test,6
data/raw/cifar-10/train/26608.png,airplane,test,0
data/raw/cifar-10/train/18611.png,frog,test,6
data/raw/cifar-10/train/20886.png,frog,test,6
data/raw/cifar-10/train/19572.png,automobile,test,1
data/raw/cifar-10/train/47398.png,bird,test,2
data/raw/cifar-10/train/9282.png,airplane,test,0
data/raw/cifar-10/train/48663.png,truck,test,9
data/raw/cifar-10/train/29765.png,ship,test,8
data/raw/cifar-10/train/15008.png,ship,test,8
data/raw/cifar-10/train/6329.png,airplane,test,0
data/raw/cifar-10/train/31603.png,cat,test,3
data/raw/cifar-10/train/7394.png,frog,test,6
data/raw/cifar-10/train/610.png,ship,test,8
data/raw/cifar-10/train/47366.png,automobile,test,1
data/raw/cifar-10/train/29721.png,frog,test,6
data/raw/cifar-10/train/32406.png,cat,test,3
data/raw/cifar-10/train/9637.png,frog,test,6
data/raw/cifar-10/train/14105.png,deer,test,4
data/raw/cifar-10/train/23641.png,ship,test,8
data/raw/cifar-10/train/41349.png,truck,test,9
data/raw/cifar-10/train/36153.png,bird,test,2
data/raw/cifar-10/train/40130.png,cat,test,3
data/raw/cifar-10/train/3585.png,ship,test,8
data/raw/cifar-10/train/17258.png,airplane,test,0
data/raw/cifar-10/train/3402.png,frog,test,6
data/raw/cifar-10/train/15638.png,truck,test,9
data/raw/cifar-10/train/4516.png,cat,test,3
data/raw/cifar-10/train/25279.png,automobile,test,1
data/raw/cifar-10/train/40001.png,automobile,test,1
data/raw/cifar-10/train/14395.png,horse,test,7
data/raw/cifar-10/train/2861.png,bird,test,2
data/raw/cifar-10/train/17700.png,cat,test,3
data/raw/cifar-10/train/46413.png,horse,test,7
data/raw/cifar-10/train/2392.png,airplane,test,0
data/raw/cifar-10/train/10199.png,truck,test,9
data/raw/cifar-10/train/14199.png,truck,test,9
data/raw/cifar-10/train/38878.png,deer,test,4
data/raw/cifar-10/train/32671.png,airplane,test,0
data/raw/cifar-10/train/34697.png,frog,test,6
data/raw/cifar-10/train/35357.png,automobile,test,1
data/raw/cifar-10/train/22713.png,ship,test,8
data/raw/cifar-10/train/19233.png,airplane,test,0
data/raw/cifar-10/train/40914.png,ship,test,8
data/raw/cifar-10/train/28873.png,bird,test,2
data/raw/cifar-10/train/9780.png,deer,test,4
data/raw/cifar-10/train/39388.png,automobile,test,1
data/raw/cifar-10/train/44368.png,automobile,test,1
data/raw/cifar-10/train/2937.png,bird,test,2
data/raw/cifar-10/train/3920.png,deer,test,4
data/raw/cifar-10/train/8732.png,dog,test,5
data/raw/cifar-10/train/3876.png,cat,test,3
data/raw/cifar-10/train/32930.png,deer,test,4
data/raw/cifar-10/train/27709.png,frog,test,6
data/raw/cifar-10/train/5818.png,bird,test,2
data/raw/cifar-10/train/23257.png,cat,test,3
data/raw/cifar-10/train/400.png,deer,test,4
data/raw/cifar-10/train/20535.png,cat,test,3
data/raw/cifar-10/train/23120.png,dog,test,5
data/raw/cifar-10/train/38414.png,ship,test,8
data/raw/cifar-10/train/44470.png,truck,test,9
data/raw/cifar-10/train/5468.png,dog,test,5
data/raw/cifar-10/train/22832.png,bird,test,2
data/raw/cifar-10/train/29010.png,frog,test,6
data/raw/cifar-10/train/10441.png,bird,test,2
data/raw/cifar-10/train/20343.png,deer,test,4
data/raw/cifar-10/train/20172.png,dog,test,5
data/raw/cifar-10/train/14695.png,frog,test,6
data/raw/cifar-10/train/18361.png,bird,test,2
data/raw/cifar-10/train/40741.png,airplane,test,0
data/raw/cifar-10/train/37070.png,deer,test,4
data/raw/cifar-10/train/45338.png,horse,test,7
data/raw/cifar-10/train/44241.png,truck,test,9
data/raw/cifar-10/train/37488.png,frog,test,6
data/raw/cifar-10/train/15548.png,horse,test,7
data/raw/cifar-10/train/18387.png,airplane,test,0
data/raw/cifar-10/train/23914.png,cat,test,3
data/raw/cifar-10/train/21821.png,horse,test,7
data/raw/cifar-10/train/12376.png,airplane,test,0
data/raw/cifar-10/train/2382.png,ship,test,8
data/raw/cifar-10/train/19399.png,ship,test,8
data/raw/cifar-10/train/25881.png,airplane,test,0
data/raw/cifar-10/train/25915.png,frog,test,6
data/raw/cifar-10/train/49616.png,airplane,test,0
data/raw/cifar-10/train/5077.png,automobile,test,1
data/raw/cifar-10/train/39203.png,deer,test,4
data/raw/cifar-10/train/8376.png,deer,test,4
data/raw/cifar-10/train/184.png,dog,test,5
data/raw/cifar-10/train/24270.png,automobile,test,1
data/raw/cifar-10/train/25773.png,cat,test,3
data/raw/cifar-10/train/30026.png,bird,test,2
data/raw/cifar-10/train/33784.png,ship,test,8
data/raw/cifar-10/train/13624.png,ship,test,8
data/raw/cifar-10/train/20354.png,automobile,test,1
data/raw/cifar-10/train/8058.png,ship,test,8
data/raw/cifar-10/train/11822.png,frog,test,6
data/raw/cifar-10/train/11268.png,dog,test,5
data/raw/cifar-10/train/42933.png,dog,test,5
data/raw/cifar-10/train/45697.png,truck,test,9
data/raw/cifar-10/train/13626.png,truck,test,9
data/raw/cifar-10/train/48443.png,truck,test,9
data/raw/cifar-10/train/29320.png,ship,test,8
data/raw/cifar-10/train/27976.png,truck,test,9
data/raw/cifar-10/train/42790.png,cat,test,3
data/raw/cifar-10/train/43711.png,automobile,test,1
data/raw/cifar-10/train/11054.png,horse,test,7
data/raw/cifar-10/train/46684.png,bird,test,2
data/raw/cifar-10/train/44528.png,ship,test,8
data/raw/cifar-10/train/34936.png,dog,test,5
data/raw/cifar-10/train/6033.png,horse,test,7
data/raw/cifar-10/train/44214.png,ship,test,8
data/raw/cifar-10/train/19305.png,horse,test,7
data/raw/cifar-10/train/46299.png,truck,test,9
data/raw/cifar-10/train/20814.png,airplane,test,0
data/raw/cifar-10/train/8974.png,automobile,test,1
data/raw/cifar-10/train/7988.png,cat,test,3
data/raw/cifar-10/train/21606.png,airplane,test,0
data/raw/cifar-10/train/45079.png,frog,test,6
data/raw/cifar-10/train/2189.png,dog,test,5
data/raw/cifar-10/train/37334.png,bird,test,2
data/raw/cifar-10/train/3554.png,horse,test,7
data/raw/cifar-10/train/28322.png,dog,test,5
data/raw/cifar-10/train/46122.png,cat,test,3
data/raw/cifar-10/train/21957.png,frog,test,6
data/raw/cifar-10/train/26946.png,truck,test,9
data/raw/cifar-10/train/36953.png,dog,test,5
data/raw/cifar-10/train/46773.png,frog,test,6
data/raw/cifar-10/train/47102.png,truck,test,9
data/raw/cifar-10/train/13878.png,automobile,test,1
data/raw/cifar-10/train/16180.png,deer,test,4
data/raw/cifar-10/train/20338.png,cat,test,3
data/raw/cifar-10/train/36112.png,frog,test,6
data/raw/cifar-10/train/41801.png,airplane,test,0
data/raw/cifar-10/train/43778.png,airplane,test,0
data/raw/cifar-10/train/2754.png,automobile,test,1
data/raw/cifar-10/train/48037.png,automobile,test,1
data/raw/cifar-10/train/39638.png,frog,test,6
data/raw/cifar-10/train/6118.png,horse,test,7
data/raw/cifar-10/train/11873.png,deer,test,4
data/raw/cifar-10/train/25873.png,automobile,test,1
data/raw/cifar-10/train/48732.png,deer,test,4
data/raw/cifar-10/train/17112.png,automobile,test,1
data/raw/cifar-10/train/9761.png,cat,test,3
data/raw/cifar-10/train/27676.png,truck,test,9
data/raw/cifar-10/train/2768.png,truck,test,9
data/raw/cifar-10/train/24964.png,automobile,test,1
data/raw/cifar-10/train/20765.png,automobile,test,1
data/raw/cifar-10/train/46689.png,cat,test,3
data/raw/cifar-10/train/27246.png,truck,test,9
data/raw/cifar-10/train/44979.png,deer,test,4
data/raw/cifar-10/train/17491.png,airplane,test,0
data/raw/cifar-10/train/8240.png,dog,test,5
data/raw/cifar-10/train/1450.png,cat,test,3
data/raw/cifar-10/train/40889.png,cat,test,3
data/raw/cifar-10/train/28366.png,truck,test,9
data/raw/cifar-10/train/1342.png,horse,test,7
data/raw/cifar-10/train/13146.png,deer,test,4
data/raw/cifar-10/train/17706.png,ship,test,8
data/raw/cifar-10/train/3844.png,cat,test,3
data/raw/cifar-10/train/43031.png,deer,test,4
data/raw/cifar-10/train/12184.png,automobile,test,1
data/raw/cifar-10/train/14583.png,horse,test,7
data/raw/cifar-10/train/23260.png,horse,test,7
data/raw/cifar-10/train/42781.png,frog,test,6
data/raw/cifar-10/train/14413.png,deer,test,4
data/raw/cifar-10/train/4384.png,ship,test,8
data/raw/cifar-10/train/31492.png,horse,test,7
data/raw/cifar-10/train/6105.png,dog,test,5
data/raw/cifar-10/train/16864.png,frog,test,6
data/raw/cifar-10/train/22386.png,deer,test,4
data/raw/cifar-10/train/19304.png,frog,test,6
data/raw/cifar-10/train/12624.png,bird,test,2
data/raw/cifar-10/train/43329.png,cat,test,3
data/raw/cifar-10/train/48677.png,bird,test,2
data/raw/cifar-10/train/46036.png,dog,test,5
data/raw/cifar-10/train/7017.png,horse,test,7
data/raw/cifar-10/train/46508.png,automobile,test,1
data/raw/cifar-10/train/35223.png,frog,test,6
data/raw/cifar-10/train/17170.png,automobile,test,1
data/raw/cifar-10/train/15227.png,cat,test,3
data/raw/cifar-10/train/7110.png,ship,test,8
data/raw/cifar-10/train/5189.png,horse,test,7
data/raw/cifar-10/train/3458.png,cat,test,3
data/raw/cifar-10/train/19662.png,truck,test,9
data/raw/cifar-10/train/21938.png,frog,test,6
data/raw/cifar-10/train/20240.png,ship,test,8
data/raw/cifar-10/train/318.png,airplane,test,0
data/raw/cifar-10/train/39820.png,airplane,test,0
data/raw/cifar-10/train/13379.png,horse,test,7
data/raw/cifar-10/train/3176.png,truck,test,9
data/raw/cifar-10/train/7303.png,truck,test,9
data/raw/cifar-10/train/2904.png,cat,test,3
data/raw/cifar-10/train/34772.png,cat,test,3
data/raw/cifar-10/train/26855.png,deer,test,4
data/raw/cifar-10/train/37505.png,airplane,test,0
data/raw/cifar-10/train/44198.png,cat,test,3
data/raw/cifar-10/train/14772.png,horse,test,7
data/raw/cifar-10/train/43969.png,cat,test,3
data/raw/cifar-10/train/34099.png,ship,test,8
data/raw/cifar-10/train/34478.png,deer,test,4
data/raw/cifar-10/train/41871.png,frog,test,6
data/raw/cifar-10/train/14437.png,truck,test,9
data/raw/cifar-10/train/12302.png,deer,test,4
data/raw/cifar-10/train/37632.png,cat,test,3
data/raw/cifar-10/train/33388.png,cat,test,3
data/raw/cifar-10/train/38035.png,ship,test,8
data/raw/cifar-10/train/23527.png,cat,test,3
data/raw/cifar-10/train/4172.png,automobile,test,1
data/raw/cifar-10/train/6999.png,horse,test,7
data/raw/cifar-10/train/38991.png,dog,test,5
data/raw/cifar-10/train/47699.png,bird,test,2
data/raw/cifar-10/train/21264.png,ship,test,8
data/raw/cifar-10/train/35565.png,deer,test,4
data/raw/cifar-10/train/29087.png,deer,test,4
data/raw/cifar-10/train/12330.png,cat,test,3
data/raw/cifar-10/train/38063.png,horse,test,7
data/raw/cifar-10/train/10767.png,deer,test,4
data/raw/cifar-10/train/13005.png,ship,test,8
data/raw/cifar-10/train/20161.png,frog,test,6
data/raw/cifar-10/train/36517.png,bird,test,2
data/raw/cifar-10/train/40825.png,frog,test,6
data/raw/cifar-10/train/378.png,cat,test,3
data/raw/cifar-10/train/18101.png,airplane,test,0
data/raw/cifar-10/train/43314.png,cat,test,3
data/raw/cifar-10/train/26823.png,truck,test,9
data/raw/cifar-10/train/25430.png,deer,test,4
data/raw/cifar-10/train/31214.png,airplane,test,0
data/raw/cifar-10/train/15736.png,airplane,test,0
data/raw/cifar-10/train/20812.png,automobile,test,1
data/raw/cifar-10/train/44057.png,truck,test,9
data/raw/cifar-10/train/34059.png,frog,test,6
data/raw/cifar-10/train/9067.png,automobile,test,1
data/raw/cifar-10/train/44775.png,bird,test,2
data/raw/cifar-10/train/30666.png,bird,test,2
data/raw/cifar-10/train/28863.png,bird,test,2
data/raw/cifar-10/train/2078.png,ship,test,8
data/raw/cifar-10/train/49913.png,horse,test,7
data/raw/cifar-10/train/15937.png,truck,test,9
data/raw/cifar-10/train/32221.png,airplane,test,0
data/raw/cifar-10/train/28350.png,deer,test,4
data/raw/cifar-10/train/38014.png,dog,test,5
data/raw/cifar-10/train/17685.png,frog,test,6
data/raw/cifar-10/train/29366.png,horse,test,7
data/raw/cifar-10/train/18952.png,airplane,test,0
data/raw/cifar-10/train/11944.png,bird,test,2
data/raw/cifar-10/train/49887.png,automobile,test,1
data/raw/cifar-10/train/7225.png,cat,test,3
data/raw/cifar-10/train/7728.png,airplane,test,0
data/raw/cifar-10/train/42018.png,ship,test,8
data/raw/cifar-10/train/15257.png,deer,test,4
data/raw/cifar-10/train/31002.png,ship,test,8
data/raw/cifar-10/train/14370.png,ship,test,8
data/raw/cifar-10/train/11304.png,frog,test,6
data/raw/cifar-10/train/35476.png,airplane,test,0
data/raw/cifar-10/train/34999.png,airplane,test,0
data/raw/cifar-10/train/19758.png,dog,test,5
data/raw/cifar-10/train/29857.png,airplane,test,0
data/raw/cifar-10/train/24834.png,automobile,test,1
data/raw/cifar-10/train/41939.png,dog,test,5
data/raw/cifar-10/train/31941.png,cat,test,3
data/raw/cifar-10/train/34843.png,truck,test,9
data/raw/cifar-10/train/36576.png,deer,test,4
data/raw/cifar-10/train/26745.png,airplane,test,0
data/raw/cifar-10/train/18125.png,horse,test,7
data/raw/cifar-10/train/15385.png,truck,test,9
data/raw/cifar-10/train/37479.png,truck,test,9
data/raw/cifar-10/train/12684.png,horse,test,7
data/raw/cifar-10/train/34684.png,ship,test,8
data/raw/cifar-10/train/32346.png,frog,test,6
data/raw/cifar-10/train/39372.png,truck,test,9
data/raw/cifar-10/train/38545.png,ship,test,8
data/raw/cifar-10/train/15935.png,automobile,test,1
data/raw/cifar-10/train/37733.png,dog,test,5
data/raw/cifar-10/train/23082.png,ship,test,8
data/raw/cifar-10/train/27595.png,bird,test,2
data/raw/cifar-10/train/25215.png,cat,test,3
data/raw/cifar-10/train/31120.png,airplane,test,0
data/raw/cifar-10/train/28163.png,cat,test,3
data/raw/cifar-10/train/1950.png,dog,test,5
data/raw/cifar-10/train/36063.png,frog,test,6
data/raw/cifar-10/train/2860.png,airplane,test,0
data/raw/cifar-10/train/42572.png,ship,test,8
data/raw/cifar-10/train/1198.png,horse,test,7
data/raw/cifar-10/train/34513.png,dog,test,5
data/raw/cifar-10/train/28464.png,horse,test,7
data/raw/cifar-10/train/49479.png,cat,test,3
data/raw/cifar-10/train/5304.png,dog,test,5
data/raw/cifar-10/train/35056.png,dog,test,5
data/raw/cifar-10/train/23072.png,deer,test,4
data/raw/cifar-10/train/10948.png,deer,test,4
data/raw/cifar-10/train/45882.png,deer,test,4
data/raw/cifar-10/train/20474.png,airplane,test,0
data/raw/cifar-10/train/5210.png,cat,test,3
data/raw/cifar-10/train/43403.png,cat,test,3
data/raw/cifar-10/train/20585.png,airplane,test,0
data/raw/cifar-10/train/41932.png,deer,test,4
data/raw/cifar-10/train/15067.png,truck,test,9
data/raw/cifar-10/train/6467.png,cat,test,3
data/raw/cifar-10/train/49650.png,dog,test,5
data/raw/cifar-10/train/32149.png,horse,test,7
data/raw/cifar-10/train/7789.png,airplane,test,0
data/raw/cifar-10/train/35641.png,dog,test,5
data/raw/cifar-10/train/27780.png,cat,test,3
data/raw/cifar-10/train/12975.png,dog,test,5
data/raw/cifar-10/train/39153.png,cat,test,3
data/raw/cifar-10/train/36722.png,automobile,test,1
data/raw/cifar-10/train/23064.png,cat,test,3
data/raw/cifar-10/train/19940.png,automobile,test,1
data/raw/cifar-10/train/12615.png,ship,test,8
data/raw/cifar-10/train/16984.png,cat,test,3
data/raw/cifar-10/train/2970.png,horse,test,7
data/raw/cifar-10/train/27296.png,frog,test,6
data/raw/cifar-10/train/21623.png,horse,test,7
data/raw/cifar-10/train/49566.png,dog,test,5
data/raw/cifar-10/train/43544.png,dog,test,5
data/raw/cifar-10/train/44338.png,dog,test,5
data/raw/cifar-10/train/366.png,ship,test,8
data/raw/cifar-10/train/49430.png,ship,test,8
data/raw/cifar-10/train/5549.png,deer,test,4
data/raw/cifar-10/train/23756.png,deer,test,4
data/raw/cifar-10/train/28860.png,frog,test,6
data/raw/cifar-10/train/36916.png,deer,test,4
data/raw/cifar-10/train/11770.png,deer,test,4
data/raw/cifar-10/train/4900.png,frog,test,6
data/raw/cifar-10/train/31174.png,bird,test,2
data/raw/cifar-10/train/25366.png,horse,test,7
data/raw/cifar-10/train/18922.png,dog,test,5
data/raw/cifar-10/train/22370.png,deer,test,4
data/raw/cifar-10/train/18546.png,airplane,test,0
data/raw/cifar-10/train/21638.png,bird,test,2
data/raw/cifar-10/train/32426.png,dog,test,5
data/raw/cifar-10/train/28186.png,airplane,test,0
data/raw/cifar-10/train/29155.png,cat,test,3
data/raw/cifar-10/train/31399.png,frog,test,6
data/raw/cifar-10/train/10924.png,ship,test,8
data/raw/cifar-10/train/33292.png,bird,test,2
data/raw/cifar-10/train/13265.png,automobile,test,1
data/raw/cifar-10/train/16028.png,ship,test,8
data/raw/cifar-10/train/18190.png,dog,test,5
data/raw/cifar-10/train/32533.png,ship,test,8
data/raw/cifar-10/train/38162.png,deer,test,4
data/raw/cifar-10/train/47478.png,dog,test,5
data/raw/cifar-10/train/17925.png,automobile,test,1
data/raw/cifar-10/train/4318.png,deer,test,4
data/raw/cifar-10/train/20254.png,deer,test,4
data/raw/cifar-10/train/10060.png,deer,test,4
data/raw/cifar-10/train/41006.png,deer,test,4
data/raw/cifar-10/train/7967.png,ship,test,8
data/raw/cifar-10/train/30365.png,truck,test,9
data/raw/cifar-10/train/6789.png,ship,test,8
data/raw/cifar-10/train/35985.png,truck,test,9
data/raw/cifar-10/train/32672.png,ship,test,8
data/raw/cifar-10/train/10359.png,horse,test,7
data/raw/cifar-10/train/31527.png,ship,test,8
data/raw/cifar-10/train/12178.png,dog,test,5
data/raw/cifar-10/train/48340.png,truck,test,9
data/raw/cifar-10/train/43658.png,airplane,test,0
data/raw/cifar-10/train/22355.png,frog,test,6
data/raw/cifar-10/train/39116.png,truck,test,9
data/raw/cifar-10/train/4155.png,bird,test,2
data/raw/cifar-10/train/27428.png,airplane,test,0
data/raw/cifar-10/train/25027.png,dog,test,5
data/raw/cifar-10/train/27385.png,deer,test,4
data/raw/cifar-10/train/45622.png,airplane,test,0
data/raw/cifar-10/train/46289.png,dog,test,5
data/raw/cifar-10/train/5203.png,automobile,test,1
data/raw/cifar-10/train/43568.png,deer,test,4
data/raw/cifar-10/train/49563.png,automobile,test,1
data/raw/cifar-10/train/7237.png,dog,test,5
data/raw/cifar-10/train/41052.png,automobile,test,1
data/raw/cifar-10/train/4415.png,cat,test,3
data/raw/cifar-10/train/45353.png,horse,test,7
data/raw/cifar-10/train/29972.png,frog,test,6
data/raw/cifar-10/train/1188.png,airplane,test,0
data/raw/cifar-10/train/25113.png,truck,test,9
data/raw/cifar-10/train/26811.png,horse,test,7
data/raw/cifar-10/train/6760.png,horse,test,7
data/raw/cifar-10/train/31635.png,automobile,test,1
data/raw/cifar-10/train/48724.png,frog,test,6
data/raw/cifar-10/train/33009.png,cat,test,3
data/raw/cifar-10/train/620.png,frog,test,6
data/raw/cifar-10/train/27963.png,airplane,test,0
data/raw/cifar-10/train/46454.png,ship,test,8
data/raw/cifar-10/train/40071.png,ship,test,8
data/raw/cifar-10/train/47274.png,bird,test,2
data/raw/cifar-10/train/35060.png,airplane,test,0
data/raw/cifar-10/train/19268.png,bird,test,2
data/raw/cifar-10/train/9189.png,ship,test,8
data/raw/cifar-10/train/28880.png,truck,test,9
data/raw/cifar-10/train/20993.png,horse,test,7
data/raw/cifar-10/train/6410.png,horse,test,7
data/raw/cifar-10/train/17179.png,airplane,test,0
data/raw/cifar-10/train/17812.png,dog,test,5
data/raw/cifar-10/train/24155.png,cat,test,3
data/raw/cifar-10/train/44223.png,horse,test,7
data/raw/cifar-10/train/48421.png,horse,test,7
data/raw/cifar-10/train/12618.png,horse,test,7
data/raw/cifar-10/train/18037.png,ship,test,8
data/raw/cifar-10/train/13726.png,cat,test,3
data/raw/cifar-10/train/38207.png,ship,test,8
data/raw/cifar-10/train/43929.png,deer,test,4
data/raw/cifar-10/train/40901.png,bird,test,2
data/raw/cifar-10/train/9604.png,bird,test,2
data/raw/cifar-10/train/25847.png,deer,test,4
data/raw/cifar-10/train/16987.png,automobile,test,1
data/raw/cifar-10/train/4647.png,ship,test,8
data/raw/cifar-10/train/23132.png,horse,test,7
data/raw/cifar-10/train/44358.png,ship,test,8
data/raw/cifar-10/train/11359.png,frog,test,6
data/raw/cifar-10/train/22070.png,horse,test,7
data/raw/cifar-10/train/33395.png,dog,test,5
data/raw/cifar-10/train/23812.png,horse,test,7
data/raw/cifar-10/train/7275.png,deer,test,4
data/raw/cifar-10/train/12127.png,ship,test,8
data/raw/cifar-10/train/26116.png,automobile,test,1
data/raw/cifar-10/train/2179.png,deer,test,4
data/raw/cifar-10/train/17993.png,deer,test,4
data/raw/cifar-10/train/18944.png,truck,test,9
data/raw/cifar-10/train/21768.png,dog,test,5
data/raw/cifar-10/train/23995.png,deer,test,4
data/raw/cifar-10/train/29186.png,horse,test,7
data/raw/cifar-10/train/9577.png,automobile,test,1
data/raw/cifar-10/train/7030.png,ship,test,8
data/raw/cifar-10/train/26627.png,cat,test,3
data/raw/cifar-10/train/27869.png,automobile,test,1
data/raw/cifar-10/train/36023.png,dog,test,5
data/raw/cifar-10/train/29620.png,horse,test,7
data/raw/cifar-10/train/37964.png,deer,test,4
data/raw/cifar-10/train/17232.png,frog,test,6
data/raw/cifar-10/train/32681.png,deer,test,4
data/raw/cifar-10/train/1403.png,frog,test,6
data/raw/cifar-10/train/15857.png,cat,test,3
data/raw/cifar-10/train/28671.png,horse,test,7
data/raw/cifar-10/train/44925.png,airplane,test,0
data/raw/cifar-10/train/7675.png,airplane,test,0
data/raw/cifar-10/train/48997.png,truck,test,9
data/raw/cifar-10/train/40822.png,horse,test,7
data/raw/cifar-10/train/35809.png,ship,test,8
data/raw/cifar-10/train/13566.png,ship,test,8
data/raw/cifar-10/train/37477.png,automobile,test,1
data/raw/cifar-10/train/36329.png,horse,test,7
data/raw/cifar-10/train/27873.png,frog,test,6
data/raw/cifar-10/train/23400.png,ship,test,8
data/raw/cifar-10/train/5176.png,dog,test,5
data/raw/cifar-10/train/9849.png,deer,test,4
data/raw/cifar-10/train/22963.png,airplane,test,0
data/raw/cifar-10/train/49374.png,airplane,test,0
data/raw/cifar-10/train/45688.png,automobile,test,1
data/raw/cifar-10/train/27589.png,truck,test,9
data/raw/cifar-10/train/43077.png,airplane,test,0
data/raw/cifar-10/train/15347.png,ship,test,8
data/raw/cifar-10/train/13775.png,automobile,test,1
data/raw/cifar-10/train/40900.png,ship,test,8
data/raw/cifar-10/train/26599.png,cat,test,3
data/raw/cifar-10/train/34349.png,truck,test,9
data/raw/cifar-10/train/1600.png,automobile,test,1
data/raw/cifar-10/train/32592.png,truck,test,9
data/raw/cifar-10/train/35088.png,frog,test,6
data/raw/cifar-10/train/17508.png,deer,test,4
data/raw/cifar-10/train/8131.png,automobile,test,1
data/raw/cifar-10/train/29833.png,dog,test,5
data/raw/cifar-10/train/11711.png,bird,test,2
data/raw/cifar-10/train/25950.png,deer,test,4
data/raw/cifar-10/train/19516.png,dog,test,5
data/raw/cifar-10/train/1018.png,frog,test,6
data/raw/cifar-10/train/39503.png,ship,test,8
data/raw/cifar-10/train/41667.png,automobile,test,1
data/raw/cifar-10/train/27623.png,truck,test,9
data/raw/cifar-10/train/44916.png,frog,test,6
data/raw/cifar-10/train/48631.png,dog,test,5
data/raw/cifar-10/train/33302.png,cat,test,3
data/raw/cifar-10/train/12426.png,cat,test,3
data/raw/cifar-10/train/999.png,cat,test,3
data/raw/cifar-10/train/26396.png,frog,test,6
data/raw/cifar-10/train/30023.png,cat,test,3
data/raw/cifar-10/train/14920.png,cat,test,3
data/raw/cifar-10/train/48230.png,frog,test,6
data/raw/cifar-10/train/38553.png,cat,test,3
data/raw/cifar-10/train/8337.png,cat,test,3
data/raw/cifar-10/train/31465.png,deer,test,4
data/raw/cifar-10/train/40701.png,ship,test,8
data/raw/cifar-10/train/40126.png,airplane,test,0
data/raw/cifar-10/train/44246.png,airplane,test,0
data/raw/cifar-10/train/10239.png,frog,test,6
data/raw/cifar-10/train/35435.png,airplane,test,0
data/raw/cifar-10/train/17535.png,automobile,test,1
data/raw/cifar-10/train/27723.png,cat,test,3
data/raw/cifar-10/train/31520.png,bird,test,2
data/raw/cifar-10/train/40967.png,bird,test,2
data/raw/cifar-10/train/7373.png,horse,test,7
data/raw/cifar-10/train/9194.png,airplane,test,0
data/raw/cifar-10/train/10773.png,horse,test,7
data/raw/cifar-10/train/47969.png,automobile,test,1
data/raw/cifar-10/train/24002.png,truck,test,9
data/raw/cifar-10/train/21003.png,deer,test,4
data/raw/cifar-10/train/13696.png,ship,test,8
data/raw/cifar-10/train/11666.png,ship,test,8
data/raw/cifar-10/train/16380.png,bird,test,2
data/raw/cifar-10/train/38629.png,airplane,test,0
data/raw/cifar-10/train/3252.png,horse,test,7
data/raw/cifar-10/train/49231.png,automobile,test,1
data/raw/cifar-10/train/26908.png,cat,test,3
data/raw/cifar-10/train/39646.png,dog,test,5
data/raw/cifar-10/train/12811.png,deer,test,4
data/raw/cifar-10/train/2667.png,ship,test,8
data/raw/cifar-10/train/34235.png,airplane,test,0
data/raw/cifar-10/train/17319.png,ship,test,8
data/raw/cifar-10/train/17917.png,dog,test,5
data/raw/cifar-10/train/18189.png,cat,test,3
data/raw/cifar-10/train/37600.png,deer,test,4
data/raw/cifar-10/train/39043.png,dog,test,5
data/raw/cifar-10/train/2222.png,ship,test,8
data/raw/cifar-10/train/46277.png,deer,test,4
data/raw/cifar-10/train/35100.png,frog,test,6
data/raw/cifar-10/train/48537.png,cat,test,3
data/raw/cifar-10/train/29902.png,automobile,test,1
data/raw/cifar-10/train/47031.png,automobile,test,1
data/raw/cifar-10/train/16090.png,automobile,test,1
data/raw/cifar-10/train/37796.png,dog,test,5
data/raw/cifar-10/train/10833.png,automobile,test,1
data/raw/cifar-10/train/23487.png,horse,test,7
data/raw/cifar-10/train/48516.png,automobile,test,1
data/raw/cifar-10/train/23228.png,dog,test,5
data/raw/cifar-10/train/34830.png,frog,test,6
data/raw/cifar-10/train/47073.png,deer,test,4
data/raw/cifar-10/train/4755.png,truck,test,9
data/raw/cifar-10/train/4025.png,horse,test,7
data/raw/cifar-10/train/8752.png,horse,test,7
data/raw/cifar-10/train/821.png,bird,test,2
data/raw/cifar-10/train/46240.png,dog,test,5
data/raw/cifar-10/train/12924.png,automobile,test,1
data/raw/cifar-10/train/43531.png,horse,test,7
data/raw/cifar-10/train/22122.png,horse,test,7
data/raw/cifar-10/train/42357.png,dog,test,5
data/raw/cifar-10/train/45198.png,truck,test,9
data/raw/cifar-10/train/5827.png,deer,test,4
data/raw/cifar-10/train/28985.png,cat,test,3
data/raw/cifar-10/train/306.png,dog,test,5
data/raw/cifar-10/train/26970.png,dog,test,5
data/raw/cifar-10/train/13728.png,bird,test,2
data/raw/cifar-10/train/11971.png,cat,test,3
data/raw/cifar-10/train/9102.png,bird,test,2
data/raw/cifar-10/train/46606.png,cat,test,3
data/raw/cifar-10/train/2909.png,truck,test,9
data/raw/cifar-10/train/1393.png,ship,test,8
data/raw/cifar-10/train/13370.png,ship,test,8
data/raw/cifar-10/train/31470.png,bird,test,2
data/raw/cifar-10/train/47145.png,deer,test,4
data/raw/cifar-10/train/36616.png,airplane,test,0
data/raw/cifar-10/train/9496.png,airplane,test,0
data/raw/cifar-10/train/7509.png,ship,test,8
data/raw/cifar-10/train/27922.png,deer,test,4
data/raw/cifar-10/train/26479.png,frog,test,6
data/raw/cifar-10/train/39459.png,dog,test,5
data/raw/cifar-10/train/14559.png,cat,test,3
data/raw/cifar-10/train/17096.png,horse,test,7
data/raw/cifar-10/train/28397.png,ship,test,8
data/raw/cifar-10/train/48384.png,dog,test,5
data/raw/cifar-10/train/21168.png,bird,test,2
data/raw/cifar-10/train/9890.png,automobile,test,1
data/raw/cifar-10/train/29104.png,frog,test,6
data/raw/cifar-10/train/20524.png,airplane,test,0
data/raw/cifar-10/train/24996.png,horse,test,7
data/raw/cifar-10/train/10115.png,horse,test,7
data/raw/cifar-10/train/18932.png,deer,test,4
data/raw/cifar-10/train/28967.png,airplane,test,0
data/raw/cifar-10/train/14563.png,truck,test,9
data/raw/cifar-10/train/42981.png,frog,test,6
data/raw/cifar-10/train/43110.png,ship,test,8
data/raw/cifar-10/train/47998.png,cat,test,3
data/raw/cifar-10/train/32967.png,frog,test,6
data/raw/cifar-10/train/25463.png,airplane,test,0
data/raw/cifar-10/train/11550.png,truck,test,9
data/raw/cifar-10/train/21701.png,truck,test,9
data/raw/cifar-10/train/6872.png,automobile,test,1
data/raw/cifar-10/train/49826.png,cat,test,3
data/raw/cifar-10/train/45822.png,automobile,test,1
data/raw/cifar-10/train/18972.png,dog,test,5
data/raw/cifar-10/train/46703.png,bird,test,2
data/raw/cifar-10/train/11938.png,airplane,test,0
data/raw/cifar-10/train/10432.png,frog,test,6
data/raw/cifar-10/train/46393.png,ship,test,8
data/raw/cifar-10/train/41663.png,bird,test,2
data/raw/cifar-10/train/27414.png,cat,test,3
data/raw/cifar-10/train/43829.png,airplane,test,0
data/raw/cifar-10/train/47932.png,airplane,test,0
data/raw/cifar-10/train/30093.png,horse,test,7
data/raw/cifar-10/train/39866.png,cat,test,3
data/raw/cifar-10/train/11884.png,truck,test,9
data/raw/cifar-10/train/41416.png,truck,test,9
data/raw/cifar-10/train/4360.png,deer,test,4
data/raw/cifar-10/train/45775.png,frog,test,6
data/raw/cifar-10/train/17687.png,deer,test,4
data/raw/cifar-10/train/36165.png,frog,test,6
data/raw/cifar-10/train/4081.png,airplane,test,0
data/raw/cifar-10/train/6781.png,deer,test,4
data/raw/cifar-10/train/27009.png,frog,test,6
data/raw/cifar-10/train/5674.png,airplane,test,0
data/raw/cifar-10/train/573.png,deer,test,4
data/raw/cifar-10/train/18899.png,truck,test,9
data/raw/cifar-10/train/38594.png,deer,test,4
data/raw/cifar-10/train/37467.png,deer,test,4
data/raw/cifar-10/train/5314.png,horse,test,7
data/raw/cifar-10/train/2730.png,frog,test,6
data/raw/cifar-10/train/23217.png,frog,test,6
data/raw/cifar-10/train/8374.png,dog,test,5
data/raw/cifar-10/train/36914.png,frog,test,6
data/raw/cifar-10/train/37200.png,airplane,test,0
data/raw/cifar-10/train/27743.png,cat,test,3
data/raw/cifar-10/train/9715.png,airplane,test,0
data/raw/cifar-10/train/10984.png,truck,test,9
data/raw/cifar-10/train/1806.png,dog,test,5
data/raw/cifar-10/train/2461.png,airplane,test,0
data/raw/cifar-10/train/45510.png,airplane,test,0
data/raw/cifar-10/train/16818.png,cat,test,3
data/raw/cifar-10/train/6349.png,cat,test,3
data/raw/cifar-10/train/27127.png,frog,test,6
data/raw/cifar-10/train/35559.png,truck,test,9
data/raw/cifar-10/train/30876.png,deer,test,4
data/raw/cifar-10/train/40141.png,dog,test,5
data/raw/cifar-10/train/8521.png,cat,test,3
data/raw/cifar-10/train/26748.png,dog,test,5
data/raw/cifar-10/train/23318.png,automobile,test,1
data/raw/cifar-10/train/41610.png,airplane,test,0
data/raw/cifar-10/train/16212.png,automobile,test,1
data/raw/cifar-10/train/25409.png,dog,test,5
data/raw/cifar-10/train/44579.png,horse,test,7
data/raw/cifar-10/train/18698.png,airplane,test,0
data/raw/cifar-10/train/36826.png,bird,test,2
data/raw/cifar-10/train/19738.png,bird,test,2
data/raw/cifar-10/train/38360.png,dog,test,5
data/raw/cifar-10/train/48710.png,automobile,test,1
data/raw/cifar-10/train/12888.png,frog,test,6
data/raw/cifar-10/train/20988.png,deer,test,4
data/raw/cifar-10/train/37223.png,horse,test,7
data/raw/cifar-10/train/39759.png,horse,test,7
data/raw/cifar-10/train/3061.png,dog,test,5
data/raw/cifar-10/train/35150.png,airplane,test,0
data/raw/cifar-10/train/42960.png,horse,test,7
data/raw/cifar-10/train/35075.png,ship,test,8
data/raw/cifar-10/train/23277.png,deer,test,4
data/raw/cifar-10/train/42402.png,deer,test,4
data/raw/cifar-10/train/24032.png,cat,test,3
data/raw/cifar-10/train/5759.png,bird,test,2
data/raw/cifar-10/train/13079.png,truck,test,9
data/raw/cifar-10/train/31973.png,frog,test,6
data/raw/cifar-10/train/42212.png,automobile,test,1
data/raw/cifar-10/train/23347.png,bird,test,2
data/raw/cifar-10/train/40657.png,automobile,test,1
data/raw/cifar-10/train/44541.png,bird,test,2
data/raw/cifar-10/train/40170.png,ship,test,8
data/raw/cifar-10/train/18639.png,cat,test,3
data/raw/cifar-10/train/9100.png,dog,test,5
data/raw/cifar-10/train/2305.png,deer,test,4
data/raw/cifar-10/train/21937.png,ship,test,8
data/raw/cifar-10/train/7847.png,dog,test,5
data/raw/cifar-10/train/9771.png,dog,test,5
data/raw/cifar-10/train/44039.png,bird,test,2
data/raw/cifar-10/train/33326.png,airplane,test,0
data/raw/cifar-10/train/40522.png,frog,test,6
data/raw/cifar-10/train/41526.png,automobile,test,1
data/raw/cifar-10/train/39527.png,cat,test,3
data/raw/cifar-10/train/19290.png,truck,test,9
data/raw/cifar-10/train/30417.png,truck,test,9
data/raw/cifar-10/train/11492.png,dog,test,5
data/raw/cifar-10/train/27356.png,dog,test,5
data/raw/cifar-10/train/17275.png,automobile,test,1
data/raw/cifar-10/train/48131.png,airplane,test,0
data/raw/cifar-10/train/46968.png,bird,test,2
data/raw/cifar-10/train/976.png,bird,test,2
data/raw/cifar-10/train/48702.png,dog,test,5
data/raw/cifar-10/train/42419.png,deer,test,4
data/raw/cifar-10/train/37927.png,frog,test,6
data/raw/cifar-10/train/36852.png,dog,test,5
data/raw/cifar-10/train/5962.png,dog,test,5
data/raw/cifar-10/train/26433.png,frog,test,6
data/raw/cifar-10/train/23463.png,airplane,test,0
data/raw/cifar-10/train/31064.png,bird,test,2
data/raw/cifar-10/train/10899.png,bird,test,2
data/raw/cifar-10/train/17385.png,automobile,test,1
data/raw/cifar-10/train/5867.png,ship,test,8
data/raw/cifar-10/train/20788.png,truck,test,9
data/raw/cifar-10/train/35187.png,deer,test,4
data/raw/cifar-10/train/23930.png,automobile,test,1
data/raw/cifar-10/train/16184.png,horse,test,7
data/raw/cifar-10/train/2416.png,deer,test,4
data/raw/cifar-10/train/19171.png,deer,test,4
data/raw/cifar-10/train/38415.png,truck,test,9
data/raw/cifar-10/train/10040.png,automobile,test,1
data/raw/cifar-10/train/1584.png,horse,test,7
data/raw/cifar-10/train/46371.png,horse,test,7
data/raw/cifar-10/train/33181.png,deer,test,4
data/raw/cifar-10/train/27694.png,truck,test,9
data/raw/cifar-10/train/5967.png,cat,test,3
data/raw/cifar-10/train/6177.png,ship,test,8
data/raw/cifar-10/train/45195.png,automobile,test,1
data/raw/cifar-10/train/36230.png,ship,test,8
data/raw/cifar-10/train/11618.png,cat,test,3
data/raw/cifar-10/train/43853.png,dog,test,5
data/raw/cifar-10/train/10550.png,dog,test,5
data/raw/cifar-10/train/44320.png,airplane,test,0
data/raw/cifar-10/train/19073.png,truck,test,9
data/raw/cifar-10/train/28744.png,ship,test,8
data/raw/cifar-10/train/44074.png,frog,test,6
data/raw/cifar-10/train/42156.png,bird,test,2
data/raw/cifar-10/train/36110.png,truck,test,9
data/raw/cifar-10/train/41552.png,bird,test,2
data/raw/cifar-10/train/30386.png,horse,test,7
data/raw/cifar-10/train/17531.png,cat,test,3
data/raw/cifar-10/train/28422.png,frog,test,6
data/raw/cifar-10/train/7761.png,truck,test,9
data/raw/cifar-10/train/13919.png,cat,test,3
data/raw/cifar-10/train/15702.png,dog,test,5
data/raw/cifar-10/train/20461.png,dog,test,5
data/raw/cifar-10/train/14919.png,bird,test,2
data/raw/cifar-10/train/48133.png,cat,test,3
data/raw/cifar-10/train/47978.png,dog,test,5
data/raw/cifar-10/train/48843.png,airplane,test,0
data/raw/cifar-10/train/30150.png,frog,test,6
data/raw/cifar-10/train/49715.png,dog,test,5
data/raw/cifar-10/train/41154.png,automobile,test,1
data/raw/cifar-10/train/49246.png,airplane,test,0
data/raw/cifar-10/train/38271.png,automobile,test,1
data/raw/cifar-10/train/7472.png,truck,test,9
data/raw/cifar-10/train/7783.png,airplane,test,0
data/raw/cifar-10/train/47169.png,automobile,test,1
data/raw/cifar-10/train/33496.png,horse,test,7
data/raw/cifar-10/train/9232.png,deer,test,4
data/raw/cifar-10/train/39547.png,truck,test,9
data/raw/cifar-10/train/44151.png,dog,test,5
data/raw/cifar-10/train/16114.png,airplane,test,0
data/raw/cifar-10/train/13719.png,horse,test,7
data/raw/cifar-10/train/514.png,bird,test,2
data/raw/cifar-10/train/29637.png,bird,test,2
data/raw/cifar-10/train/8940.png,deer,test,4
data/raw/cifar-10/train/20663.png,ship,test,8
data/raw/cifar-10/train/20600.png,truck,test,9
data/raw/cifar-10/train/38762.png,cat,test,3
data/raw/cifar-10/train/8173.png,bird,test,2
data/raw/cifar-10/train/4681.png,truck,test,9
data/raw/cifar-10/train/17435.png,truck,test,9
data/raw/cifar-10/train/17519.png,dog,test,5
data/raw/cifar-10/train/2431.png,horse,test,7
data/raw/cifar-10/train/8392.png,horse,test,7
data/raw/cifar-10/train/37691.png,airplane,test,0
data/raw/cifar-10/train/3760.png,deer,test,4
data/raw/cifar-10/train/432.png,dog,test,5
data/raw/cifar-10/train/45250.png,cat,test,3
data/raw/cifar-10/train/39537.png,horse,test,7
data/raw/cifar-10/train/39975.png,automobile,test,1
data/raw/cifar-10/train/46210.png,dog,test,5
data/raw/cifar-10/train/30819.png,bird,test,2
data/raw/cifar-10/train/49388.png,airplane,test,0
data/raw/cifar-10/train/22056.png,automobile,test,1
data/raw/cifar-10/train/37630.png,truck,test,9
data/raw/cifar-10/train/27027.png,airplane,test,0
data/raw/cifar-10/train/2969.png,frog,test,6
data/raw/cifar-10/train/26411.png,dog,test,5
data/raw/cifar-10/train/28913.png,airplane,test,0
data/raw/cifar-10/train/40018.png,bird,test,2
data/raw/cifar-10/train/936.png,frog,test,6
data/raw/cifar-10/train/9450.png,airplane,test,0
data/raw/cifar-10/train/39592.png,dog,test,5
data/raw/cifar-10/train/39712.png,horse,test,7
data/raw/cifar-10/train/36113.png,bird,test,2
data/raw/cifar-10/train/39418.png,frog,test,6
data/raw/cifar-10/train/27729.png,ship,test,8
data/raw/cifar-10/train/37527.png,ship,test,8
data/raw/cifar-10/train/18660.png,airplane,test,0
data/raw/cifar-10/train/7117.png,bird,test,2
data/raw/cifar-10/train/43056.png,deer,test,4
data/raw/cifar-10/train/23939.png,airplane,test,0
data/raw/cifar-10/train/31564.png,ship,test,8
data/raw/cifar-10/train/49062.png,frog,test,6
data/raw/cifar-10/train/27677.png,bird,test,2
data/raw/cifar-10/train/39212.png,cat,test,3
data/raw/cifar-10/train/3170.png,ship,test,8
data/raw/cifar-10/train/44061.png,ship,test,8
data/raw/cifar-10/train/20168.png,truck,test,9
data/raw/cifar-10/train/17340.png,bird,test,2
data/raw/cifar-10/train/891.png,truck,test,9
data/raw/cifar-10/train/8538.png,horse,test,7
data/raw/cifar-10/train/11831.png,ship,test,8
data/raw/cifar-10/train/32384.png,horse,test,7
data/raw/cifar-10/train/49115.png,deer,test,4
data/raw/cifar-10/train/41298.png,frog,test,6
data/raw/cifar-10/train/35771.png,cat,test,3
data/raw/cifar-10/train/15505.png,ship,test,8
data/raw/cifar-10/train/25227.png,horse,test,7
data/raw/cifar-10/train/30115.png,airplane,test,0
data/raw/cifar-10/train/44366.png,frog,test,6
data/raw/cifar-10/train/31670.png,automobile,test,1
data/raw/cifar-10/train/20594.png,cat,test,3
data/raw/cifar-10/train/19659.png,ship,test,8
data/raw/cifar-10/train/37320.png,horse,test,7
data/raw/cifar-10/train/32273.png,dog,test,5
data/raw/cifar-10/train/36611.png,airplane,test,0
data/raw/cifar-10/train/41005.png,frog,test,6
data/raw/cifar-10/train/13140.png,ship,test,8
data/raw/cifar-10/train/10576.png,cat,test,3
data/raw/cifar-10/train/5816.png,deer,test,4
data/raw/cifar-10/train/19752.png,truck,test,9
data/raw/cifar-10/train/11279.png,horse,test,7
data/raw/cifar-10/train/11043.png,ship,test,8
data/raw/cifar-10/train/45977.png,frog,test,6
data/raw/cifar-10/train/37981.png,horse,test,7
data/raw/cifar-10/train/5499.png,horse,test,7
data/raw/cifar-10/train/35944.png,truck,test,9
data/raw/cifar-10/train/23746.png,frog,test,6
data/raw/cifar-10/train/4003.png,dog,test,5
data/raw/cifar-10/train/1438.png,truck,test,9
data/raw/cifar-10/train/37943.png,deer,test,4
data/raw/cifar-10/train/8591.png,dog,test,5
data/raw/cifar-10/train/6200.png,cat,test,3
data/raw/cifar-10/train/44112.png,horse,test,7
data/raw/cifar-10/train/4072.png,truck,test,9
data/raw/cifar-10/train/45106.png,automobile,test,1
data/raw/cifar-10/train/38759.png,dog,test,5
data/raw/cifar-10/train/44786.png,airplane,test,0
data/raw/cifar-10/train/46519.png,horse,test,7
data/raw/cifar-10/train/40031.png,truck,test,9
data/raw/cifar-10/train/15858.png,truck,test,9
data/raw/cifar-10/train/38109.png,dog,test,5
data/raw/cifar-10/train/28897.png,automobile,test,1
data/raw/cifar-10/train/14122.png,dog,test,5
data/raw/cifar-10/train/1853.png,bird,test,2
data/raw/cifar-10/train/27771.png,dog,test,5
data/raw/cifar-10/train/38021.png,frog,test,6
data/raw/cifar-10/train/41872.png,cat,test,3
data/raw/cifar-10/train/6274.png,frog,test,6
data/raw/cifar-10/train/49953.png,frog,test,6
data/raw/cifar-10/train/29497.png,deer,test,4
data/raw/cifar-10/train/4095.png,frog,test,6
data/raw/cifar-10/train/13863.png,cat,test,3
data/raw/cifar-10/train/10626.png,ship,test,8
data/raw/cifar-10/train/43352.png,deer,test,4
data/raw/cifar-10/train/34189.png,dog,test,5
data/raw/cifar-10/train/43429.png,cat,test,3
data/raw/cifar-10/train/17092.png,automobile,test,1
data/raw/cifar-10/train/17469.png,truck,test,9
data/raw/cifar-10/train/34962.png,frog,test,6
data/raw/cifar-10/train/42496.png,truck,test,9
data/raw/cifar-10/train/9654.png,frog,test,6
data/raw/cifar-10/train/36694.png,airplane,test,0
data/raw/cifar-10/train/16278.png,dog,test,5
data/raw/cifar-10/train/13686.png,dog,test,5
data/raw/cifar-10/train/36317.png,bird,test,2
data/raw/cifar-10/train/19042.png,airplane,test,0
data/raw/cifar-10/train/9178.png,truck,test,9
data/raw/cifar-10/train/35024.png,deer,test,4
data/raw/cifar-10/train/37503.png,bird,test,2
data/raw/cifar-10/train/37737.png,dog,test,5
data/raw/cifar-10/train/16848.png,ship,test,8
data/raw/cifar-10/train/26420.png,frog,test,6
data/raw/cifar-10/train/33788.png,frog,test,6
data/raw/cifar-10/train/7499.png,cat,test,3
data/raw/cifar-10/train/1764.png,ship,test,8
data/raw/cifar-10/train/5825.png,bird,test,2
data/raw/cifar-10/train/27858.png,ship,test,8
data/raw/cifar-10/train/21639.png,ship,test,8
data/raw/cifar-10/train/41931.png,bird,test,2
data/raw/cifar-10/train/34820.png,deer,test,4
data/raw/cifar-10/train/10220.png,truck,test,9
data/raw/cifar-10/train/12675.png,airplane,test,0
data/raw/cifar-10/train/29238.png,deer,test,4
data/raw/cifar-10/train/33153.png,bird,test,2
data/raw/cifar-10/train/34688.png,dog,test,5
data/raw/cifar-10/train/2991.png,deer,test,4
data/raw/cifar-10/train/19100.png,cat,test,3
data/raw/cifar-10/train/1388.png,deer,test,4
data/raw/cifar-10/train/20453.png,airplane,test,0
data/raw/cifar-10/train/1419.png,truck,test,9
data/raw/cifar-10/train/21794.png,truck,test,9
data/raw/cifar-10/train/26416.png,frog,test,6
data/raw/cifar-10/train/9900.png,dog,test,5
data/raw/cifar-10/train/44399.png,horse,test,7
data/raw/cifar-10/train/27085.png,automobile,test,1
data/raw/cifar-10/train/25748.png,frog,test,6
data/raw/cifar-10/train/6403.png,cat,test,3
data/raw/cifar-10/train/29717.png,automobile,test,1
data/raw/cifar-10/train/5140.png,horse,test,7
data/raw/cifar-10/train/2505.png,airplane,test,0
data/raw/cifar-10/train/40220.png,deer,test,4
data/raw/cifar-10/train/22154.png,deer,test,4
data/raw/cifar-10/train/10574.png,horse,test,7
data/raw/cifar-10/train/40592.png,deer,test,4
data/raw/cifar-10/train/4612.png,ship,test,8
data/raw/cifar-10/train/44819.png,automobile,test,1
data/raw/cifar-10/train/40179.png,automobile,test,1
data/raw/cifar-10/train/45649.png,ship,test,8
data/raw/cifar-10/train/46041.png,horse,test,7
data/raw/cifar-10/train/39168.png,dog,test,5
data/raw/cifar-10/train/48295.png,automobile,test,1
data/raw/cifar-10/train/25190.png,airplane,test,0
data/raw/cifar-10/train/1349.png,deer,test,4
data/raw/cifar-10/train/46379.png,dog,test,5
data/raw/cifar-10/train/45753.png,cat,test,3
data/raw/cifar-10/train/29780.png,bird,test,2
data/raw/cifar-10/train/42198.png,bird,test,2
data/raw/cifar-10/train/25572.png,airplane,test,0
data/raw/cifar-10/train/45760.png,frog,test,6
data/raw/cifar-10/train/49882.png,bird,test,2
data/raw/cifar-10/train/49973.png,bird,test,2
data/raw/cifar-10/train/34066.png,automobile,test,1
data/raw/cifar-10/train/42490.png,bird,test,2
data/raw/cifar-10/train/30512.png,bird,test,2
data/raw/cifar-10/train/33465.png,dog,test,5
data/raw/cifar-10/train/27548.png,deer,test,4
data/raw/cifar-10/train/17984.png,airplane,test,0
data/raw/cifar-10/train/3173.png,cat,test,3
data/raw/cifar-10/train/6195.png,horse,test,7
data/raw/cifar-10/train/31928.png,airplane,test,0
data/raw/cifar-10/train/45299.png,frog,test,6
data/raw/cifar-10/train/14299.png,dog,test,5
data/raw/cifar-10/train/46509.png,horse,test,7
data/raw/cifar-10/train/24693.png,ship,test,8
data/raw/cifar-10/train/41989.png,ship,test,8
data/raw/cifar-10/train/39745.png,bird,test,2
data/raw/cifar-10/train/31449.png,frog,test,6
data/raw/cifar-10/train/40461.png,airplane,test,0
data/raw/cifar-10/train/6708.png,dog,test,5
data/raw/cifar-10/train/24228.png,horse,test,7
data/raw/cifar-10/train/4553.png,airplane,test,0
data/raw/cifar-10/train/5331.png,truck,test,9
data/raw/cifar-10/train/47912.png,dog,test,5
data/raw/cifar-10/train/13166.png,airplane,test,0
data/raw/cifar-10/train/9021.png,cat,test,3
data/raw/cifar-10/train/7298.png,automobile,test,1
data/raw/cifar-10/train/30824.png,truck,test,9
data/raw/cifar-10/train/6095.png,dog,test,5
data/raw/cifar-10/train/28187.png,deer,test,4
data/raw/cifar-10/train/25600.png,airplane,test,0
data/raw/cifar-10/train/32016.png,dog,test,5
data/raw/cifar-10/train/39066.png,truck,test,9
data/raw/cifar-10/train/22474.png,dog,test,5
data/raw/cifar-10/train/27217.png,airplane,test,0
data/raw/cifar-10/train/45999.png,bird,test,2
data/raw/cifar-10/train/12104.png,deer,test,4
data/raw/cifar-10/train/43384.png,ship,test,8
data/raw/cifar-10/train/37995.png,ship,test,8
data/raw/cifar-10/train/36795.png,truck,test,9
data/raw/cifar-10/train/18266.png,frog,test,6
data/raw/cifar-10/train/42270.png,bird,test,2
data/raw/cifar-10/train/32086.png,cat,test,3
data/raw/cifar-10/train/46503.png,deer,test,4
data/raw/cifar-10/train/5743.png,deer,test,4
data/raw/cifar-10/train/38220.png,bird,test,2
data/raw/cifar-10/train/37394.png,ship,test,8
data/raw/cifar-10/train/17368.png,truck,test,9
data/raw/cifar-10/train/24775.png,automobile,test,1
data/raw/cifar-10/train/46727.png,horse,test,7
data/raw/cifar-10/train/12591.png,deer,test,4
data/raw/cifar-10/train/37378.png,airplane,test,0
data/raw/cifar-10/train/35392.png,airplane,test,0
data/raw/cifar-10/train/25315.png,automobile,test,1
data/raw/cifar-10/train/48577.png,horse,test,7
data/raw/cifar-10/train/29123.png,truck,test,9
data/raw/cifar-10/train/49124.png,truck,test,9
data/raw/cifar-10/train/26548.png,ship,test,8
data/raw/cifar-10/train/31758.png,airplane,test,0
data/raw/cifar-10/train/3081.png,dog,test,5
data/raw/cifar-10/train/10961.png,cat,test,3
data/raw/cifar-10/train/43449.png,deer,test,4
data/raw/cifar-10/train/18218.png,frog,test,6
data/raw/cifar-10/train/47881.png,horse,test,7
data/raw/cifar-10/train/23988.png,frog,test,6
data/raw/cifar-10/train/1516.png,ship,test,8
data/raw/cifar-10/train/40892.png,cat,test,3
data/raw/cifar-10/train/34320.png,ship,test,8
data/raw/cifar-10/train/25966.png,truck,test,9
data/raw/cifar-10/train/27177.png,airplane,test,0
data/raw/cifar-10/train/7087.png,cat,test,3
data/raw/cifar-10/train/12666.png,deer,test,4
data/raw/cifar-10/train/30080.png,deer,test,4
data/raw/cifar-10/train/6640.png,automobile,test,1
data/raw/cifar-10/train/47696.png,bird,test,2
data/raw/cifar-10/train/11725.png,cat,test,3
data/raw/cifar-10/train/41336.png,ship,test,8
data/raw/cifar-10/train/7094.png,airplane,test,0
data/raw/cifar-10/train/3284.png,deer,test,4
data/raw/cifar-10/train/47599.png,horse,test,7
data/raw/cifar-10/train/23790.png,automobile,test,1
data/raw/cifar-10/train/10918.png,ship,test,8
data/raw/cifar-10/train/39893.png,automobile,test,1
data/raw/cifar-10/train/42796.png,deer,test,4
data/raw/cifar-10/train/5754.png,horse,test,7
data/raw/cifar-10/train/32284.png,airplane,test,0
data/raw/cifar-10/train/16802.png,airplane,test,0
data/raw/cifar-10/train/30630.png,dog,test,5
data/raw/cifar-10/train/28632.png,cat,test,3
data/raw/cifar-10/train/49749.png,automobile,test,1
data/raw/cifar-10/train/13029.png,airplane,test,0
data/raw/cifar-10/train/37700.png,frog,test,6
data/raw/cifar-10/train/17267.png,deer,test,4
data/raw/cifar-10/train/43673.png,bird,test,2
data/raw/cifar-10/train/41290.png,automobile,test,1
data/raw/cifar-10/train/32267.png,truck,test,9
data/raw/cifar-10/train/8149.png,bird,test,2
data/raw/cifar-10/train/31096.png,truck,test,9
data/raw/cifar-10/train/13282.png,cat,test,3
data/raw/cifar-10/train/19344.png,bird,test,2
data/raw/cifar-10/train/17588.png,horse,test,7
data/raw/cifar-10/train/27695.png,truck,test,9
data/raw/cifar-10/train/10860.png,truck,test,9
data/raw/cifar-10/train/33547.png,cat,test,3
data/raw/cifar-10/train/23264.png,automobile,test,1
data/raw/cifar-10/train/37512.png,bird,test,2
data/raw/cifar-10/train/46499.png,ship,test,8
data/raw/cifar-10/train/16584.png,cat,test,3
data/raw/cifar-10/train/3522.png,frog,test,6
data/raw/cifar-10/train/19892.png,truck,test,9
data/raw/cifar-10/train/39986.png,horse,test,7
data/raw/cifar-10/train/244.png,frog,test,6
data/raw/cifar-10/train/22785.png,ship,test,8
data/raw/cifar-10/train/31530.png,horse,test,7
data/raw/cifar-10/train/45007.png,bird,test,2
data/raw/cifar-10/train/28314.png,deer,test,4
data/raw/cifar-10/train/44607.png,truck,test,9
data/raw/cifar-10/train/26525.png,frog,test,6
data/raw/cifar-10/train/20339.png,cat,test,3
data/raw/cifar-10/train/2290.png,automobile,test,1
data/raw/cifar-10/train/40200.png,horse,test,7
data/raw/cifar-10/train/44660.png,ship,test,8
data/raw/cifar-10/train/11460.png,frog,test,6
data/raw/cifar-10/train/37149.png,ship,test,8
data/raw/cifar-10/train/18458.png,bird,test,2
data/raw/cifar-10/train/20061.png,deer,test,4
data/raw/cifar-10/train/20620.png,automobile,test,1
data/raw/cifar-10/train/28907.png,automobile,test,1
data/raw/cifar-10/train/38570.png,truck,test,9
data/raw/cifar-10/train/9150.png,deer,test,4
data/raw/cifar-10/train/24335.png,bird,test,2
data/raw/cifar-10/train/40285.png,ship,test,8
data/raw/cifar-10/train/7085.png,frog,test,6
data/raw/cifar-10/train/46854.png,dog,test,5
data/raw/cifar-10/train/31123.png,automobile,test,1
data/raw/cifar-10/train/29977.png,frog,test,6
data/raw/cifar-10/train/16989.png,ship,test,8
data/raw/cifar-10/train/46974.png,dog,test,5
data/raw/cifar-10/train/19839.png,cat,test,3
data/raw/cifar-10/train/48466.png,automobile,test,1
data/raw/cifar-10/train/15602.png,automobile,test,1
data/raw/cifar-10/train/28278.png,frog,test,6
data/raw/cifar-10/train/28792.png,airplane,test,0
data/raw/cifar-10/train/35880.png,dog,test,5
data/raw/cifar-10/train/12695.png,bird,test,2
data/raw/cifar-10/train/31494.png,bird,test,2
data/raw/cifar-10/train/32182.png,bird,test,2
data/raw/cifar-10/train/29503.png,cat,test,3
data/raw/cifar-10/train/15711.png,automobile,test,1
data/raw/cifar-10/train/44609.png,bird,test,2
data/raw/cifar-10/train/11174.png,truck,test,9
data/raw/cifar-10/train/12283.png,deer,test,4
data/raw/cifar-10/train/49487.png,automobile,test,1
data/raw/cifar-10/train/30262.png,ship,test,8
data/raw/cifar-10/train/19663.png,airplane,test,0
data/raw/cifar-10/train/670.png,deer,test,4
data/raw/cifar-10/train/16849.png,automobile,test,1
data/raw/cifar-10/train/16951.png,cat,test,3
data/raw/cifar-10/train/49730.png,dog,test,5
data/raw/cifar-10/train/37392.png,dog,test,5
data/raw/cifar-10/train/27985.png,bird,test,2
data/raw/cifar-10/train/31572.png,truck,test,9
data/raw/cifar-10/train/44699.png,truck,test,9
data/raw/cifar-10/train/9410.png,horse,test,7
data/raw/cifar-10/train/25157.png,horse,test,7
data/raw/cifar-10/train/35432.png,deer,test,4
data/raw/cifar-10/train/10411.png,dog,test,5
data/raw/cifar-10/train/18210.png,truck,test,9
data/raw/cifar-10/train/20965.png,deer,test,4
data/raw/cifar-10/train/3640.png,bird,test,2
data/raw/cifar-10/train/2868.png,bird,test,2
data/raw/cifar-10/train/40476.png,automobile,test,1
data/raw/cifar-10/train/48828.png,truck,test,9
data/raw/cifar-10/train/659.png,airplane,test,0
data/raw/cifar-10/train/37980.png,automobile,test,1
data/raw/cifar-10/train/45581.png,automobile,test,1
data/raw/cifar-10/train/35811.png,automobile,test,1
data/raw/cifar-10/train/47749.png,horse,test,7
data/raw/cifar-10/train/46553.png,ship,test,8
data/raw/cifar-10/train/21551.png,bird,test,2
data/raw/cifar-10/train/45276.png,cat,test,3
data/raw/cifar-10/train/536.png,dog,test,5
data/raw/cifar-10/train/8924.png,dog,test,5
data/raw/cifar-10/train/29760.png,airplane,test,0
data/raw/cifar-10/train/506.png,deer,test,4
data/raw/cifar-10/train/24419.png,frog,test,6
data/raw/cifar-10/train/39925.png,cat,test,3
data/raw/cifar-10/train/26082.png,airplane,test,0
data/raw/cifar-10/train/4389.png,cat,test,3
data/raw/cifar-10/train/47914.png,dog,test,5
data/raw/cifar-10/train/42472.png,truck,test,9
data/raw/cifar-10/train/48727.png,ship,test,8
data/raw/cifar-10/train/17802.png,deer,test,4
data/raw/cifar-10/train/28202.png,horse,test,7
data/raw/cifar-10/train/35104.png,frog,test,6
data/raw/cifar-10/train/40279.png,frog,test,6
data/raw/cifar-10/train/26342.png,airplane,test,0
data/raw/cifar-10/train/8243.png,airplane,test,0
data/raw/cifar-10/train/8257.png,frog,test,6
data/raw/cifar-10/train/43789.png,truck,test,9
data/raw/cifar-10/train/8161.png,airplane,test,0
data/raw/cifar-10/train/10834.png,bird,test,2
data/raw/cifar-10/train/29431.png,automobile,test,1
data/raw/cifar-10/train/29462.png,horse,test,7
data/raw/cifar-10/train/582.png,deer,test,4
data/raw/cifar-10/train/3795.png,dog,test,5
data/raw/cifar-10/train/13795.png,bird,test,2
data/raw/cifar-10/train/47249.png,bird,test,2
data/raw/cifar-10/train/46600.png,truck,test,9
data/raw/cifar-10/train/39698.png,frog,test,6
data/raw/cifar-10/train/32874.png,airplane,test,0
data/raw/cifar-10/train/13969.png,automobile,test,1
data/raw/cifar-10/train/12188.png,truck,test,9
data/raw/cifar-10/train/19367.png,frog,test,6
data/raw/cifar-10/train/32270.png,horse,test,7
data/raw/cifar-10/train/18174.png,frog,test,6
data/raw/cifar-10/train/46461.png,deer,test,4
data/raw/cifar-10/train/9937.png,truck,test,9
data/raw/cifar-10/train/32096.png,deer,test,4
data/raw/cifar-10/train/39829.png,automobile,test,1
data/raw/cifar-10/train/41294.png,frog,test,6
data/raw/cifar-10/train/15899.png,dog,test,5
data/raw/cifar-10/train/6369.png,cat,test,3
data/raw/cifar-10/train/35593.png,truck,test,9
data/raw/cifar-10/train/37543.png,frog,test,6
data/raw/cifar-10/train/45682.png,bird,test,2
data/raw/cifar-10/train/14727.png,deer,test,4
data/raw/cifar-10/train/18771.png,dog,test,5
data/raw/cifar-10/train/8595.png,ship,test,8
data/raw/cifar-10/train/20158.png,deer,test,4
data/raw/cifar-10/train/24214.png,frog,test,6
data/raw/cifar-10/train/23079.png,deer,test,4
data/raw/cifar-10/train/31583.png,dog,test,5
data/raw/cifar-10/train/40424.png,automobile,test,1
data/raw/cifar-10/train/23520.png,bird,test,2
data/raw/cifar-10/train/40042.png,frog,test,6
data/raw/cifar-10/train/17512.png,airplane,test,0
data/raw/cifar-10/train/6728.png,truck,test,9
data/raw/cifar-10/train/29756.png,dog,test,5
data/raw/cifar-10/train/27953.png,horse,test,7
data/raw/cifar-10/train/8382.png,cat,test,3
data/raw/cifar-10/train/8253.png,dog,test,5
data/raw/cifar-10/train/1913.png,truck,test,9
data/raw/cifar-10/train/7985.png,deer,test,4
data/raw/cifar-10/train/47920.png,dog,test,5
data/raw/cifar-10/train/18486.png,bird,test,2
data/raw/cifar-10/train/12838.png,cat,test,3
data/raw/cifar-10/train/23844.png,bird,test,2
data/raw/cifar-10/train/7556.png,bird,test,2
data/raw/cifar-10/train/35112.png,bird,test,2
data/raw/cifar-10/train/28910.png,dog,test,5
data/raw/cifar-10/train/16653.png,horse,test,7
data/raw/cifar-10/train/14161.png,dog,test,5
data/raw/cifar-10/train/10612.png,cat,test,3
data/raw/cifar-10/train/3147.png,horse,test,7
data/raw/cifar-10/train/35625.png,deer,test,4
data/raw/cifar-10/train/1422.png,automobile,test,1
data/raw/cifar-10/train/1820.png,frog,test,6
data/raw/cifar-10/train/16025.png,deer,test,4
data/raw/cifar-10/train/42891.png,truck,test,9
data/raw/cifar-10/train/20377.png,automobile,test,1
data/raw/cifar-10/train/14974.png,frog,test,6
data/raw/cifar-10/train/26649.png,bird,test,2
data/raw/cifar-10/train/8798.png,airplane,test,0
data/raw/cifar-10/train/17373.png,frog,test,6
data/raw/cifar-10/train/46547.png,dog,test,5
data/raw/cifar-10/train/11149.png,ship,test,8
data/raw/cifar-10/train/46842.png,cat,test,3
data/raw/cifar-10/train/23114.png,airplane,test,0
data/raw/cifar-10/train/28232.png,airplane,test,0
data/raw/cifar-10/train/43600.png,dog,test,5
data/raw/cifar-10/train/15997.png,cat,test,3
data/raw/cifar-10/train/10288.png,truck,test,9
data/raw/cifar-10/train/38796.png,automobile,test,1
data/raw/cifar-10/train/9904.png,bird,test,2
data/raw/cifar-10/train/43341.png,dog,test,5
data/raw/cifar-10/train/45540.png,truck,test,9
data/raw/cifar-10/train/11757.png,frog,test,6
data/raw/cifar-10/train/5688.png,ship,test,8
data/raw/cifar-10/train/10293.png,automobile,test,1
data/raw/cifar-10/train/15807.png,horse,test,7
data/raw/cifar-10/train/35261.png,truck,test,9
data/raw/cifar-10/train/3775.png,truck,test,9
data/raw/cifar-10/train/25065.png,bird,test,2
data/raw/cifar-10/train/39696.png,dog,test,5
data/raw/cifar-10/train/48721.png,horse,test,7
data/raw/cifar-10/train/49912.png,truck,test,9
data/raw/cifar-10/train/6735.png,horse,test,7
data/raw/cifar-10/train/31546.png,truck,test,9
data/raw/cifar-10/train/49622.png,frog,test,6
data/raw/cifar-10/train/5054.png,cat,test,3
data/raw/cifar-10/train/34000.png,airplane,test,0
data/raw/cifar-10/train/25292.png,frog,test,6
data/raw/cifar-10/train/11373.png,airplane,test,0
data/raw/cifar-10/train/23417.png,bird,test,2
data/raw/cifar-10/train/2552.png,truck,test,9
data/raw/cifar-10/train/243.png,frog,test,6
data/raw/cifar-10/train/43950.png,airplane,test,0
data/raw/cifar-10/train/17522.png,horse,test,7
data/raw/cifar-10/train/42366.png,cat,test,3
data/raw/cifar-10/train/31041.png,bird,test,2
data/raw/cifar-10/train/9372.png,cat,test,3
data/raw/cifar-10/train/32830.png,bird,test,2
data/raw/cifar-10/train/28723.png,frog,test,6
data/raw/cifar-10/train/49486.png,horse,test,7
data/raw/cifar-10/train/38580.png,automobile,test,1
data/raw/cifar-10/train/17126.png,ship,test,8
data/raw/cifar-10/train/29722.png,truck,test,9
data/raw/cifar-10/train/41199.png,bird,test,2
data/raw/cifar-10/train/27096.png,frog,test,6
data/raw/cifar-10/train/44889.png,ship,test,8
data/raw/cifar-10/train/32142.png,bird,test,2
data/raw/cifar-10/train/19907.png,deer,test,4
data/raw/cifar-10/train/22031.png,cat,test,3
data/raw/cifar-10/train/16379.png,truck,test,9
data/raw/cifar-10/train/11720.png,frog,test,6
data/raw/cifar-10/train/34115.png,deer,test,4
data/raw/cifar-10/train/20583.png,frog,test,6
data/raw/cifar-10/train/31763.png,ship,test,8
data/raw/cifar-10/train/15855.png,cat,test,3
data/raw/cifar-10/train/12326.png,airplane,test,0
data/raw/cifar-10/train/26919.png,airplane,test,0
data/raw/cifar-10/train/47304.png,truck,test,9
data/raw/cifar-10/train/40883.png,frog,test,6
data/raw/cifar-10/train/34343.png,ship,test,8
data/raw/cifar-10/train/46674.png,bird,test,2
data/raw/cifar-10/train/42032.png,automobile,test,1
data/raw/cifar-10/train/42672.png,frog,test,6
data/raw/cifar-10/train/44286.png,ship,test,8
data/raw/cifar-10/train/9508.png,deer,test,4
data/raw/cifar-10/train/40815.png,automobile,test,1
data/raw/cifar-10/train/24447.png,automobile,test,1
data/raw/cifar-10/train/40497.png,deer,test,4
data/raw/cifar-10/train/11482.png,deer,test,4
data/raw/cifar-10/train/10776.png,ship,test,8
data/raw/cifar-10/train/23736.png,cat,test,3
data/raw/cifar-10/train/12544.png,ship,test,8
data/raw/cifar-10/train/10804.png,dog,test,5
data/raw/cifar-10/train/31822.png,bird,test,2
data/raw/cifar-10/train/28023.png,dog,test,5
data/raw/cifar-10/train/28244.png,horse,test,7
data/raw/cifar-10/train/27359.png,airplane,test,0
data/raw/cifar-10/train/18509.png,airplane,test,0
data/raw/cifar-10/train/41171.png,automobile,test,1
data/raw/cifar-10/train/49475.png,dog,test,5
data/raw/cifar-10/train/48110.png,airplane,test,0
data/raw/cifar-10/train/42792.png,frog,test,6
data/raw/cifar-10/train/47421.png,truck,test,9
data/raw/cifar-10/train/35609.png,airplane,test,0
data/raw/cifar-10/train/5757.png,deer,test,4
data/raw/cifar-10/train/1238.png,frog,test,6
data/raw/cifar-10/train/21784.png,cat,test,3
data/raw/cifar-10/train/22886.png,frog,test,6
data/raw/cifar-10/train/6554.png,airplane,test,0
data/raw/cifar-10/train/30925.png,airplane,test,0
data/raw/cifar-10/train/14638.png,ship,test,8
data/raw/cifar-10/train/16179.png,ship,test,8
data/raw/cifar-10/train/3558.png,dog,test,5
data/raw/cifar-10/train/41695.png,cat,test,3
data/raw/cifar-10/train/46055.png,airplane,test,0
data/raw/cifar-10/train/42260.png,horse,test,7
data/raw/cifar-10/train/30959.png,deer,test,4
data/raw/cifar-10/train/46352.png,truck,test,9
data/raw/cifar-10/train/12323.png,dog,test,5
data/raw/cifar-10/train/36025.png,ship,test,8
data/raw/cifar-10/train/37590.png,dog,test,5
data/raw/cifar-10/train/13444.png,cat,test,3
data/raw/cifar-10/train/27458.png,truck,test,9
data/raw/cifar-10/train/5240.png,horse,test,7
data/raw/cifar-10/train/5801.png,cat,test,3
data/raw/cifar-10/train/6041.png,automobile,test,1
data/raw/cifar-10/train/942.png,cat,test,3
data/raw/cifar-10/train/17182.png,horse,test,7
data/raw/cifar-10/train/31344.png,bird,test,2
data/raw/cifar-10/train/25602.png,horse,test,7
data/raw/cifar-10/train/31498.png,ship,test,8
data/raw/cifar-10/train/464.png,bird,test,2
data/raw/cifar-10/train/4476.png,cat,test,3
data/raw/cifar-10/train/42713.png,frog,test,6
data/raw/cifar-10/train/19460.png,dog,test,5
data/raw/cifar-10/train/45470.png,dog,test,5
data/raw/cifar-10/train/14517.png,deer,test,4
data/raw/cifar-10/train/36626.png,frog,test,6
data/raw/cifar-10/train/48006.png,cat,test,3
data/raw/cifar-10/train/11937.png,bird,test,2
data/raw/cifar-10/train/31627.png,cat,test,3
data/raw/cifar-10/train/2798.png,ship,test,8
data/raw/cifar-10/train/30318.png,bird,test,2
data/raw/cifar-10/train/17821.png,ship,test,8
data/raw/cifar-10/train/7520.png,cat,test,3
data/raw/cifar-10/train/10837.png,ship,test,8
data/raw/cifar-10/train/5302.png,automobile,test,1
data/raw/cifar-10/train/36135.png,airplane,test,0
data/raw/cifar-10/train/13594.png,cat,test,3
data/raw/cifar-10/train/15840.png,airplane,test,0
data/raw/cifar-10/train/28745.png,deer,test,4
data/raw/cifar-10/train/24970.png,dog,test,5
data/raw/cifar-10/train/48426.png,deer,test,4
data/raw/cifar-10/train/25759.png,ship,test,8
data/raw/cifar-10/train/2315.png,dog,test,5
data/raw/cifar-10/train/27013.png,cat,test,3
data/raw/cifar-10/train/38512.png,deer,test,4
data/raw/cifar-10/train/7404.png,frog,test,6
data/raw/cifar-10/train/20932.png,automobile,test,1
data/raw/cifar-10/train/19726.png,ship,test,8
data/raw/cifar-10/train/47325.png,airplane,test,0
data/raw/cifar-10/train/48156.png,dog,test,5
data/raw/cifar-10/train/6325.png,cat,test,3
data/raw/cifar-10/train/21345.png,horse,test,7
data/raw/cifar-10/train/23442.png,bird,test,2
data/raw/cifar-10/train/12317.png,cat,test,3
data/raw/cifar-10/train/8309.png,truck,test,9
data/raw/cifar-10/train/47767.png,airplane,test,0
data/raw/cifar-10/train/26171.png,ship,test,8
data/raw/cifar-10/train/19554.png,horse,test,7
data/raw/cifar-10/train/19471.png,truck,test,9
data/raw/cifar-10/train/11296.png,bird,test,2
data/raw/cifar-10/train/10703.png,ship,test,8
data/raw/cifar-10/train/41244.png,airplane,test,0
data/raw/cifar-10/train/7287.png,automobile,test,1
data/raw/cifar-10/train/8644.png,horse,test,7
data/raw/cifar-10/train/41020.png,airplane,test,0
data/raw/cifar-10/train/16330.png,truck,test,9
data/raw/cifar-10/train/36360.png,automobile,test,1
data/raw/cifar-10/train/28373.png,deer,test,4
data/raw/cifar-10/train/26574.png,cat,test,3
data/raw/cifar-10/train/34932.png,dog,test,5
data/raw/cifar-10/train/24759.png,horse,test,7
data/raw/cifar-10/train/13121.png,frog,test,6
data/raw/cifar-10/train/545.png,bird,test,2
data/raw/cifar-10/train/41325.png,airplane,test,0
data/raw/cifar-10/train/4312.png,airplane,test,0
data/raw/cifar-10/train/38410.png,frog,test,6
data/raw/cifar-10/train/6206.png,cat,test,3
data/raw/cifar-10/train/46672.png,horse,test,7
data/raw/cifar-10/train/11838.png,horse,test,7
data/raw/cifar-10/train/20934.png,automobile,test,1
data/raw/cifar-10/train/33621.png,truck,test,9
data/raw/cifar-10/train/9815.png,frog,test,6
data/raw/cifar-10/train/46903.png,airplane,test,0
data/raw/cifar-10/train/25094.png,ship,test,8
data/raw/cifar-10/train/22518.png,cat,test,3
data/raw/cifar-10/train/4287.png,deer,test,4
data/raw/cifar-10/train/49842.png,horse,test,7
data/raw/cifar-10/train/968.png,ship,test,8
data/raw/cifar-10/train/1195.png,frog,test,6
data/raw/cifar-10/train/20782.png,automobile,test,1
data/raw/cifar-10/train/13836.png,airplane,test,0
data/raw/cifar-10/train/41239.png,airplane,test,0
data/raw/cifar-10/train/28372.png,truck,test,9
data/raw/cifar-10/train/15619.png,ship,test,8
data/raw/cifar-10/train/43386.png,cat,test,3
data/raw/cifar-10/train/17124.png,deer,test,4
data/raw/cifar-10/train/20956.png,truck,test,9
data/raw/cifar-10/train/8152.png,cat,test,3
data/raw/cifar-10/train/18463.png,cat,test,3
data/raw/cifar-10/train/2635.png,dog,test,5
data/raw/cifar-10/train/6127.png,bird,test,2
data/raw/cifar-10/train/4241.png,airplane,test,0
data/raw/cifar-10/train/4702.png,truck,test,9
data/raw/cifar-10/train/46602.png,horse,test,7
data/raw/cifar-10/train/22489.png,frog,test,6
data/raw/cifar-10/train/39489.png,deer,test,4
data/raw/cifar-10/train/23497.png,bird,test,2
data/raw/cifar-10/train/5461.png,automobile,test,1
data/raw/cifar-10/train/24436.png,ship,test,8
data/raw/cifar-10/train/15944.png,dog,test,5
data/raw/cifar-10/train/17290.png,truck,test,9
data/raw/cifar-10/train/45089.png,airplane,test,0
